Workbook

Sheet TAM_DOLU İĞNELİ_DÜZ_RİB_GRAMAJ
B1: DÜZ RİBANA; 100 MAYDAKİ İPLİK UZUNLUKLARINA GÖRE ORTALAMA MAMÜL GRAMAJLARI
A2: 18 | B2: İPLİK NUMARALARI
A3: FAYN | B3: 100 | C3: 80 | D3: 60 | E3: 50 | F3: 40 | G3: 39 | H3: 38 | I3: 37 | J3: 36 | K3: 35 | L3: 34 | M3: 33 | N3: 32 | O3: 31 | P3: 30 | Q3: 29 | R3: 28 | S3: 27 | T3: 26 | U3: 25 | V3: 24 | W3: 23 | X3: 22 | Y3: 21 | Z3: 20 | AA3: 19 | AB3: 18 | AC3: 17 | AD3: 16 | AE3: 15 | AF3: 14 | AG3: 13 | AH3: 12 | AI3: 11 | AJ3: 10
A4: 45 cm | B4: =(C3*C4)/(B3) -> 34.5 | C4: =(D3*D4)/(C3) -> 43.125 | D4: =(E3*E4)/(D3) -> 57.5 | E4: =(F3*F4)/(E3) -> 69 | F4: =(G3*G4)/(F3) -> 86.25 | G4: =(H3*H4)/(G3) -> 88.461538 | H4: =(I3*I4)/(H3) -> 90.789474 | I4: =(J3*J4)/(I3) -> 93.243243 | ... O4: =(P3*P4)/(O3) -> 111.29032 | P4: 115 | Q4: =(P3*P4)/(Q3) -> 118.96552 | R4: =(Q3*Q4)/(R3) -> 123.21429 | S4: =(R3*R4)/(S3) -> 127.77778 | T4: =(S3*S4)/(T3) -> 132.69231 | U4: =(T3*T4)/(U3) -> 138 | V4: =(U3*U4)/(V3) -> 143.75 | W4: =(V3*V4)/(W3) -> 150 | X4: =(W3*W4)/(X3) -> 156.81818 | ... AJ4: =(AI3*AI4)/(AJ3) -> 345
A5: 44 cm | B5: =(C3*C5)/(B3) -> 36 | C5: =(D3*D5)/(C3) -> 45 | D5: =(E3*E5)/(D3) -> 60 | E5: =(F3*F5)/(E3) -> 72 | F5: =(G3*G5)/(F3) -> 90 | G5: =(H3*H5)/(G3) -> 92.307692 | H5: =(I3*I5)/(H3) -> 94.736842 | I5: =(J3*J5)/(I3) -> 97.297297 | ... O5: =(P3*P5)/(O3) -> 116.12903 | P5: 120 | Q5: =(P3*P5)/(Q3) -> 124.13793 | R5: =(Q3*Q5)/(R3) -> 128.57143 | S5: =(R3*R5)/(S3) -> 133.33333 | T5: =(S3*S5)/(T3) -> 138.46154 | U5: =(T3*T5)/(U3) -> 144 | V5: =(U3*U5)/(V3) -> 150 | W5: =(V3*V5)/(W3) -> 156.52174 | X5: =(W3*W5)/(X3) -> 163.63636 | ... AJ5: =(AI3*AI5)/(AJ3) -> 360
A6: 43 cm | B6: =(C3*C6)/(B3) -> 37.5 | C6: =(D3*D6)/(C3) -> 46.875 | D6: =(E3*E6)/(D3) -> 62.5 | E6: =(F3*F6)/(E3) -> 75 | F6: =(G3*G6)/(F3) -> 93.75 | G6: =(H3*H6)/(G3) -> 96.153846 | H6: =(I3*I6)/(H3) -> 98.684211 | I6: =(J3*J6)/(I3) -> 101.35135 | ... O6: =(P3*P6)/(O3) -> 120.96774 | P6: 125 | Q6: =(P3*P6)/(Q3) -> 129.31034 | R6: =(Q3*Q6)/(R3) -> 133.92857 | S6: =(R3*R6)/(S3) -> 138.88889 | T6: =(S3*S6)/(T3) -> 144.23077 | U6: =(T3*T6)/(U3) -> 150 | V6: =(U3*U6)/(V3) -> 156.25 | W6: =(V3*V6)/(W3) -> 163.04348 | X6: =(W3*W6)/(X3) -> 170.45455 | ... AJ6: =(AI3*AI6)/(AJ3) -> 375
A7: 42 cm | B7: =(C3*C7)/(B3) -> 39 | C7: =(D3*D7)/(C3) -> 48.75 | D7: =(E3*E7)/(D3) -> 65 | E7: =(F3*F7)/(E3) -> 78 | F7: =(G3*G7)/(F3) -> 97.5 | G7: =(H3*H7)/(G3) -> 100 | H7: =(I3*I7)/(H3) -> 102.63158 | I7: =(J3*J7)/(I3) -> 105.40541 | ... O7: =(P3*P7)/(O3) -> 125.80645 | P7: 130 | Q7: =(P3*P7)/(Q3) -> 134.48276 | R7: =(Q3*Q7)/(R3) -> 139.28571 | S7: =(R3*R7)/(S3) -> 144.44444 | T7: =(S3*S7)/(T3) -> 150 | U7: =(T3*T7)/(U3) -> 156 | V7: =(U3*U7)/(V3) -> 162.5 | W7: =(V3*V7)/(W3) -> 169.56522 | X7: =(W3*W7)/(X3) -> 177.27273 | ... AJ7: =(AI3*AI7)/(AJ3) -> 390
A8: 41 cm | B8: =(C3*C8)/(B3) -> 40.5 | C8: =(D3*D8)/(C3) -> 50.625 | D8: =(E3*E8)/(D3) -> 67.5 | E8: =(F3*F8)/(E3) -> 81 | F8: =(G3*G8)/(F3) -> 101.25 | G8: =(H3*H8)/(G3) -> 103.84615 | H8: =(I3*I8)/(H3) -> 106.57895 | I8: =(J3*J8)/(I3) -> 109.45946 | ... O8: =(P3*P8)/(O3) -> 130.64516 | P8: 135 | Q8: =(P3*P8)/(Q3) -> 139.65517 | R8: =(Q3*Q8)/(R3) -> 144.64286 | S8: =(R3*R8)/(S3) -> 150 | T8: =(S3*S8)/(T3) -> 155.76923 | U8: =(T3*T8)/(U3) -> 162 | V8: =(U3*U8)/(V3) -> 168.75 | W8: =(V3*V8)/(W3) -> 176.08696 | X8: =(W3*W8)/(X3) -> 184.09091 | ... AJ8: =(AI3*AI8)/(AJ3) -> 405
A9: 40 cm | B9: =(C3*C9)/(B3) -> 42 | C9: =(D3*D9)/(C3) -> 52.5 | D9: =(E3*E9)/(D3) -> 70 | E9: =(F3*F9)/(E3) -> 84 | F9: =(G3*G9)/(F3) -> 105 | G9: =(H3*H9)/(G3) -> 107.69231 | H9: =(I3*I9)/(H3) -> 110.52632 | I9: =(J3*J9)/(I3) -> 113.51351 | ... O9: =(P3*P9)/(O3) -> 135.48387 | P9: 140 | Q9: =(P3*P9)/(Q3) -> 144.82759 | R9: =(Q3*Q9)/(R3) -> 150 | S9: =(R3*R9)/(S3) -> 155.55556 | T9: =(S3*S9)/(T3) -> 161.53846 | U9: =(T3*T9)/(U3) -> 168 | V9: =(U3*U9)/(V3) -> 175 | W9: =(V3*V9)/(W3) -> 182.6087 | X9: =(W3*W9)/(X3) -> 190.90909 | ... AJ9: =(AI3*AI9)/(AJ3) -> 420
A10: 39 cm | B10: =(C3*C10)/(B3) -> 43.5 | C10: =(D3*D10)/(C3) -> 54.375 | D10: =(E3*E10)/(D3) -> 72.5 | E10: =(F3*F10)/(E3) -> 87 | F10: =(G3*G10)/(F3) -> 108.75 | G10: =(H3*H10)/(G3) -> 111.53846 | H10: =(I3*I10)/(H3) -> 114.47368 | I10: =(J3*J10)/(I3) -> 117.56757 | ... O10: =(P3*P10)/(O3) -> 140.32258 | P10: 145 | Q10: =(P3*P10)/(Q3) -> 150 | R10: =(Q3*Q10)/(R3) -> 155.35714 | S10: =(R3*R10)/(S3) -> 161.11111 | T10: =(S3*S10)/(T3) -> 167.30769 | U10: =(T3*T10)/(U3) -> 174 | V10: =(U3*U10)/(V3) -> 181.25 | W10: =(V3*V10)/(W3) -> 189.13043 | X10: =(W3*W10)/(X3) -> 197.72727 | ... AJ10: =(AI3*AI10)/(AJ3) -> 435
A11: 38 cm | B11: =(C3*C11)/(B3) -> 45 | C11: =(D3*D11)/(C3) -> 56.25 | D11: =(E3*E11)/(D3) -> 75 | E11: =(F3*F11)/(E3) -> 90 | F11: =(G3*G11)/(F3) -> 112.5 | G11: =(H3*H11)/(G3) -> 115.38462 | H11: =(I3*I11)/(H3) -> 118.42105 | I11: =(J3*J11)/(I3) -> 121.62162 | ... O11: =(P3*P11)/(O3) -> 145.16129 | P11: 150 | Q11: =(P3*P11)/(Q3) -> 155.17241 | R11: =(Q3*Q11)/(R3) -> 160.71429 | S11: =(R3*R11)/(S3) -> 166.66667 | T11: =(S3*S11)/(T3) -> 173.07692 | U11: =(T3*T11)/(U3) -> 180 | V11: =(U3*U11)/(V3) -> 187.5 | W11: =(V3*V11)/(W3) -> 195.65217 | X11: =(W3*W11)/(X3) -> 204.54545 | ... AJ11: =(AI3*AI11)/(AJ3) -> 450
A12: 37 cm | B12: =(C3*C12)/(B3) -> 46.5 | C12: =(D3*D12)/(C3) -> 58.125 | D12: =(E3*E12)/(D3) -> 77.5 | E12: =(F3*F12)/(E3) -> 93 | F12: =(G3*G12)/(F3) -> 116.25 | G12: =(H3*H12)/(G3) -> 119.23077 | H12: =(I3*I12)/(H3) -> 122.36842 | I12: =(J3*J12)/(I3) -> 125.67568 | ... O12: =(P3*P12)/(O3) -> 150 | P12: 155 | Q12: =(P3*P12)/(Q3) -> 160.34483 | R12: =(Q3*Q12)/(R3) -> 166.07143 | S12: =(R3*R12)/(S3) -> 172.22222 | T12: =(S3*S12)/(T3) -> 178.84615 | U12: =(T3*T12)/(U3) -> 186 | V12: =(U3*U12)/(V3) -> 193.75 | W12: =(V3*V12)/(W3) -> 202.17391 | X12: =(W3*W12)/(X3) -> 211.36364 | ... AJ12: =(AI3*AI12)/(AJ3) -> 465
A13: 36 cm | B13: =(C3*C13)/(B3) -> 48 | C13: =(D3*D13)/(C3) -> 60 | D13: =(E3*E13)/(D3) -> 80 | E13: =(F3*F13)/(E3) -> 96 | F13: =(G3*G13)/(F3) -> 120 | G13: =(H3*H13)/(G3) -> 123.07692 | H13: =(I3*I13)/(H3) -> 126.31579 | I13: =(J3*J13)/(I3) -> 129.72973 | ... O13: =(P3*P13)/(O3) -> 154.83871 | P13: 160 | Q13: =(P3*P13)/(Q3) -> 165.51724 | R13: =(Q3*Q13)/(R3) -> 171.42857 | S13: =(R3*R13)/(S3) -> 177.77778 | T13: =(S3*S13)/(T3) -> 184.61538 | U13: =(T3*T13)/(U3) -> 192 | V13: =(U3*U13)/(V3) -> 200 | W13: =(V3*V13)/(W3) -> 208.69565 | X13: =(W3*W13)/(X3) -> 218.18182 | ... AJ13: =(AI3*AI13)/(AJ3) -> 480
A14: 35 cm | B14: =(C3*C14)/(B3) -> 49.5 | C14: =(D3*D14)/(C3) -> 61.875 | D14: =(E3*E14)/(D3) -> 82.5 | E14: =(F3*F14)/(E3) -> 99 | F14: =(G3*G14)/(F3) -> 123.75 | G14: =(H3*H14)/(G3) -> 126.92308 | H14: =(I3*I14)/(H3) -> 130.26316 | I14: =(J3*J14)/(I3) -> 133.78378 | ... O14: =(P3*P14)/(O3) -> 159.67742 | P14: 165 | Q14: =(P3*P14)/(Q3) -> 170.68966 | R14: =(Q3*Q14)/(R3) -> 176.78571 | S14: =(R3*R14)/(S3) -> 183.33333 | T14: =(S3*S14)/(T3) -> 190.38462 | U14: =(T3*T14)/(U3) -> 198 | V14: =(U3*U14)/(V3) -> 206.25 | W14: =(V3*V14)/(W3) -> 215.21739 | X14: =(W3*W14)/(X3) -> 225 | ... AJ14: =(AI3*AI14)/(AJ3) -> 495
A15: 34 cm | B15: =(C3*C15)/(B3) -> 51 | C15: =(D3*D15)/(C3) -> 63.75 | D15: =(E3*E15)/(D3) -> 85 | E15: =(F3*F15)/(E3) -> 102 | F15: =(G3*G15)/(F3) -> 127.5 | G15: =(H3*H15)/(G3) -> 130.76923 | H15: =(I3*I15)/(H3) -> 134.21053 | I15: =(J3*J15)/(I3) -> 137.83784 | ... O15: =(P3*P15)/(O3) -> 164.51613 | P15: 170 | Q15: =(P3*P15)/(Q3) -> 175.86207 | R15: =(Q3*Q15)/(R3) -> 182.14286 | S15: =(R3*R15)/(S3) -> 188.88889 | T15: =(S3*S15)/(T3) -> 196.15385 | U15: =(T3*T15)/(U3) -> 204 | V15: =(U3*U15)/(V3) -> 212.5 | W15: =(V3*V15)/(W3) -> 221.73913 | X15: =(W3*W15)/(X3) -> 231.81818 | ... AJ15: =(AI3*AI15)/(AJ3) -> 510
A16: 33 cm | B16: =(C3*C16)/(B3) -> 52.5 | C16: =(D3*D16)/(C3) -> 65.625 | D16: =(E3*E16)/(D3) -> 87.5 | E16: =(F3*F16)/(E3) -> 105 | F16: =(G3*G16)/(F3) -> 131.25 | G16: =(H3*H16)/(G3) -> 134.61538 | H16: =(I3*I16)/(H3) -> 138.15789 | I16: =(J3*J16)/(I3) -> 141.89189 | ... O16: =(P3*P16)/(O3) -> 169.35484 | P16: 175 | Q16: =(P3*P16)/(Q3) -> 181.03448 | R16: =(Q3*Q16)/(R3) -> 187.5 | S16: =(R3*R16)/(S3) -> 194.44444 | T16: =(S3*S16)/(T3) -> 201.92308 | U16: =(T3*T16)/(U3) -> 210 | V16: =(U3*U16)/(V3) -> 218.75 | W16: =(V3*V16)/(W3) -> 228.26087 | X16: =(W3*W16)/(X3) -> 238.63636 | ... AJ16: =(AI3*AI16)/(AJ3) -> 525
A17: 32 cm | B17: =(C3*C17)/(B3) -> 54 | C17: =(D3*D17)/(C3) -> 67.5 | D17: =(E3*E17)/(D3) -> 90 | E17: =(F3*F17)/(E3) -> 108 | F17: =(G3*G17)/(F3) -> 135 | G17: =(H3*H17)/(G3) -> 138.46154 | H17: =(I3*I17)/(H3) -> 142.10526 | I17: =(J3*J17)/(I3) -> 145.94595 | ... O17: =(P3*P17)/(O3) -> 174.19355 | P17: 180 | Q17: =(P3*P17)/(Q3) -> 186.2069 | R17: =(Q3*Q17)/(R3) -> 192.85714 | S17: =(R3*R17)/(S3) -> 200 | T17: =(S3*S17)/(T3) -> 207.69231 | U17: =(T3*T17)/(U3) -> 216 | V17: =(U3*U17)/(V3) -> 225 | W17: =(V3*V17)/(W3) -> 234.78261 | X17: =(W3*W17)/(X3) -> 245.45455 | ... AJ17: =(AI3*AI17)/(AJ3) -> 540
A18: 31 cm | B18: =(C3*C18)/(B3) -> 55.5 | C18: =(D3*D18)/(C3) -> 69.375 | D18: =(E3*E18)/(D3) -> 92.5 | E18: =(F3*F18)/(E3) -> 111 | F18: =(G3*G18)/(F3) -> 138.75 | G18: =(H3*H18)/(G3) -> 142.30769 | H18: =(I3*I18)/(H3) -> 146.05263 | I18: =(J3*J18)/(I3) -> 150 | ... O18: =(P3*P18)/(O3) -> 179.03226 | P18: 185 | Q18: =(P3*P18)/(Q3) -> 191.37931 | R18: =(Q3*Q18)/(R3) -> 198.21429 | S18: =(R3*R18)/(S3) -> 205.55556 | T18: =(S3*S18)/(T3) -> 213.46154 | U18: =(T3*T18)/(U3) -> 222 | V18: =(U3*U18)/(V3) -> 231.25 | W18: =(V3*V18)/(W3) -> 241.30435 | X18: =(W3*W18)/(X3) -> 252.27273 | ... AJ18: =(AI3*AI18)/(AJ3) -> 555
A19: 30 cm | B19: =(C3*C19)/(B3) -> 57 | C19: =(D3*D19)/(C3) -> 71.25 | D19: =(E3*E19)/(D3) -> 95 | E19: =(F3*F19)/(E3) -> 114 | F19: =(G3*G19)/(F3) -> 142.5 | G19: =(H3*H19)/(G3) -> 146.15385 | H19: =(I3*I19)/(H3) -> 150 | I19: =(J3*J19)/(I3) -> 154.05405 | ... O19: =(P3*P19)/(O3) -> 183.87097 | P19: 190 | Q19: =(P3*P19)/(Q3) -> 196.55172 | R19: =(Q3*Q19)/(R3) -> 203.57143 | S19: =(R3*R19)/(S3) -> 211.11111 | T19: =(S3*S19)/(T3) -> 219.23077 | U19: =(T3*T19)/(U3) -> 228 | V19: =(U3*U19)/(V3) -> 237.5 | W19: =(V3*V19)/(W3) -> 247.82609 | X19: =(W3*W19)/(X3) -> 259.09091 | ... AJ19: =(AI3*AI19)/(AJ3) -> 570
A20: 29 cm | B20: =(C3*C20)/(B3) -> 58.5 | C20: =(D3*D20)/(C3) -> 73.125 | D20: =(E3*E20)/(D3) -> 97.5 | E20: =(F3*F20)/(E3) -> 117 | F20: =(G3*G20)/(F3) -> 146.25 | G20: =(H3*H20)/(G3) -> 150 | H20: =(I3*I20)/(H3) -> 153.94737 | I20: =(J3*J20)/(I3) -> 158.10811 | ... O20: =(P3*P20)/(O3) -> 188.70968 | P20: 195 | Q20: =(P3*P20)/(Q3) -> 201.72414 | R20: =(Q3*Q20)/(R3) -> 208.92857 | S20: =(R3*R20)/(S3) -> 216.66667 | T20: =(S3*S20)/(T3) -> 225 | U20: =(T3*T20)/(U3) -> 234 | V20: =(U3*U20)/(V3) -> 243.75 | W20: =(V3*V20)/(W3) -> 254.34783 | X20: =(W3*W20)/(X3) -> 265.90909 | ... AJ20: =(AI3*AI20)/(AJ3) -> 585
A21: 28 cm | B21: =(C3*C21)/(B3) -> 60 | C21: =(D3*D21)/(C3) -> 75 | D21: =(E3*E21)/(D3) -> 100 | E21: =(F3*F21)/(E3) -> 120 | F21: =(G3*G21)/(F3) -> 150 | G21: =(H3*H21)/(G3) -> 153.84615 | H21: =(I3*I21)/(H3) -> 157.89474 | I21: =(J3*J21)/(I3) -> 162.16216 | ... O21: =(P3*P21)/(O3) -> 193.54839 | P21: 200 | Q21: =(P3*P21)/(Q3) -> 206.89655 | R21: =(Q3*Q21)/(R3) -> 214.28571 | S21: =(R3*R21)/(S3) -> 222.22222 | T21: =(S3*S21)/(T3) -> 230.76923 | U21: =(T3*T21)/(U3) -> 240 | V21: =(U3*U21)/(V3) -> 250 | W21: =(V3*V21)/(W3) -> 260.86957 | X21: =(W3*W21)/(X3) -> 272.72727 | ... AJ21: =(AI3*AI21)/(AJ3) -> 600
A22: 27 cm | B22: =(C3*C22)/(B3) -> 61.5 | C22: =(D3*D22)/(C3) -> 76.875 | D22: =(E3*E22)/(D3) -> 102.5 | E22: =(F3*F22)/(E3) -> 123 | F22: =(G3*G22)/(F3) -> 153.75 | G22: =(H3*H22)/(G3) -> 157.69231 | H22: =(I3*I22)/(H3) -> 161.84211 | I22: =(J3*J22)/(I3) -> 166.21622 | ... O22: =(P3*P22)/(O3) -> 198.3871 | P22: 205 | Q22: =(P3*P22)/(Q3) -> 212.06897 | R22: =(Q3*Q22)/(R3) -> 219.64286 | S22: =(R3*R22)/(S3) -> 227.77778 | T22: =(S3*S22)/(T3) -> 236.53846 | U22: =(T3*T22)/(U3) -> 246 | V22: =(U3*U22)/(V3) -> 256.25 | W22: =(V3*V22)/(W3) -> 267.3913 | X22: =(W3*W22)/(X3) -> 279.54545 | ... AJ22: =(AI3*AI22)/(AJ3) -> 615
A23: 26 cm | B23: =(C3*C23)/(B3) -> 63 | C23: =(D3*D23)/(C3) -> 78.75 | D23: =(E3*E23)/(D3) -> 105 | E23: =(F3*F23)/(E3) -> 126 | F23: =(G3*G23)/(F3) -> 157.5 | G23: =(H3*H23)/(G3) -> 161.53846 | H23: =(I3*I23)/(H3) -> 165.78947 | I23: =(J3*J23)/(I3) -> 170.27027 | ... O23: =(P3*P23)/(O3) -> 203.22581 | P23: 210 | Q23: =(P3*P23)/(Q3) -> 217.24138 | R23: =(Q3*Q23)/(R3) -> 225 | S23: =(R3*R23)/(S3) -> 233.33333 | T23: =(S3*S23)/(T3) -> 242.30769 | U23: =(T3*T23)/(U3) -> 252 | V23: =(U3*U23)/(V3) -> 262.5 | W23: =(V3*V23)/(W3) -> 273.91304 | X23: =(W3*W23)/(X3) -> 286.36364 | ... AJ23: =(AI3*AI23)/(AJ3) -> 630
A24: 25 cm | B24: =(C3*C24)/(B3) -> 64.5 | C24: =(D3*D24)/(C3) -> 80.625 | D24: =(E3*E24)/(D3) -> 107.5 | E24: =(F3*F24)/(E3) -> 129 | F24: =(G3*G24)/(F3) -> 161.25 | G24: =(H3*H24)/(G3) -> 165.38462 | H24: =(I3*I24)/(H3) -> 169.73684 | I24: =(J3*J24)/(I3) -> 174.32432 | ... O24: =(P3*P24)/(O3) -> 208.06452 | P24: 215 | Q24: =(P3*P24)/(Q3) -> 222.41379 | R24: =(Q3*Q24)/(R3) -> 230.35714 | S24: =(R3*R24)/(S3) -> 238.88889 | T24: =(S3*S24)/(T3) -> 248.07692 | U24: =(T3*T24)/(U3) -> 258 | V24: =(U3*U24)/(V3) -> 268.75 | W24: =(V3*V24)/(W3) -> 280.43478 | X24: =(W3*W24)/(X3) -> 293.18182 | ... AJ24: =(AI3*AI24)/(AJ3) -> 645
A25: 24 cm | B25: =(C3*C25)/(B3) -> 66 | C25: =(D3*D25)/(C3) -> 82.5 | D25: =(E3*E25)/(D3) -> 110 | E25: =(F3*F25)/(E3) -> 132 | F25: =(G3*G25)/(F3) -> 165 | G25: =(H3*H25)/(G3) -> 169.23077 | H25: =(I3*I25)/(H3) -> 173.68421 | I25: =(J3*J25)/(I3) -> 178.37838 | ... O25: =(P3*P25)/(O3) -> 212.90323 | P25: 220 | Q25: =(P3*P25)/(Q3) -> 227.58621 | R25: =(Q3*Q25)/(R3) -> 235.71429 | S25: =(R3*R25)/(S3) -> 244.44444 | T25: =(S3*S25)/(T3) -> 253.84615 | U25: =(T3*T25)/(U3) -> 264 | V25: =(U3*U25)/(V3) -> 275 | W25: =(V3*V25)/(W3) -> 286.95652 | X25: =(W3*W25)/(X3) -> 300 | ... AJ25: =(AI3*AI25)/(AJ3) -> 660
A26: 23 cm | B26: =(C3*C26)/(B3) -> 67.5 | C26: =(D3*D26)/(C3) -> 84.375 | D26: =(E3*E26)/(D3) -> 112.5 | E26: =(F3*F26)/(E3) -> 135 | F26: =(G3*G26)/(F3) -> 168.75 | G26: =(H3*H26)/(G3) -> 173.07692 | H26: =(I3*I26)/(H3) -> 177.63158 | I26: =(J3*J26)/(I3) -> 182.43243 | ... O26: =(P3*P26)/(O3) -> 217.74194 | P26: 225 | Q26: =(P3*P26)/(Q3) -> 232.75862 | R26: =(Q3*Q26)/(R3) -> 241.07143 | S26: =(R3*R26)/(S3) -> 250 | T26: =(S3*S26)/(T3) -> 259.61538 | U26: =(T3*T26)/(U3) -> 270 | V26: =(U3*U26)/(V3) -> 281.25 | W26: =(V3*V26)/(W3) -> 293.47826 | X26: =(W3*W26)/(X3) -> 306.81818 | ... AJ26: =(AI3*AI26)/(AJ3) -> 675
A27: 22 cm | B27: =(C3*C27)/(B3) -> 69 | C27: =(D3*D27)/(C3) -> 86.25 | D27: =(E3*E27)/(D3) -> 115 | E27: =(F3*F27)/(E3) -> 138 | F27: =(G3*G27)/(F3) -> 172.5 | G27: =(H3*H27)/(G3) -> 176.92308 | H27: =(I3*I27)/(H3) -> 181.57895 | I27: =(J3*J27)/(I3) -> 186.48649 | ... O27: =(P3*P27)/(O3) -> 222.58065 | P27: 230 | Q27: =(P3*P27)/(Q3) -> 237.93103 | R27: =(Q3*Q27)/(R3) -> 246.42857 | S27: =(R3*R27)/(S3) -> 255.55556 | T27: =(S3*S27)/(T3) -> 265.38462 | U27: =(T3*T27)/(U3) -> 276 | V27: =(U3*U27)/(V3) -> 287.5 | W27: =(V3*V27)/(W3) -> 300 | X27: =(W3*W27)/(X3) -> 313.63636 | ... AJ27: =(AI3*AI27)/(AJ3) -> 690
A28: 21 cm | B28: =(C3*C28)/(B3) -> 70.5 | C28: =(D3*D28)/(C3) -> 88.125 | D28: =(E3*E28)/(D3) -> 117.5 | E28: =(F3*F28)/(E3) -> 141 | F28: =(G3*G28)/(F3) -> 176.25 | G28: =(H3*H28)/(G3) -> 180.76923 | H28: =(I3*I28)/(H3) -> 185.52632 | I28: =(J3*J28)/(I3) -> 190.54054 | ... O28: =(P3*P28)/(O3) -> 227.41935 | P28: 235 | Q28: =(P3*P28)/(Q3) -> 243.10345 | R28: =(Q3*Q28)/(R3) -> 251.78571 | S28: =(R3*R28)/(S3) -> 261.11111 | T28: =(S3*S28)/(T3) -> 271.15385 | U28: =(T3*T28)/(U3) -> 282 | V28: =(U3*U28)/(V3) -> 293.75 | W28: =(V3*V28)/(W3) -> 306.52174 | X28: =(W3*W28)/(X3) -> 320.45455 | ... AJ28: =(AI3*AI28)/(AJ3) -> 705
A29: 20 cm | B29: =(C3*C29)/(B3) -> 72 | C29: =(D3*D29)/(C3) -> 90 | D29: =(E3*E29)/(D3) -> 120 | E29: =(F3*F29)/(E3) -> 144 | F29: =(G3*G29)/(F3) -> 180 | G29: =(H3*H29)/(G3) -> 184.61538 | H29: =(I3*I29)/(H3) -> 189.47368 | I29: =(J3*J29)/(I3) -> 194.59459 | ... O29: =(P3*P29)/(O3) -> 232.25806 | P29: 240 | Q29: =(P3*P29)/(Q3) -> 248.27586 | R29: =(Q3*Q29)/(R3) -> 257.14286 | S29: =(R3*R29)/(S3) -> 266.66667 | T29: =(S3*S29)/(T3) -> 276.92308 | U29: =(T3*T29)/(U3) -> 288 | V29: =(U3*U29)/(V3) -> 300 | W29: =(V3*V29)/(W3) -> 313.04348 | X29: =(W3*W29)/(X3) -> 327.27273 | ... AJ29: =(AI3*AI29)/(AJ3) -> 720
A30: 19 cm | B30: =(C3*C30)/(B3) -> 73.5 | C30: =(D3*D30)/(C3) -> 91.875 | D30: =(E3*E30)/(D3) -> 122.5 | E30: =(F3*F30)/(E3) -> 147 | F30: =(G3*G30)/(F3) -> 183.75 | G30: =(H3*H30)/(G3) -> 188.46154 | H30: =(I3*I30)/(H3) -> 193.42105 | I30: =(J3*J30)/(I3) -> 198.64865 | ... O30: =(P3*P30)/(O3) -> 237.09677 | P30: 245 | Q30: =(P3*P30)/(Q3) -> 253.44828 | R30: =(Q3*Q30)/(R3) -> 262.5 | S30: =(R3*R30)/(S3) -> 272.22222 | T30: =(S3*S30)/(T3) -> 282.69231 | U30: =(T3*T30)/(U3) -> 294 | V30: =(U3*U30)/(V3) -> 306.25 | W30: =(V3*V30)/(W3) -> 319.56522 | X30: =(W3*W30)/(X3) -> 334.09091 | ... AJ30: =(AI3*AI30)/(AJ3) -> 735
A31: 18 cm | B31: =(C3*C31)/(B3) -> 75 | C31: =(D3*D31)/(C3) -> 93.75 | D31: =(E3*E31)/(D3) -> 125 | E31: =(F3*F31)/(E3) -> 150 | F31: =(G3*G31)/(F3) -> 187.5 | G31: =(H3*H31)/(G3) -> 192.30769 | H31: =(I3*I31)/(H3) -> 197.36842 | I31: =(J3*J31)/(I3) -> 202.7027 | ... O31: =(P3*P31)/(O3) -> 241.93548 | P31: 250 | Q31: =(P3*P31)/(Q3) -> 258.62069 | R31: =(Q3*Q31)/(R3) -> 267.85714 | S31: =(R3*R31)/(S3) -> 277.77778 | T31: =(S3*S31)/(T3) -> 288.46154 | U31: =(T3*T31)/(U3) -> 300 | V31: =(U3*U31)/(V3) -> 312.5 | W31: =(V3*V31)/(W3) -> 326.08696 | X31: =(W3*W31)/(X3) -> 340.90909 | ... AJ31: =(AI3*AI31)/(AJ3) -> 750
A32: 17 cm | B32: =(C3*C32)/(B3) -> 76.5 | C32: =(D3*D32)/(C3) -> 95.625 | D32: =(E3*E32)/(D3) -> 127.5 | E32: =(F3*F32)/(E3) -> 153 | F32: =(G3*G32)/(F3) -> 191.25 | G32: =(H3*H32)/(G3) -> 196.15385 | H32: =(I3*I32)/(H3) -> 201.31579 | I32: =(J3*J32)/(I3) -> 206.75676 | ... O32: =(P3*P32)/(O3) -> 246.77419 | P32: 255 | Q32: =(P3*P32)/(Q3) -> 263.7931 | R32: =(Q3*Q32)/(R3) -> 273.21429 | S32: =(R3*R32)/(S3) -> 283.33333 | T32: =(S3*S32)/(T3) -> 294.23077 | U32: =(T3*T32)/(U3) -> 306 | V32: =(U3*U32)/(V3) -> 318.75 | W32: =(V3*V32)/(W3) -> 332.6087 | X32: =(W3*W32)/(X3) -> 347.72727 | ... AJ32: =(AI3*AI32)/(AJ3) -> 765
A33: 16 cm | B33: =(C3*C33)/(B3) -> 78 | C33: =(D3*D33)/(C3) -> 97.5 | D33: =(E3*E33)/(D3) -> 130 | E33: =(F3*F33)/(E3) -> 156 | F33: =(G3*G33)/(F3) -> 195 | G33: =(H3*H33)/(G3) -> 200 | H33: =(I3*I33)/(H3) -> 205.26316 | I33: =(J3*J33)/(I3) -> 210.81081 | ... O33: =(P3*P33)/(O3) -> 251.6129 | P33: 260 | Q33: =(P3*P33)/(Q3) -> 268.96552 | R33: =(Q3*Q33)/(R3) -> 278.57143 | S33: =(R3*R33)/(S3) -> 288.88889 | T33: =(S3*S33)/(T3) -> 300 | U33: =(T3*T33)/(U3) -> 312 | V33: =(U3*U33)/(V3) -> 325 | W33: =(V3*V33)/(W3) -> 339.13043 | X33: =(W3*W33)/(X3) -> 354.54545 | ... AJ33: =(AI3*AI33)/(AJ3) -> 780
A34: 15 cm | B34: =(C3*C34)/(B3) -> 79.5 | C34: =(D3*D34)/(C3) -> 99.375 | D34: =(E3*E34)/(D3) -> 132.5 | E34: =(F3*F34)/(E3) -> 159 | F34: =(G3*G34)/(F3) -> 198.75 | G34: =(H3*H34)/(G3) -> 203.84615 | H34: =(I3*I34)/(H3) -> 209.21053 | I34: =(J3*J34)/(I3) -> 214.86486 | ... O34: =(P3*P34)/(O3) -> 256.45161 | P34: 265 | Q34: =(P3*P34)/(Q3) -> 274.13793 | R34: =(Q3*Q34)/(R3) -> 283.92857 | S34: =(R3*R34)/(S3) -> 294.44444 | T34: =(S3*S34)/(T3) -> 305.76923 | U34: =(T3*T34)/(U3) -> 318 | V34: =(U3*U34)/(V3) -> 331.25 | W34: =(V3*V34)/(W3) -> 345.65217 | X34: =(W3*W34)/(X3) -> 361.36364 | ... AJ34: =(AI3*AI34)/(AJ3) -> 795
C35: NOT:Çizelgede belirtilen iplik uzunluklarına;Orta renklerde 2mm,Koyu renklerde 4mm daha ilave ekle (hesaplama 18 fayna göre yapılmıştır)
B37: DÜZ RİBANA; 100 MAYDAKİ İPLİK UZUNLUKLARINA GÖRE ORTALAMA MAMÜL GRAMAJLARI
A38: 17 | B38: İPLİK NUMARALARI
A39: FAYN | B39: 100 | C39: 80 | D39: 60 | E39: 50 | F39: 40 | G39: 39 | H39: 38 | I39: 37 | J39: 36 | K39: 35 | L39: 34 | M39: 33 | N39: 32 | O39: 31 | P39: 30 | Q39: 29 | R39: 28 | S39: 27 | T39: 26 | U39: 25 | V39: 24 | W39: 23 | X39: 22 | Y39: 21 | Z39: 20 | AA39: 19 | AB39: 18 | AC39: 17 | AD39: 16 | AE39: 15 | AF39: 14 | AG39: 13 | AH39: 12 | AI39: 11 | AJ39: 10
A40: 45 cm | B40: =(C39*C40)/(B39) -> 33.6 | C40: =(D39*D40)/(C39) -> 42 | D40: =(E39*E40)/(D39) -> 56 | E40: =(F39*F40)/(E39) -> 67.2 | F40: =(G39*G40)/(F39) -> 84 | G40: =(H39*H40)/(G39) -> 86.153846 | H40: =(I39*I40)/(H39) -> 88.421053 | I40: =(J39*J40)/(I39) -> 90.810811 | ... O40: =(P39*P40)/(O39) -> 108.3871 | P40: 112 | Q40: =(P39*P40)/(Q39) -> 115.86207 | R40: =(Q39*Q40)/(R39) -> 120 | S40: =(R39*R40)/(S39) -> 124.44444 | T40: =(S39*S40)/(T39) -> 129.23077 | U40: =(T39*T40)/(U39) -> 134.4 | V40: =(U39*U40)/(V39) -> 140 | W40: =(V39*V40)/(W39) -> 146.08696 | X40: =(W39*W40)/(X39) -> 152.72727 | ... AJ40: =(AI39*AI40)/(AJ39) -> 336
A41: 44 cm | B41: =(C39*C41)/(B39) -> 34.5 | C41: =(D39*D41)/(C39) -> 43.125 | D41: =(E39*E41)/(D39) -> 57.5 | E41: =(F39*F41)/(E39) -> 69 | F41: =(G39*G41)/(F39) -> 86.25 | G41: =(H39*H41)/(G39) -> 88.461538 | H41: =(I39*I41)/(H39) -> 90.789474 | I41: =(J39*J41)/(I39) -> 93.243243 | ... O41: =(P39*P41)/(O39) -> 111.29032 | P41: 115 | Q41: =(P39*P41)/(Q39) -> 118.96552 | R41: =(Q39*Q41)/(R39) -> 123.21429 | S41: =(R39*R41)/(S39) -> 127.77778 | T41: =(S39*S41)/(T39) -> 132.69231 | U41: =(T39*T41)/(U39) -> 138 | V41: =(U39*U41)/(V39) -> 143.75 | W41: =(V39*V41)/(W39) -> 150 | X41: =(W39*W41)/(X39) -> 156.81818 | ... AJ41: =(AI39*AI41)/(AJ39) -> 345
A42: 43 cm | B42: =(C39*C42)/(B39) -> 35.1 | C42: =(D39*D42)/(C39) -> 43.875 | D42: =(E39*E42)/(D39) -> 58.5 | E42: =(F39*F42)/(E39) -> 70.2 | F42: =(G39*G42)/(F39) -> 87.75 | G42: =(H39*H42)/(G39) -> 90 | H42: =(I39*I42)/(H39) -> 92.368421 | I42: =(J39*J42)/(I39) -> 94.864865 | ... O42: =(P39*P42)/(O39) -> 113.22581 | P42: 117 | Q42: =(P39*P42)/(Q39) -> 121.03448 | R42: =(Q39*Q42)/(R39) -> 125.35714 | S42: =(R39*R42)/(S39) -> 130 | T42: =(S39*S42)/(T39) -> 135 | U42: =(T39*T42)/(U39) -> 140.4 | V42: =(U39*U42)/(V39) -> 146.25 | W42: =(V39*V42)/(W39) -> 152.6087 | X42: =(W39*W42)/(X39) -> 159.54545 | ... AJ42: =(AI39*AI42)/(AJ39) -> 351
A43: 42 cm | B43: =(C39*C43)/(B39) -> 36 | C43: =(D39*D43)/(C39) -> 45 | D43: =(E39*E43)/(D39) -> 60 | E43: =(F39*F43)/(E39) -> 72 | F43: =(G39*G43)/(F39) -> 90 | G43: =(H39*H43)/(G39) -> 92.307692 | H43: =(I39*I43)/(H39) -> 94.736842 | I43: =(J39*J43)/(I39) -> 97.297297 | ... O43: =(P39*P43)/(O39) -> 116.12903 | P43: 120 | Q43: =(P39*P43)/(Q39) -> 124.13793 | R43: =(Q39*Q43)/(R39) -> 128.57143 | S43: =(R39*R43)/(S39) -> 133.33333 | T43: =(S39*S43)/(T39) -> 138.46154 | U43: =(T39*T43)/(U39) -> 144 | V43: =(U39*U43)/(V39) -> 150 | W43: =(V39*V43)/(W39) -> 156.52174 | X43: =(W39*W43)/(X39) -> 163.63636 | ... AJ43: =(AI39*AI43)/(AJ39) -> 360
A44: 41 cm | B44: =(C39*C44)/(B39) -> 36.9 | C44: =(D39*D44)/(C39) -> 46.125 | D44: =(E39*E44)/(D39) -> 61.5 | E44: =(F39*F44)/(E39) -> 73.8 | F44: =(G39*G44)/(F39) -> 92.25 | G44: =(H39*H44)/(G39) -> 94.615385 | H44: =(I39*I44)/(H39) -> 97.105263 | I44: =(J39*J44)/(I39) -> 99.72973 | ... O44: =(P39*P44)/(O39) -> 119.03226 | P44: 123 | Q44: =(P39*P44)/(Q39) -> 127.24138 | R44: =(Q39*Q44)/(R39) -> 131.78571 | S44: =(R39*R44)/(S39) -> 136.66667 | T44: =(S39*S44)/(T39) -> 141.92308 | U44: =(T39*T44)/(U39) -> 147.6 | V44: =(U39*U44)/(V39) -> 153.75 | W44: =(V39*V44)/(W39) -> 160.43478 | X44: =(W39*W44)/(X39) -> 167.72727 | ... AJ44: =(AI39*AI44)/(AJ39) -> 369
A45: 40 cm | B45: =(C39*C45)/(B39) -> 37.8 | C45: =(D39*D45)/(C39) -> 47.25 | D45: =(E39*E45)/(D39) -> 63 | E45: =(F39*F45)/(E39) -> 75.6 | F45: =(G39*G45)/(F39) -> 94.5 | G45: =(H39*H45)/(G39) -> 96.923077 | H45: =(I39*I45)/(H39) -> 99.473684 | I45: =(J39*J45)/(I39) -> 102.16216 | ... O45: =(P39*P45)/(O39) -> 121.93548 | P45: 126 | Q45: =(P39*P45)/(Q39) -> 130.34483 | R45: =(Q39*Q45)/(R39) -> 135 | S45: =(R39*R45)/(S39) -> 140 | T45: =(S39*S45)/(T39) -> 145.38462 | U45: =(T39*T45)/(U39) -> 151.2 | V45: =(U39*U45)/(V39) -> 157.5 | W45: =(V39*V45)/(W39) -> 164.34783 | X45: =(W39*W45)/(X39) -> 171.81818 | ... AJ45: =(AI39*AI45)/(AJ39) -> 378
A46: 39 cm | B46: =(C39*C46)/(B39) -> 38.7 | C46: =(D39*D46)/(C39) -> 48.375 | D46: =(E39*E46)/(D39) -> 64.5 | E46: =(F39*F46)/(E39) -> 77.4 | F46: =(G39*G46)/(F39) -> 96.75 | G46: =(H39*H46)/(G39) -> 99.230769 | H46: =(I39*I46)/(H39) -> 101.84211 | I46: =(J39*J46)/(I39) -> 104.59459 | ... O46: =(P39*P46)/(O39) -> 124.83871 | P46: 129 | Q46: =(P39*P46)/(Q39) -> 133.44828 | R46: =(Q39*Q46)/(R39) -> 138.21429 | S46: =(R39*R46)/(S39) -> 143.33333 | T46: =(S39*S46)/(T39) -> 148.84615 | U46: =(T39*T46)/(U39) -> 154.8 | V46: =(U39*U46)/(V39) -> 161.25 | W46: =(V39*V46)/(W39) -> 168.26087 | X46: =(W39*W46)/(X39) -> 175.90909 | ... AJ46: =(AI39*AI46)/(AJ39) -> 387
A47: 38 cm | B47: =(C39*C47)/(B39) -> 39.9 | C47: =(D39*D47)/(C39) -> 49.875 | D47: =(E39*E47)/(D39) -> 66.5 | E47: =(F39*F47)/(E39) -> 79.8 | F47: =(G39*G47)/(F39) -> 99.75 | G47: =(H39*H47)/(G39) -> 102.30769 | H47: =(I39*I47)/(H39) -> 105 | I47: =(J39*J47)/(I39) -> 107.83784 | ... O47: =(P39*P47)/(O39) -> 128.70968 | P47: 133 | Q47: =(P39*P47)/(Q39) -> 137.58621 | R47: =(Q39*Q47)/(R39) -> 142.5 | S47: =(R39*R47)/(S39) -> 147.77778 | T47: =(S39*S47)/(T39) -> 153.46154 | U47: =(T39*T47)/(U39) -> 159.6 | V47: =(U39*U47)/(V39) -> 166.25 | W47: =(V39*V47)/(W39) -> 173.47826 | X47: =(W39*W47)/(X39) -> 181.36364 | ... AJ47: =(AI39*AI47)/(AJ39) -> 399
A48: 37 cm | B48: =(C39*C48)/(B39) -> 40.8 | C48: =(D39*D48)/(C39) -> 51 | D48: =(E39*E48)/(D39) -> 68 | E48: =(F39*F48)/(E39) -> 81.6 | F48: =(G39*G48)/(F39) -> 102 | G48: =(H39*H48)/(G39) -> 104.61538 | H48: =(I39*I48)/(H39) -> 107.36842 | I48: =(J39*J48)/(I39) -> 110.27027 | ... O48: =(P39*P48)/(O39) -> 131.6129 | P48: 136 | Q48: =(P39*P48)/(Q39) -> 140.68966 | R48: =(Q39*Q48)/(R39) -> 145.71429 | S48: =(R39*R48)/(S39) -> 151.11111 | T48: =(S39*S48)/(T39) -> 156.92308 | U48: =(T39*T48)/(U39) -> 163.2 | V48: =(U39*U48)/(V39) -> 170 | W48: =(V39*V48)/(W39) -> 177.3913 | X48: =(W39*W48)/(X39) -> 185.45455 | ... AJ48: =(AI39*AI48)/(AJ39) -> 408
A49: 36 cm | B49: =(C39*C49)/(B39) -> 42 | C49: =(D39*D49)/(C39) -> 52.5 | D49: =(E39*E49)/(D39) -> 70 | E49: =(F39*F49)/(E39) -> 84 | F49: =(G39*G49)/(F39) -> 105 | G49: =(H39*H49)/(G39) -> 107.69231 | H49: =(I39*I49)/(H39) -> 110.52632 | I49: =(J39*J49)/(I39) -> 113.51351 | ... O49: =(P39*P49)/(O39) -> 135.48387 | P49: 140 | Q49: =(P39*P49)/(Q39) -> 144.82759 | R49: =(Q39*Q49)/(R39) -> 150 | S49: =(R39*R49)/(S39) -> 155.55556 | T49: =(S39*S49)/(T39) -> 161.53846 | U49: =(T39*T49)/(U39) -> 168 | V49: =(U39*U49)/(V39) -> 175 | W49: =(V39*V49)/(W39) -> 182.6087 | X49: =(W39*W49)/(X39) -> 190.90909 | ... AJ49: =(AI39*AI49)/(AJ39) -> 420
A50: 35 cm | B50: =(C39*C50)/(B39) -> 43.2 | C50: =(D39*D50)/(C39) -> 54 | D50: =(E39*E50)/(D39) -> 72 | E50: =(F39*F50)/(E39) -> 86.4 | F50: =(G39*G50)/(F39) -> 108 | G50: =(H39*H50)/(G39) -> 110.76923 | H50: =(I39*I50)/(H39) -> 113.68421 | I50: =(J39*J50)/(I39) -> 116.75676 | ... O50: =(P39*P50)/(O39) -> 139.35484 | P50: 144 | Q50: =(P39*P50)/(Q39) -> 148.96552 | R50: =(Q39*Q50)/(R39) -> 154.28571 | S50: =(R39*R50)/(S39) -> 160 | T50: =(S39*S50)/(T39) -> 166.15385 | U50: =(T39*T50)/(U39) -> 172.8 | V50: =(U39*U50)/(V39) -> 180 | W50: =(V39*V50)/(W39) -> 187.82609 | X50: =(W39*W50)/(X39) -> 196.36364 | ... AJ50: =(AI39*AI50)/(AJ39) -> 432
A51: 34 cm | B51: =(C39*C51)/(B39) -> 44.4 | C51: =(D39*D51)/(C39) -> 55.5 | D51: =(E39*E51)/(D39) -> 74 | E51: =(F39*F51)/(E39) -> 88.8 | F51: =(G39*G51)/(F39) -> 111 | G51: =(H39*H51)/(G39) -> 113.84615 | H51: =(I39*I51)/(H39) -> 116.84211 | I51: =(J39*J51)/(I39) -> 120 | ... O51: =(P39*P51)/(O39) -> 143.22581 | P51: 148 | Q51: =(P39*P51)/(Q39) -> 153.10345 | R51: =(Q39*Q51)/(R39) -> 158.57143 | S51: =(R39*R51)/(S39) -> 164.44444 | T51: =(S39*S51)/(T39) -> 170.76923 | U51: =(T39*T51)/(U39) -> 177.6 | V51: =(U39*U51)/(V39) -> 185 | W51: =(V39*V51)/(W39) -> 193.04348 | X51: =(W39*W51)/(X39) -> 201.81818 | ... AJ51: =(AI39*AI51)/(AJ39) -> 444
A52: 33 cm | B52: =(C39*C52)/(B39) -> 45.9 | C52: =(D39*D52)/(C39) -> 57.375 | D52: =(E39*E52)/(D39) -> 76.5 | E52: =(F39*F52)/(E39) -> 91.8 | F52: =(G39*G52)/(F39) -> 114.75 | G52: =(H39*H52)/(G39) -> 117.69231 | H52: =(I39*I52)/(H39) -> 120.78947 | I52: =(J39*J52)/(I39) -> 124.05405 | ... O52: =(P39*P52)/(O39) -> 148.06452 | P52: 153 | Q52: =(P39*P52)/(Q39) -> 158.27586 | R52: =(Q39*Q52)/(R39) -> 163.92857 | S52: =(R39*R52)/(S39) -> 170 | T52: =(S39*S52)/(T39) -> 176.53846 | U52: =(T39*T52)/(U39) -> 183.6 | V52: =(U39*U52)/(V39) -> 191.25 | W52: =(V39*V52)/(W39) -> 199.56522 | X52: =(W39*W52)/(X39) -> 208.63636 | ... AJ52: =(AI39*AI52)/(AJ39) -> 459
A53: 32 cm | B53: =(C39*C53)/(B39) -> 47.4 | C53: =(D39*D53)/(C39) -> 59.25 | D53: =(E39*E53)/(D39) -> 79 | E53: =(F39*F53)/(E39) -> 94.8 | F53: =(G39*G53)/(F39) -> 118.5 | G53: =(H39*H53)/(G39) -> 121.53846 | H53: =(I39*I53)/(H39) -> 124.73684 | I53: =(J39*J53)/(I39) -> 128.10811 | ... O53: =(P39*P53)/(O39) -> 152.90323 | P53: 158 | Q53: =(P39*P53)/(Q39) -> 163.44828 | R53: =(Q39*Q53)/(R39) -> 169.28571 | S53: =(R39*R53)/(S39) -> 175.55556 | T53: =(S39*S53)/(T39) -> 182.30769 | U53: =(T39*T53)/(U39) -> 189.6 | V53: =(U39*U53)/(V39) -> 197.5 | W53: =(V39*V53)/(W39) -> 206.08696 | X53: =(W39*W53)/(X39) -> 215.45455 | ... AJ53: =(AI39*AI53)/(AJ39) -> 474
A54: 31 cm | B54: =(C39*C54)/(B39) -> 48.9 | C54: =(D39*D54)/(C39) -> 61.125 | D54: =(E39*E54)/(D39) -> 81.5 | E54: =(F39*F54)/(E39) -> 97.8 | F54: =(G39*G54)/(F39) -> 122.25 | G54: =(H39*H54)/(G39) -> 125.38462 | H54: =(I39*I54)/(H39) -> 128.68421 | I54: =(J39*J54)/(I39) -> 132.16216 | ... O54: =(P39*P54)/(O39) -> 157.74194 | P54: 163 | Q54: =(P39*P54)/(Q39) -> 168.62069 | R54: =(Q39*Q54)/(R39) -> 174.64286 | S54: =(R39*R54)/(S39) -> 181.11111 | T54: =(S39*S54)/(T39) -> 188.07692 | U54: =(T39*T54)/(U39) -> 195.6 | V54: =(U39*U54)/(V39) -> 203.75 | W54: =(V39*V54)/(W39) -> 212.6087 | X54: =(W39*W54)/(X39) -> 222.27273 | ... AJ54: =(AI39*AI54)/(AJ39) -> 489
A55: 30 cm | B55: =(C39*C55)/(B39) -> 50.4 | C55: =(D39*D55)/(C39) -> 63 | D55: =(E39*E55)/(D39) -> 84 | E55: =(F39*F55)/(E39) -> 100.8 | F55: =(G39*G55)/(F39) -> 126 | G55: =(H39*H55)/(G39) -> 129.23077 | H55: =(I39*I55)/(H39) -> 132.63158 | I55: =(J39*J55)/(I39) -> 136.21622 | ... O55: =(P39*P55)/(O39) -> 162.58065 | P55: 168 | Q55: =(P39*P55)/(Q39) -> 173.7931 | R55: =(Q39*Q55)/(R39) -> 180 | S55: =(R39*R55)/(S39) -> 186.66667 | T55: =(S39*S55)/(T39) -> 193.84615 | U55: =(T39*T55)/(U39) -> 201.6 | V55: =(U39*U55)/(V39) -> 210 | W55: =(V39*V55)/(W39) -> 219.13043 | X55: =(W39*W55)/(X39) -> 229.09091 | ... AJ55: =(AI39*AI55)/(AJ39) -> 504
A56: 29 cm | B56: =(C39*C56)/(B39) -> 52.2 | C56: =(D39*D56)/(C39) -> 65.25 | D56: =(E39*E56)/(D39) -> 87 | E56: =(F39*F56)/(E39) -> 104.4 | F56: =(G39*G56)/(F39) -> 130.5 | G56: =(H39*H56)/(G39) -> 133.84615 | H56: =(I39*I56)/(H39) -> 137.36842 | I56: =(J39*J56)/(I39) -> 141.08108 | ... O56: =(P39*P56)/(O39) -> 168.3871 | P56: 174 | Q56: =(P39*P56)/(Q39) -> 180 | R56: =(Q39*Q56)/(R39) -> 186.42857 | S56: =(R39*R56)/(S39) -> 193.33333 | T56: =(S39*S56)/(T39) -> 200.76923 | U56: =(T39*T56)/(U39) -> 208.8 | V56: =(U39*U56)/(V39) -> 217.5 | W56: =(V39*V56)/(W39) -> 226.95652 | X56: =(W39*W56)/(X39) -> 237.27273 | ... AJ56: =(AI39*AI56)/(AJ39) -> 522
A57: 28 cm | B57: =(C39*C57)/(B39) -> 54 | C57: =(D39*D57)/(C39) -> 67.5 | D57: =(E39*E57)/(D39) -> 90 | E57: =(F39*F57)/(E39) -> 108 | F57: =(G39*G57)/(F39) -> 135 | G57: =(H39*H57)/(G39) -> 138.46154 | H57: =(I39*I57)/(H39) -> 142.10526 | I57: =(J39*J57)/(I39) -> 145.94595 | ... O57: =(P39*P57)/(O39) -> 174.19355 | P57: 180 | Q57: =(P39*P57)/(Q39) -> 186.2069 | R57: =(Q39*Q57)/(R39) -> 192.85714 | S57: =(R39*R57)/(S39) -> 200 | T57: =(S39*S57)/(T39) -> 207.69231 | U57: =(T39*T57)/(U39) -> 216 | V57: =(U39*U57)/(V39) -> 225 | W57: =(V39*V57)/(W39) -> 234.78261 | X57: =(W39*W57)/(X39) -> 245.45455 | ... AJ57: =(AI39*AI57)/(AJ39) -> 540
A58: 27 cm | B58: =(C39*C58)/(B39) -> 56.1 | C58: =(D39*D58)/(C39) -> 70.125 | D58: =(E39*E58)/(D39) -> 93.5 | E58: =(F39*F58)/(E39) -> 112.2 | F58: =(G39*G58)/(F39) -> 140.25 | G58: =(H39*H58)/(G39) -> 143.84615 | H58: =(I39*I58)/(H39) -> 147.63158 | I58: =(J39*J58)/(I39) -> 151.62162 | ... O58: =(P39*P58)/(O39) -> 180.96774 | P58: 187 | Q58: =(P39*P58)/(Q39) -> 193.44828 | R58: =(Q39*Q58)/(R39) -> 200.35714 | S58: =(R39*R58)/(S39) -> 207.77778 | T58: =(S39*S58)/(T39) -> 215.76923 | U58: =(T39*T58)/(U39) -> 224.4 | V58: =(U39*U58)/(V39) -> 233.75 | W58: =(V39*V58)/(W39) -> 243.91304 | X58: =(W39*W58)/(X39) -> 255 | ... AJ58: =(AI39*AI58)/(AJ39) -> 561
A59: 26 cm | B59: =(C39*C59)/(B39) -> 58.2 | C59: =(D39*D59)/(C39) -> 72.75 | D59: =(E39*E59)/(D39) -> 97 | E59: =(F39*F59)/(E39) -> 116.4 | F59: =(G39*G59)/(F39) -> 145.5 | G59: =(H39*H59)/(G39) -> 149.23077 | H59: =(I39*I59)/(H39) -> 153.15789 | I59: =(J39*J59)/(I39) -> 157.2973 | ... O59: =(P39*P59)/(O39) -> 187.74194 | P59: 194 | Q59: =(P39*P59)/(Q39) -> 200.68966 | R59: =(Q39*Q59)/(R39) -> 207.85714 | S59: =(R39*R59)/(S39) -> 215.55556 | T59: =(S39*S59)/(T39) -> 223.84615 | U59: =(T39*T59)/(U39) -> 232.8 | V59: =(U39*U59)/(V39) -> 242.5 | W59: =(V39*V59)/(W39) -> 253.04348 | X59: =(W39*W59)/(X39) -> 264.54545 | ... AJ59: =(AI39*AI59)/(AJ39) -> 582
A60: 25 cm | B60: =(C39*C60)/(B39) -> 60.6 | C60: =(D39*D60)/(C39) -> 75.75 | D60: =(E39*E60)/(D39) -> 101 | E60: =(F39*F60)/(E39) -> 121.2 | F60: =(G39*G60)/(F39) -> 151.5 | G60: =(H39*H60)/(G39) -> 155.38462 | H60: =(I39*I60)/(H39) -> 159.47368 | I60: =(J39*J60)/(I39) -> 163.78378 | ... O60: =(P39*P60)/(O39) -> 195.48387 | P60: 202 | Q60: =(P39*P60)/(Q39) -> 208.96552 | R60: =(Q39*Q60)/(R39) -> 216.42857 | S60: =(R39*R60)/(S39) -> 224.44444 | T60: =(S39*S60)/(T39) -> 233.07692 | U60: =(T39*T60)/(U39) -> 242.4 | V60: =(U39*U60)/(V39) -> 252.5 | W60: =(V39*V60)/(W39) -> 263.47826 | X60: =(W39*W60)/(X39) -> 275.45455 | ... AJ60: =(AI39*AI60)/(AJ39) -> 606
A61: 24 cm | B61: =(C39*C61)/(B39) -> 63 | C61: =(D39*D61)/(C39) -> 78.75 | D61: =(E39*E61)/(D39) -> 105 | E61: =(F39*F61)/(E39) -> 126 | F61: =(G39*G61)/(F39) -> 157.5 | G61: =(H39*H61)/(G39) -> 161.53846 | H61: =(I39*I61)/(H39) -> 165.78947 | I61: =(J39*J61)/(I39) -> 170.27027 | ... O61: =(P39*P61)/(O39) -> 203.22581 | P61: 210 | Q61: =(P39*P61)/(Q39) -> 217.24138 | R61: =(Q39*Q61)/(R39) -> 225 | S61: =(R39*R61)/(S39) -> 233.33333 | T61: =(S39*S61)/(T39) -> 242.30769 | U61: =(T39*T61)/(U39) -> 252 | V61: =(U39*U61)/(V39) -> 262.5 | W61: =(V39*V61)/(W39) -> 273.91304 | X61: =(W39*W61)/(X39) -> 286.36364 | ... AJ61: =(AI39*AI61)/(AJ39) -> 630
A62: 23 cm | B62: =(C39*C62)/(B39) -> 65.7 | C62: =(D39*D62)/(C39) -> 82.125 | D62: =(E39*E62)/(D39) -> 109.5 | E62: =(F39*F62)/(E39) -> 131.4 | F62: =(G39*G62)/(F39) -> 164.25 | G62: =(H39*H62)/(G39) -> 168.46154 | H62: =(I39*I62)/(H39) -> 172.89474 | I62: =(J39*J62)/(I39) -> 177.56757 | ... O62: =(P39*P62)/(O39) -> 211.93548 | P62: 219 | Q62: =(P39*P62)/(Q39) -> 226.55172 | R62: =(Q39*Q62)/(R39) -> 234.64286 | S62: =(R39*R62)/(S39) -> 243.33333 | T62: =(S39*S62)/(T39) -> 252.69231 | U62: =(T39*T62)/(U39) -> 262.8 | V62: =(U39*U62)/(V39) -> 273.75 | W62: =(V39*V62)/(W39) -> 285.65217 | X62: =(W39*W62)/(X39) -> 298.63636 | ... AJ62: =(AI39*AI62)/(AJ39) -> 657
A63: 22 cm | B63: =(C39*C63)/(B39) -> 68.7 | C63: =(D39*D63)/(C39) -> 85.875 | D63: =(E39*E63)/(D39) -> 114.5 | E63: =(F39*F63)/(E39) -> 137.4 | F63: =(G39*G63)/(F39) -> 171.75 | G63: =(H39*H63)/(G39) -> 176.15385 | H63: =(I39*I63)/(H39) -> 180.78947 | I63: =(J39*J63)/(I39) -> 185.67568 | ... O63: =(P39*P63)/(O39) -> 221.6129 | P63: 229 | Q63: =(P39*P63)/(Q39) -> 236.89655 | R63: =(Q39*Q63)/(R39) -> 245.35714 | S63: =(R39*R63)/(S39) -> 254.44444 | T63: =(S39*S63)/(T39) -> 264.23077 | U63: =(T39*T63)/(U39) -> 274.8 | V63: =(U39*U63)/(V39) -> 286.25 | W63: =(V39*V63)/(W39) -> 298.69565 | X63: =(W39*W63)/(X39) -> 312.27273 | ... AJ63: =(AI39*AI63)/(AJ39) -> 687
A64: 21 cm | B64: =(C39*C64)/(B39) -> 72 | C64: =(D39*D64)/(C39) -> 90 | D64: =(E39*E64)/(D39) -> 120 | E64: =(F39*F64)/(E39) -> 144 | F64: =(G39*G64)/(F39) -> 180 | G64: =(H39*H64)/(G39) -> 184.61538 | H64: =(I39*I64)/(H39) -> 189.47368 | I64: =(J39*J64)/(I39) -> 194.59459 | ... O64: =(P39*P64)/(O39) -> 232.25806 | P64: 240 | Q64: =(P39*P64)/(Q39) -> 248.27586 | R64: =(Q39*Q64)/(R39) -> 257.14286 | S64: =(R39*R64)/(S39) -> 266.66667 | T64: =(S39*S64)/(T39) -> 276.92308 | U64: =(T39*T64)/(U39) -> 288 | V64: =(U39*U64)/(V39) -> 300 | W64: =(V39*V64)/(W39) -> 313.04348 | X64: =(W39*W64)/(X39) -> 327.27273 | ... AJ64: =(AI39*AI64)/(AJ39) -> 720
A65: 20 cm | B65: =(C39*C65)/(B39) -> 75.6 | C65: =(D39*D65)/(C39) -> 94.5 | D65: =(E39*E65)/(D39) -> 126 | E65: =(F39*F65)/(E39) -> 151.2 | F65: =(G39*G65)/(F39) -> 189 | G65: =(H39*H65)/(G39) -> 193.84615 | H65: =(I39*I65)/(H39) -> 198.94737 | I65: =(J39*J65)/(I39) -> 204.32432 | ... O65: =(P39*P65)/(O39) -> 243.87097 | P65: 252 | Q65: =(P39*P65)/(Q39) -> 260.68966 | R65: =(Q39*Q65)/(R39) -> 270 | S65: =(R39*R65)/(S39) -> 280 | T65: =(S39*S65)/(T39) -> 290.76923 | U65: =(T39*T65)/(U39) -> 302.4 | V65: =(U39*U65)/(V39) -> 315 | W65: =(V39*V65)/(W39) -> 328.69565 | X65: =(W39*W65)/(X39) -> 343.63636 | ... AJ65: =(AI39*AI65)/(AJ39) -> 756
A66: 19 cm | B66: =(C39*C66)/(B39) -> 79.5 | C66: =(D39*D66)/(C39) -> 99.375 | D66: =(E39*E66)/(D39) -> 132.5 | E66: =(F39*F66)/(E39) -> 159 | F66: =(G39*G66)/(F39) -> 198.75 | G66: =(H39*H66)/(G39) -> 203.84615 | H66: =(I39*I66)/(H39) -> 209.21053 | I66: =(J39*J66)/(I39) -> 214.86486 | ... O66: =(P39*P66)/(O39) -> 256.45161 | P66: 265 | Q66: =(P39*P66)/(Q39) -> 274.13793 | R66: =(Q39*Q66)/(R39) -> 283.92857 | S66: =(R39*R66)/(S39) -> 294.44444 | T66: =(S39*S66)/(T39) -> 305.76923 | U66: =(T39*T66)/(U39) -> 318 | V66: =(U39*U66)/(V39) -> 331.25 | W66: =(V39*V66)/(W39) -> 345.65217 | X66: =(W39*W66)/(X39) -> 361.36364 | ... AJ66: =(AI39*AI66)/(AJ39) -> 795
A67: 18 cm | B67: =(C39*C67)/(B39) -> 84 | C67: =(D39*D67)/(C39) -> 105 | D67: =(E39*E67)/(D39) -> 140 | E67: =(F39*F67)/(E39) -> 168 | F67: =(G39*G67)/(F39) -> 210 | G67: =(H39*H67)/(G39) -> 215.38462 | H67: =(I39*I67)/(H39) -> 221.05263 | I67: =(J39*J67)/(I39) -> 227.02703 | ... O67: =(P39*P67)/(O39) -> 270.96774 | P67: 280 | Q67: =(P39*P67)/(Q39) -> 289.65517 | R67: =(Q39*Q67)/(R39) -> 300 | S67: =(R39*R67)/(S39) -> 311.11111 | T67: =(S39*S67)/(T39) -> 323.07692 | U67: =(T39*T67)/(U39) -> 336 | V67: =(U39*U67)/(V39) -> 350 | W67: =(V39*V67)/(W39) -> 365.21739 | X67: =(W39*W67)/(X39) -> 381.81818 | ... AJ67: =(AI39*AI67)/(AJ39) -> 840
A68: 17 cm | B68: =(C39*C68)/(B39) -> 88.8 | C68: =(D39*D68)/(C39) -> 111 | D68: =(E39*E68)/(D39) -> 148 | E68: =(F39*F68)/(E39) -> 177.6 | F68: =(G39*G68)/(F39) -> 222 | G68: =(H39*H68)/(G39) -> 227.69231 | H68: =(I39*I68)/(H39) -> 233.68421 | I68: =(J39*J68)/(I39) -> 240 | ... O68: =(P39*P68)/(O39) -> 286.45161 | P68: 296 | Q68: =(P39*P68)/(Q39) -> 306.2069 | R68: =(Q39*Q68)/(R39) -> 317.14286 | S68: =(R39*R68)/(S39) -> 328.88889 | T68: =(S39*S68)/(T39) -> 341.53846 | U68: =(T39*T68)/(U39) -> 355.2 | V68: =(U39*U68)/(V39) -> 370 | W68: =(V39*V68)/(W39) -> 386.08696 | X68: =(W39*W68)/(X39) -> 403.63636 | ... AJ68: =(AI39*AI68)/(AJ39) -> 888
A69: 16 cm | B69: =(C39*C69)/(B39) -> 94.5 | C69: =(D39*D69)/(C39) -> 118.125 | D69: =(E39*E69)/(D39) -> 157.5 | E69: =(F39*F69)/(E39) -> 189 | F69: =(G39*G69)/(F39) -> 236.25 | G69: =(H39*H69)/(G39) -> 242.30769 | H69: =(I39*I69)/(H39) -> 248.68421 | I69: =(J39*J69)/(I39) -> 255.40541 | ... O69: =(P39*P69)/(O39) -> 304.83871 | P69: 315 | Q69: =(P39*P69)/(Q39) -> 325.86207 | R69: =(Q39*Q69)/(R39) -> 337.5 | S69: =(R39*R69)/(S39) -> 350 | T69: =(S39*S69)/(T39) -> 363.46154 | U69: =(T39*T69)/(U39) -> 378 | V69: =(U39*U69)/(V39) -> 393.75 | W69: =(V39*V69)/(W39) -> 410.86957 | X69: =(W39*W69)/(X39) -> 429.54545 | ... AJ69: =(AI39*AI69)/(AJ39) -> 945
A70: 15 cm | B70: =(C39*C70)/(B39) -> 100.8 | C70: =(D39*D70)/(C39) -> 126 | D70: =(E39*E70)/(D39) -> 168 | E70: =(F39*F70)/(E39) -> 201.6 | F70: =(G39*G70)/(F39) -> 252 | G70: =(H39*H70)/(G39) -> 258.46154 | H70: =(I39*I70)/(H39) -> 265.26316 | I70: =(J39*J70)/(I39) -> 272.43243 | ... O70: =(P39*P70)/(O39) -> 325.16129 | P70: 336 | Q70: =(P39*P70)/(Q39) -> 347.58621 | R70: =(Q39*Q70)/(R39) -> 360 | S70: =(R39*R70)/(S39) -> 373.33333 | T70: =(S39*S70)/(T39) -> 387.69231 | U70: =(T39*T70)/(U39) -> 403.2 | V70: =(U39*U70)/(V39) -> 420 | W70: =(V39*V70)/(W39) -> 438.26087 | X70: =(W39*W70)/(X39) -> 458.18182 | ... AJ70: =(AI39*AI70)/(AJ39) -> 1008
C71: NOT:Çizelgede belirtilen iplik uzunluklarına;Orta renklerde 2mm,Koyu renklerde 4mm daha ilave ekle (hesaplama 18 fayna göre yapılmıştır)
B73: DÜZ RİBANA; 100 MAYDAKİ İPLİK UZUNLUKLARINA GÖRE ORTALAMA MAMÜL GRAMAJLARI
A74: 16 | B74: İPLİK NUMARALARI
A75: FAYN | B75: 100 | C75: 80 | D75: 60 | E75: 50 | F75: 40 | G75: 39 | H75: 38 | I75: 37 | J75: 36 | K75: 35 | L75: 34 | M75: 33 | N75: 32 | O75: 31 | P75: 30 | Q75: 29 | R75: 28 | S75: 27 | T75: 26 | U75: 25 | V75: 24 | W75: 23 | X75: 22 | Y75: 21 | Z75: 20 | AA75: 19 | AB75: 18 | AC75: 17 | AD75: 16 | AE75: 15 | AF75: 14 | AG75: 13 | AH75: 12 | AI75: 11 | AJ75: 10
A76: 45 cm | B76: =(C75*C76)/(B75) -> 30.3 | C76: =(D75*D76)/(C75) -> 37.875 | D76: =(E75*E76)/(D75) -> 50.5 | E76: =(F75*F76)/(E75) -> 60.6 | F76: =(G75*G76)/(F75) -> 75.75 | G76: =(H75*H76)/(G75) -> 77.692308 | H76: =(I75*I76)/(H75) -> 79.736842 | I76: =(J75*J76)/(I75) -> 81.891892 | ... O76: =(P75*P76)/(O75) -> 97.741935 | P76: 101 | Q76: =(P75*P76)/(Q75) -> 104.48276 | R76: =(Q75*Q76)/(R75) -> 108.21429 | S76: =(R75*R76)/(S75) -> 112.22222 | T76: =(S75*S76)/(T75) -> 116.53846 | U76: =(T75*T76)/(U75) -> 121.2 | V76: =(U75*U76)/(V75) -> 126.25 | W76: =(V75*V76)/(W75) -> 131.73913 | X76: =(W75*W76)/(X75) -> 137.72727 | ... AJ76: =(AI75*AI76)/(AJ75) -> 303
A77: 44 cm | B77: =(C75*C77)/(B75) -> 30.9 | C77: =(D75*D77)/(C75) -> 38.625 | D77: =(E75*E77)/(D75) -> 51.5 | E77: =(F75*F77)/(E75) -> 61.8 | F77: =(G75*G77)/(F75) -> 77.25 | G77: =(H75*H77)/(G75) -> 79.230769 | H77: =(I75*I77)/(H75) -> 81.315789 | I77: =(J75*J77)/(I75) -> 83.513514 | ... O77: =(P75*P77)/(O75) -> 99.677419 | P77: 103 | Q77: =(P75*P77)/(Q75) -> 106.55172 | R77: =(Q75*Q77)/(R75) -> 110.35714 | S77: =(R75*R77)/(S75) -> 114.44444 | T77: =(S75*S77)/(T75) -> 118.84615 | U77: =(T75*T77)/(U75) -> 123.6 | V77: =(U75*U77)/(V75) -> 128.75 | W77: =(V75*V77)/(W75) -> 134.34783 | X77: =(W75*W77)/(X75) -> 140.45455 | ... AJ77: =(AI75*AI77)/(AJ75) -> 309
A78: 43 cm | B78: =(C75*C78)/(B75) -> 31.5 | C78: =(D75*D78)/(C75) -> 39.375 | D78: =(E75*E78)/(D75) -> 52.5 | E78: =(F75*F78)/(E75) -> 63 | F78: =(G75*G78)/(F75) -> 78.75 | G78: =(H75*H78)/(G75) -> 80.769231 | H78: =(I75*I78)/(H75) -> 82.894737 | I78: =(J75*J78)/(I75) -> 85.135135 | ... O78: =(P75*P78)/(O75) -> 101.6129 | P78: 105 | Q78: =(P75*P78)/(Q75) -> 108.62069 | R78: =(Q75*Q78)/(R75) -> 112.5 | S78: =(R75*R78)/(S75) -> 116.66667 | T78: =(S75*S78)/(T75) -> 121.15385 | U78: =(T75*T78)/(U75) -> 126 | V78: =(U75*U78)/(V75) -> 131.25 | W78: =(V75*V78)/(W75) -> 136.95652 | X78: =(W75*W78)/(X75) -> 143.18182 | ... AJ78: =(AI75*AI78)/(AJ75) -> 315
A79: 42 cm | B79: =(C75*C79)/(B75) -> 32.4 | C79: =(D75*D79)/(C75) -> 40.5 | D79: =(E75*E79)/(D75) -> 54 | E79: =(F75*F79)/(E75) -> 64.8 | F79: =(G75*G79)/(F75) -> 81 | G79: =(H75*H79)/(G75) -> 83.076923 | H79: =(I75*I79)/(H75) -> 85.263158 | I79: =(J75*J79)/(I75) -> 87.567568 | ... O79: =(P75*P79)/(O75) -> 104.51613 | P79: 108 | Q79: =(P75*P79)/(Q75) -> 111.72414 | R79: =(Q75*Q79)/(R75) -> 115.71429 | S79: =(R75*R79)/(S75) -> 120 | T79: =(S75*S79)/(T75) -> 124.61538 | U79: =(T75*T79)/(U75) -> 129.6 | V79: =(U75*U79)/(V75) -> 135 | W79: =(V75*V79)/(W75) -> 140.86957 | X79: =(W75*W79)/(X75) -> 147.27273 | ... AJ79: =(AI75*AI79)/(AJ75) -> 324
A80: 41 cm | B80: =(C75*C80)/(B75) -> 33.3 | C80: =(D75*D80)/(C75) -> 41.625 | D80: =(E75*E80)/(D75) -> 55.5 | E80: =(F75*F80)/(E75) -> 66.6 | F80: =(G75*G80)/(F75) -> 83.25 | G80: =(H75*H80)/(G75) -> 85.384615 | H80: =(I75*I80)/(H75) -> 87.631579 | I80: =(J75*J80)/(I75) -> 90 | ... O80: =(P75*P80)/(O75) -> 107.41935 | P80: 111 | Q80: =(P75*P80)/(Q75) -> 114.82759 | R80: =(Q75*Q80)/(R75) -> 118.92857 | S80: =(R75*R80)/(S75) -> 123.33333 | T80: =(S75*S80)/(T75) -> 128.07692 | U80: =(T75*T80)/(U75) -> 133.2 | V80: =(U75*U80)/(V75) -> 138.75 | W80: =(V75*V80)/(W75) -> 144.78261 | X80: =(W75*W80)/(X75) -> 151.36364 | ... AJ80: =(AI75*AI80)/(AJ75) -> 333
A81: 40 cm | B81: =(C75*C81)/(B75) -> 33.9 | C81: =(D75*D81)/(C75) -> 42.375 | D81: =(E75*E81)/(D75) -> 56.5 | E81: =(F75*F81)/(E75) -> 67.8 | F81: =(G75*G81)/(F75) -> 84.75 | G81: =(H75*H81)/(G75) -> 86.923077 | H81: =(I75*I81)/(H75) -> 89.210526 | I81: =(J75*J81)/(I75) -> 91.621622 | ... O81: =(P75*P81)/(O75) -> 109.35484 | P81: 113 | Q81: =(P75*P81)/(Q75) -> 116.89655 | R81: =(Q75*Q81)/(R75) -> 121.07143 | S81: =(R75*R81)/(S75) -> 125.55556 | T81: =(S75*S81)/(T75) -> 130.38462 | U81: =(T75*T81)/(U75) -> 135.6 | V81: =(U75*U81)/(V75) -> 141.25 | W81: =(V75*V81)/(W75) -> 147.3913 | X81: =(W75*W81)/(X75) -> 154.09091 | ... AJ81: =(AI75*AI81)/(AJ75) -> 339
A82: 39 cm | B82: =(C75*C82)/(B75) -> 34.8 | C82: =(D75*D82)/(C75) -> 43.5 | D82: =(E75*E82)/(D75) -> 58 | E82: =(F75*F82)/(E75) -> 69.6 | F82: =(G75*G82)/(F75) -> 87 | G82: =(H75*H82)/(G75) -> 89.230769 | H82: =(I75*I82)/(H75) -> 91.578947 | I82: =(J75*J82)/(I75) -> 94.054054 | ... O82: =(P75*P82)/(O75) -> 112.25806 | P82: 116 | Q82: =(P75*P82)/(Q75) -> 120 | R82: =(Q75*Q82)/(R75) -> 124.28571 | S82: =(R75*R82)/(S75) -> 128.88889 | T82: =(S75*S82)/(T75) -> 133.84615 | U82: =(T75*T82)/(U75) -> 139.2 | V82: =(U75*U82)/(V75) -> 145 | W82: =(V75*V82)/(W75) -> 151.30435 | X82: =(W75*W82)/(X75) -> 158.18182 | ... AJ82: =(AI75*AI82)/(AJ75) -> 348
A83: 38 cm | B83: =(C75*C83)/(B75) -> 35.7 | C83: =(D75*D83)/(C75) -> 44.625 | D83: =(E75*E83)/(D75) -> 59.5 | E83: =(F75*F83)/(E75) -> 71.4 | F83: =(G75*G83)/(F75) -> 89.25 | G83: =(H75*H83)/(G75) -> 91.538462 | H83: =(I75*I83)/(H75) -> 93.947368 | I83: =(J75*J83)/(I75) -> 96.486486 | ... O83: =(P75*P83)/(O75) -> 115.16129 | P83: 119 | Q83: =(P75*P83)/(Q75) -> 123.10345 | R83: =(Q75*Q83)/(R75) -> 127.5 | S83: =(R75*R83)/(S75) -> 132.22222 | T83: =(S75*S83)/(T75) -> 137.30769 | U83: =(T75*T83)/(U75) -> 142.8 | V83: =(U75*U83)/(V75) -> 148.75 | W83: =(V75*V83)/(W75) -> 155.21739 | X83: =(W75*W83)/(X75) -> 162.27273 | ... AJ83: =(AI75*AI83)/(AJ75) -> 357
A84: 37 cm | B84: =(C75*C84)/(B75) -> 37.8 | C84: =(D75*D84)/(C75) -> 47.25 | D84: =(E75*E84)/(D75) -> 63 | E84: =(F75*F84)/(E75) -> 75.6 | F84: =(G75*G84)/(F75) -> 94.5 | G84: =(H75*H84)/(G75) -> 96.923077 | H84: =(I75*I84)/(H75) -> 99.473684 | I84: =(J75*J84)/(I75) -> 102.16216 | ... O84: =(P75*P84)/(O75) -> 121.93548 | P84: 126 | Q84: =(P75*P84)/(Q75) -> 130.34483 | R84: =(Q75*Q84)/(R75) -> 135 | S84: =(R75*R84)/(S75) -> 140 | T84: =(S75*S84)/(T75) -> 145.38462 | U84: =(T75*T84)/(U75) -> 151.2 | V84: =(U75*U84)/(V75) -> 157.5 | W84: =(V75*V84)/(W75) -> 164.34783 | X84: =(W75*W84)/(X75) -> 171.81818 | ... AJ84: =(AI75*AI84)/(AJ75) -> 378
A85: 36 cm | B85: =(C75*C85)/(B75) -> 37.8 | C85: =(D75*D85)/(C75) -> 47.25 | D85: =(E75*E85)/(D75) -> 63 | E85: =(F75*F85)/(E75) -> 75.6 | F85: =(G75*G85)/(F75) -> 94.5 | G85: =(H75*H85)/(G75) -> 96.923077 | H85: =(I75*I85)/(H75) -> 99.473684 | I85: =(J75*J85)/(I75) -> 102.16216 | ... O85: =(P75*P85)/(O75) -> 121.93548 | P85: 126 | Q85: =(P75*P85)/(Q75) -> 130.34483 | R85: =(Q75*Q85)/(R75) -> 135 | S85: =(R75*R85)/(S75) -> 140 | T85: =(S75*S85)/(T75) -> 145.38462 | U85: =(T75*T85)/(U75) -> 151.2 | V85: =(U75*U85)/(V75) -> 157.5 | W85: =(V75*V85)/(W75) -> 164.34783 | X85: =(W75*W85)/(X75) -> 171.81818 | ... AJ85: =(AI75*AI85)/(AJ75) -> 378
A86: 35 cm | B86: =(C75*C86)/(B75) -> 39 | C86: =(D75*D86)/(C75) -> 48.75 | D86: =(E75*E86)/(D75) -> 65 | E86: =(F75*F86)/(E75) -> 78 | F86: =(G75*G86)/(F75) -> 97.5 | G86: =(H75*H86)/(G75) -> 100 | H86: =(I75*I86)/(H75) -> 102.63158 | I86: =(J75*J86)/(I75) -> 105.40541 | ... O86: =(P75*P86)/(O75) -> 125.80645 | P86: 130 | Q86: =(P75*P86)/(Q75) -> 134.48276 | R86: =(Q75*Q86)/(R75) -> 139.28571 | S86: =(R75*R86)/(S75) -> 144.44444 | T86: =(S75*S86)/(T75) -> 150 | U86: =(T75*T86)/(U75) -> 156 | V86: =(U75*U86)/(V75) -> 162.5 | W86: =(V75*V86)/(W75) -> 169.56522 | X86: =(W75*W86)/(X75) -> 177.27273 | ... AJ86: =(AI75*AI86)/(AJ75) -> 390
A87: 34 cm | B87: =(C75*C87)/(B75) -> 39.9 | C87: =(D75*D87)/(C75) -> 49.875 | D87: =(E75*E87)/(D75) -> 66.5 | E87: =(F75*F87)/(E75) -> 79.8 | F87: =(G75*G87)/(F75) -> 99.75 | G87: =(H75*H87)/(G75) -> 102.30769 | H87: =(I75*I87)/(H75) -> 105 | I87: =(J75*J87)/(I75) -> 107.83784 | ... O87: =(P75*P87)/(O75) -> 128.70968 | P87: 133 | Q87: =(P75*P87)/(Q75) -> 137.58621 | R87: =(Q75*Q87)/(R75) -> 142.5 | S87: =(R75*R87)/(S75) -> 147.77778 | T87: =(S75*S87)/(T75) -> 153.46154 | U87: =(T75*T87)/(U75) -> 159.6 | V87: =(U75*U87)/(V75) -> 166.25 | W87: =(V75*V87)/(W75) -> 173.47826 | X87: =(W75*W87)/(X75) -> 181.36364 | ... AJ87: =(AI75*AI87)/(AJ75) -> 399
A88: 33 cm | B88: =(C75*C88)/(B75) -> 41.1 | C88: =(D75*D88)/(C75) -> 51.375 | D88: =(E75*E88)/(D75) -> 68.5 | E88: =(F75*F88)/(E75) -> 82.2 | F88: =(G75*G88)/(F75) -> 102.75 | G88: =(H75*H88)/(G75) -> 105.38462 | H88: =(I75*I88)/(H75) -> 108.15789 | I88: =(J75*J88)/(I75) -> 111.08108 | ... O88: =(P75*P88)/(O75) -> 132.58065 | P88: 137 | Q88: =(P75*P88)/(Q75) -> 141.72414 | R88: =(Q75*Q88)/(R75) -> 146.78571 | S88: =(R75*R88)/(S75) -> 152.22222 | T88: =(S75*S88)/(T75) -> 158.07692 | U88: =(T75*T88)/(U75) -> 164.4 | V88: =(U75*U88)/(V75) -> 171.25 | W88: =(V75*V88)/(W75) -> 178.69565 | X88: =(W75*W88)/(X75) -> 186.81818 | ... AJ88: =(AI75*AI88)/(AJ75) -> 411
A89: 32 cm | B89: =(C75*C89)/(B75) -> 42.6 | C89: =(D75*D89)/(C75) -> 53.25 | D89: =(E75*E89)/(D75) -> 71 | E89: =(F75*F89)/(E75) -> 85.2 | F89: =(G75*G89)/(F75) -> 106.5 | G89: =(H75*H89)/(G75) -> 109.23077 | H89: =(I75*I89)/(H75) -> 112.10526 | I89: =(J75*J89)/(I75) -> 115.13514 | ... O89: =(P75*P89)/(O75) -> 137.41935 | P89: 142 | Q89: =(P75*P89)/(Q75) -> 146.89655 | R89: =(Q75*Q89)/(R75) -> 152.14286 | S89: =(R75*R89)/(S75) -> 157.77778 | T89: =(S75*S89)/(T75) -> 163.84615 | U89: =(T75*T89)/(U75) -> 170.4 | V89: =(U75*U89)/(V75) -> 177.5 | W89: =(V75*V89)/(W75) -> 185.21739 | X89: =(W75*W89)/(X75) -> 193.63636 | ... AJ89: =(AI75*AI89)/(AJ75) -> 426
A90: 31 cm | B90: =(C75*C90)/(B75) -> 43.8 | C90: =(D75*D90)/(C75) -> 54.75 | D90: =(E75*E90)/(D75) -> 73 | E90: =(F75*F90)/(E75) -> 87.6 | F90: =(G75*G90)/(F75) -> 109.5 | G90: =(H75*H90)/(G75) -> 112.30769 | H90: =(I75*I90)/(H75) -> 115.26316 | I90: =(J75*J90)/(I75) -> 118.37838 | ... O90: =(P75*P90)/(O75) -> 141.29032 | P90: 146 | Q90: =(P75*P90)/(Q75) -> 151.03448 | R90: =(Q75*Q90)/(R75) -> 156.42857 | S90: =(R75*R90)/(S75) -> 162.22222 | T90: =(S75*S90)/(T75) -> 168.46154 | U90: =(T75*T90)/(U75) -> 175.2 | V90: =(U75*U90)/(V75) -> 182.5 | W90: =(V75*V90)/(W75) -> 190.43478 | X90: =(W75*W90)/(X75) -> 199.09091 | ... AJ90: =(AI75*AI90)/(AJ75) -> 438
A91: 30 cm | B91: =(C75*C91)/(B75) -> 45.3 | C91: =(D75*D91)/(C75) -> 56.625 | D91: =(E75*E91)/(D75) -> 75.5 | E91: =(F75*F91)/(E75) -> 90.6 | F91: =(G75*G91)/(F75) -> 113.25 | G91: =(H75*H91)/(G75) -> 116.15385 | H91: =(I75*I91)/(H75) -> 119.21053 | I91: =(J75*J91)/(I75) -> 122.43243 | ... O91: =(P75*P91)/(O75) -> 146.12903 | P91: 151 | Q91: =(P75*P91)/(Q75) -> 156.2069 | R91: =(Q75*Q91)/(R75) -> 161.78571 | S91: =(R75*R91)/(S75) -> 167.77778 | T91: =(S75*S91)/(T75) -> 174.23077 | U91: =(T75*T91)/(U75) -> 181.2 | V91: =(U75*U91)/(V75) -> 188.75 | W91: =(V75*V91)/(W75) -> 196.95652 | X91: =(W75*W91)/(X75) -> 205.90909 | ... AJ91: =(AI75*AI91)/(AJ75) -> 453
A92: 29 cm | B92: =(C75*C92)/(B75) -> 46.8 | C92: =(D75*D92)/(C75) -> 58.5 | D92: =(E75*E92)/(D75) -> 78 | E92: =(F75*F92)/(E75) -> 93.6 | F92: =(G75*G92)/(F75) -> 117 | G92: =(H75*H92)/(G75) -> 120 | H92: =(I75*I92)/(H75) -> 123.15789 | I92: =(J75*J92)/(I75) -> 126.48649 | ... O92: =(P75*P92)/(O75) -> 150.96774 | P92: 156 | Q92: =(P75*P92)/(Q75) -> 161.37931 | R92: =(Q75*Q92)/(R75) -> 167.14286 | S92: =(R75*R92)/(S75) -> 173.33333 | T92: =(S75*S92)/(T75) -> 180 | U92: =(T75*T92)/(U75) -> 187.2 | V92: =(U75*U92)/(V75) -> 195 | W92: =(V75*V92)/(W75) -> 203.47826 | X92: =(W75*W92)/(X75) -> 212.72727 | ... AJ92: =(AI75*AI92)/(AJ75) -> 468
A93: 28 cm | B93: =(C75*C93)/(B75) -> 48.6 | C93: =(D75*D93)/(C75) -> 60.75 | D93: =(E75*E93)/(D75) -> 81 | E93: =(F75*F93)/(E75) -> 97.2 | F93: =(G75*G93)/(F75) -> 121.5 | G93: =(H75*H93)/(G75) -> 124.61538 | H93: =(I75*I93)/(H75) -> 127.89474 | I93: =(J75*J93)/(I75) -> 131.35135 | ... O93: =(P75*P93)/(O75) -> 156.77419 | P93: 162 | Q93: =(P75*P93)/(Q75) -> 167.58621 | R93: =(Q75*Q93)/(R75) -> 173.57143 | S93: =(R75*R93)/(S75) -> 180 | T93: =(S75*S93)/(T75) -> 186.92308 | U93: =(T75*T93)/(U75) -> 194.4 | V93: =(U75*U93)/(V75) -> 202.5 | W93: =(V75*V93)/(W75) -> 211.30435 | X93: =(W75*W93)/(X75) -> 220.90909 | ... AJ93: =(AI75*AI93)/(AJ75) -> 486
A94: 27 cm | B94: =(C75*C94)/(B75) -> 50.4 | C94: =(D75*D94)/(C75) -> 63 | D94: =(E75*E94)/(D75) -> 84 | E94: =(F75*F94)/(E75) -> 100.8 | F94: =(G75*G94)/(F75) -> 126 | G94: =(H75*H94)/(G75) -> 129.23077 | H94: =(I75*I94)/(H75) -> 132.63158 | I94: =(J75*J94)/(I75) -> 136.21622 | ... O94: =(P75*P94)/(O75) -> 162.58065 | P94: 168 | Q94: =(P75*P94)/(Q75) -> 173.7931 | R94: =(Q75*Q94)/(R75) -> 180 | S94: =(R75*R94)/(S75) -> 186.66667 | T94: =(S75*S94)/(T75) -> 193.84615 | U94: =(T75*T94)/(U75) -> 201.6 | V94: =(U75*U94)/(V75) -> 210 | W94: =(V75*V94)/(W75) -> 219.13043 | X94: =(W75*W94)/(X75) -> 229.09091 | ... AJ94: =(AI75*AI94)/(AJ75) -> 504
A95: 26 cm | B95: =(C75*C95)/(B75) -> 52.2 | C95: =(D75*D95)/(C75) -> 65.25 | D95: =(E75*E95)/(D75) -> 87 | E95: =(F75*F95)/(E75) -> 104.4 | F95: =(G75*G95)/(F75) -> 130.5 | G95: =(H75*H95)/(G75) -> 133.84615 | H95: =(I75*I95)/(H75) -> 137.36842 | I95: =(J75*J95)/(I75) -> 141.08108 | ... O95: =(P75*P95)/(O75) -> 168.3871 | P95: 174 | Q95: =(P75*P95)/(Q75) -> 180 | R95: =(Q75*Q95)/(R75) -> 186.42857 | S95: =(R75*R95)/(S75) -> 193.33333 | T95: =(S75*S95)/(T75) -> 200.76923 | U95: =(T75*T95)/(U75) -> 208.8 | V95: =(U75*U95)/(V75) -> 217.5 | W95: =(V75*V95)/(W75) -> 226.95652 | X95: =(W75*W95)/(X75) -> 237.27273 | ... AJ95: =(AI75*AI95)/(AJ75) -> 522
A96: 25 cm | B96: =(C75*C96)/(B75) -> 54.3 | C96: =(D75*D96)/(C75) -> 67.875 | D96: =(E75*E96)/(D75) -> 90.5 | E96: =(F75*F96)/(E75) -> 108.6 | F96: =(G75*G96)/(F75) -> 135.75 | G96: =(H75*H96)/(G75) -> 139.23077 | H96: =(I75*I96)/(H75) -> 142.89474 | I96: =(J75*J96)/(I75) -> 146.75676 | ... O96: =(P75*P96)/(O75) -> 175.16129 | P96: 181 | Q96: =(P75*P96)/(Q75) -> 187.24138 | R96: =(Q75*Q96)/(R75) -> 193.92857 | S96: =(R75*R96)/(S75) -> 201.11111 | T96: =(S75*S96)/(T75) -> 208.84615 | U96: =(T75*T96)/(U75) -> 217.2 | V96: =(U75*U96)/(V75) -> 226.25 | W96: =(V75*V96)/(W75) -> 236.08696 | X96: =(W75*W96)/(X75) -> 246.81818 | ... AJ96: =(AI75*AI96)/(AJ75) -> 543
A97: 24 cm | B97: =(C75*C97)/(B75) -> 56.7 | C97: =(D75*D97)/(C75) -> 70.875 | D97: =(E75*E97)/(D75) -> 94.5 | E97: =(F75*F97)/(E75) -> 113.4 | F97: =(G75*G97)/(F75) -> 141.75 | G97: =(H75*H97)/(G75) -> 145.38462 | H97: =(I75*I97)/(H75) -> 149.21053 | I97: =(J75*J97)/(I75) -> 153.24324 | ... O97: =(P75*P97)/(O75) -> 182.90323 | P97: 189 | Q97: =(P75*P97)/(Q75) -> 195.51724 | R97: =(Q75*Q97)/(R75) -> 202.5 | S97: =(R75*R97)/(S75) -> 210 | T97: =(S75*S97)/(T75) -> 218.07692 | U97: =(T75*T97)/(U75) -> 226.8 | V97: =(U75*U97)/(V75) -> 236.25 | W97: =(V75*V97)/(W75) -> 246.52174 | X97: =(W75*W97)/(X75) -> 257.72727 | ... AJ97: =(AI75*AI97)/(AJ75) -> 567
A98: 23 cm | B98: =(C75*C98)/(B75) -> 59.1 | C98: =(D75*D98)/(C75) -> 73.875 | D98: =(E75*E98)/(D75) -> 98.5 | E98: =(F75*F98)/(E75) -> 118.2 | F98: =(G75*G98)/(F75) -> 147.75 | G98: =(H75*H98)/(G75) -> 151.53846 | H98: =(I75*I98)/(H75) -> 155.52632 | I98: =(J75*J98)/(I75) -> 159.72973 | ... O98: =(P75*P98)/(O75) -> 190.64516 | P98: 197 | Q98: =(P75*P98)/(Q75) -> 203.7931 | R98: =(Q75*Q98)/(R75) -> 211.07143 | S98: =(R75*R98)/(S75) -> 218.88889 | T98: =(S75*S98)/(T75) -> 227.30769 | U98: =(T75*T98)/(U75) -> 236.4 | V98: =(U75*U98)/(V75) -> 246.25 | W98: =(V75*V98)/(W75) -> 256.95652 | X98: =(W75*W98)/(X75) -> 268.63636 | ... AJ98: =(AI75*AI98)/(AJ75) -> 591
A99: 22 cm | B99: =(C75*C99)/(B75) -> 61.8 | C99: =(D75*D99)/(C75) -> 77.25 | D99: =(E75*E99)/(D75) -> 103 | E99: =(F75*F99)/(E75) -> 123.6 | F99: =(G75*G99)/(F75) -> 154.5 | G99: =(H75*H99)/(G75) -> 158.46154 | H99: =(I75*I99)/(H75) -> 162.63158 | I99: =(J75*J99)/(I75) -> 167.02703 | ... O99: =(P75*P99)/(O75) -> 199.35484 | P99: 206 | Q99: =(P75*P99)/(Q75) -> 213.10345 | R99: =(Q75*Q99)/(R75) -> 220.71429 | S99: =(R75*R99)/(S75) -> 228.88889 | T99: =(S75*S99)/(T75) -> 237.69231 | U99: =(T75*T99)/(U75) -> 247.2 | V99: =(U75*U99)/(V75) -> 257.5 | W99: =(V75*V99)/(W75) -> 268.69565 | X99: =(W75*W99)/(X75) -> 280.90909 | ... AJ99: =(AI75*AI99)/(AJ75) -> 618
A100: 21 cm | B100: =(C75*C100)/(B75) -> 64.8 | C100: =(D75*D100)/(C75) -> 81 | D100: =(E75*E100)/(D75) -> 108 | E100: =(F75*F100)/(E75) -> 129.6 | F100: =(G75*G100)/(F75) -> 162 | G100: =(H75*H100)/(G75) -> 166.15385 | H100: =(I75*I100)/(H75) -> 170.52632 | I100: =(J75*J100)/(I75) -> 175.13514 | ... O100: =(P75*P100)/(O75) -> 209.03226 | P100: 216 | Q100: =(P75*P100)/(Q75) -> 223.44828 | R100: =(Q75*Q100)/(R75) -> 231.42857 | S100: =(R75*R100)/(S75) -> 240 | T100: =(S75*S100)/(T75) -> 249.23077 | U100: =(T75*T100)/(U75) -> 259.2 | V100: =(U75*U100)/(V75) -> 270 | W100: =(V75*V100)/(W75) -> 281.73913 | X100: =(W75*W100)/(X75) -> 294.54545 | ... AJ100: =(AI75*AI100)/(AJ75) -> 648
A101: 20 cm | B101: =(C75*C101)/(B75) -> 71.7 | C101: =(D75*D101)/(C75) -> 89.625 | D101: =(E75*E101)/(D75) -> 119.5 | E101: =(F75*F101)/(E75) -> 143.4 | F101: =(G75*G101)/(F75) -> 179.25 | G101: =(H75*H101)/(G75) -> 183.84615 | H101: =(I75*I101)/(H75) -> 188.68421 | I101: =(J75*J101)/(I75) -> 193.78378 | ... O101: =(P75*P101)/(O75) -> 231.29032 | P101: 239 | Q101: =(P75*P101)/(Q75) -> 247.24138 | R101: =(Q75*Q101)/(R75) -> 256.07143 | S101: =(R75*R101)/(S75) -> 265.55556 | T101: =(S75*S101)/(T75) -> 275.76923 | U101: =(T75*T101)/(U75) -> 286.8 | V101: =(U75*U101)/(V75) -> 298.75 | W101: =(V75*V101)/(W75) -> 311.73913 | X101: =(W75*W101)/(X75) -> 325.90909 | ... AJ101: =(AI75*AI101)/(AJ75) -> 717
A102: 19 cm | B102: =(C75*C102)/(B75) -> 71.7 | C102: =(D75*D102)/(C75) -> 89.625 | D102: =(E75*E102)/(D75) -> 119.5 | E102: =(F75*F102)/(E75) -> 143.4 | F102: =(G75*G102)/(F75) -> 179.25 | G102: =(H75*H102)/(G75) -> 183.84615 | H102: =(I75*I102)/(H75) -> 188.68421 | I102: =(J75*J102)/(I75) -> 193.78378 | ... O102: =(P75*P102)/(O75) -> 231.29032 | P102: 239 | Q102: =(P75*P102)/(Q75) -> 247.24138 | R102: =(Q75*Q102)/(R75) -> 256.07143 | S102: =(R75*R102)/(S75) -> 265.55556 | T102: =(S75*S102)/(T75) -> 275.76923 | U102: =(T75*T102)/(U75) -> 286.8 | V102: =(U75*U102)/(V75) -> 298.75 | W102: =(V75*V102)/(W75) -> 311.73913 | X102: =(W75*W102)/(X75) -> 325.90909 | ... AJ102: =(AI75*AI102)/(AJ75) -> 717
...

Sheet TAM_DOLU_İĞNELİ_DÜZ_RİB_ENLERİ
A1: DÜZ RİBANALAR , PUSS ve FAYNA GÖRE ORTALAMA MAMÜL TÜP ENLERİ
A2: 38 PUSS
B3: Mk. | C3: May | D3: 24 Fayn | F3: Mk. | G3: May | H3: 22 Fayn | J3: Mk. | K3: May | L3: 20 Fayn | N3: Mk. | O3: May | P3: 18 Fayn | R3: Mk. | S3: May | T3: 17 Fayn | V3: Mk. | W3: May | X3: 16 Fayn | Z3: Mk. | AA3: May | AB3: 15 Fayn
A4: KUMAŞ CİNSİ | B4: İğne | F4: İğne | J4: İğne | N4: İğne | R4: İğne | V4: İğne | Z4: İğne
B5: Sayısı | C5: Genişliği | F5: Sayısı | G5: Genişliği | J5: Sayısı | K5: Genişliği | N5: Sayısı | O5: Genişliği | R5: Sayısı | S5: Genişliği | V5: Sayısı | W5: Genişliği | Z5: Sayısı | AA5: Genişliği
A6: 60/1 DÜZ RİBANA | B6: 2862 | C6: 0.0587 | D6: =(B6*C6)/2 -> 83.9997 | F6: 2622 | G6: 0.0538 | H6: =(F6*G6)/2 -> 70.5318 | J6: 2382 | K6: 0.0489 | L6: =(J6*K6)/2 -> 58.2399 | N6: 2136 | O6: 0.044 | P6: =(N6*O6)/2 -> 46.992 | R6: 2016 | S6: 0.0416 | T6: =(R6*S6)/2 -> 41.9328 | V6: 1896 | W6: 0.0391 | X6: =(V6*W6)/2 -> 37.0668 | Z6: 1788 | AA6: 0.0367 | AB6: =(Z6*AA6)/2 -> 32.8098
A7: 50/1 DÜZ RİBANA | B7: 2862 | C7: 0.0705 | D7: =(B7*C7)/2 -> 100.8855 | F7: 2622 | G7: 0.0646 | H7: =(F7*G7)/2 -> 84.6906 | J7: 2382 | K7: 0.0587 | L7: =(J7*K7)/2 -> 69.9117 | N7: 2136 | O7: 0.0528 | P7: =(N7*O7)/2 -> 56.3904 | R7: 2016 | S7: 0.0498 | T7: =(R7*S7)/2 -> 50.1984 | V7: 1896 | W7: 0.047 | X7: =(V7*W7)/2 -> 44.556 | Z7: 1788 | AA7: 0.044 | AB7: =(Z7*AA7)/2 -> 39.336
A8: 40/1 DÜZ RİBANA | B8: 2862 | C8: 0.0881 | D8: =(B8*C8)/2 -> 126.0711 | F8: 2622 | G8: 0.0807 | H8: =(F8*G8)/2 -> 105.7977 | J8: 2382 | K8: 0.0734 | L8: =(J8*K8)/2 -> 87.4194 | N8: 2136 | O8: 0.066 | P8: =(N8*O8)/2 -> 70.488 | R8: 2016 | S8: 0.0623 | T8: =(R8*S8)/2 -> 62.7984 | V8: 1896 | W8: 0.0587 | X8: =(V8*W8)/2 -> 55.6476 | Z8: 1788 | AA8: 0.055 | AB8: =(Z8*AA8)/2 -> 49.17
A9: 36/1 DÜZ RİBANA | B9: 2862 | C9: 0.0978 | D9: =(B9*C9)/2 -> 139.9518 | F9: 2622 | G9: 0.0897 | H9: =(F9*G9)/2 -> 117.5967 | J9: 2382 | K9: 0.0815 | L9: =(J9*K9)/2 -> 97.0665 | N9: 2136 | O9: 0.0733 | P9: =(N9*O9)/2 -> 78.2844 | R9: 2016 | S9: 0.0693 | T9: =(R9*S9)/2 -> 69.8544 | V9: 1896 | W9: 0.0652 | X9: =(V9*W9)/2 -> 61.8096 | Z9: 1788 | AA9: 0.0611 | AB9: =(Z9*AA9)/2 -> 54.6234
A10: 34/1 DÜZ RİBANA | B10: 2862 | C10: 0.1036 | D10: =(B10*C10)/2 -> 148.2516 | F10: 2622 | G10: 0.0949 | H10: =(F10*G10)/2 -> 124.4139 | J10: 2382 | K10: 0.0863 | L10: =(J10*K10)/2 -> 102.7833 | N10: 2136 | O10: 0.0776 | P10: =(N10*O10)/2 -> 82.8768 | R10: 2016 | S10: 0.0733 | T10: =(R10*S10)/2 -> 73.8864 | V10: 1896 | W10: 0.069 | X10: =(V10*W10)/2 -> 65.412 | Z10: 1788 | AA10: 0.0647 | AB10: =(Z10*AA10)/2 -> 57.8418
A11: 32/1 DÜZ RİBANA | B11: 2862 | C11: 0.1101 | D11: =(B11*C11)/2 -> 157.5531 | F11: 2622 | G11: 0.1009 | H11: =(F11*G11)/2 -> 132.2799 | J11: 2382 | K11: 0.0917 | L11: =(J11*K11)/2 -> 109.2147 | N11: 2136 | O11: 0.0825 | P11: =(N11*O11)/2 -> 88.11 | R11: 2016 | S11: 0.0779 | T11: =(R11*S11)/2 -> 78.5232 | V11: 1896 | W11: 0.0733 | X11: =(V11*W11)/2 -> 69.4884 | Z11: 1788 | AA11: 0.0687 | AB11: =(Z11*AA11)/2 -> 61.4178
A12: 30/1 DÜZ RİBANA | B12: 2862 | C12: 0.1174 | D12: =(B12*C12)/2 -> 167.9994 | F12: 2622 | G12: 0.1076 | H12: =(F12*G12)/2 -> 141.0636 | J12: 2382 | K12: 0.0978 | L12: =(J12*K12)/2 -> 116.4798 | N12: 2136 | O12: 0.088 | P12: =(N12*O12)/2 -> 93.984 | R12: 2016 | S12: 0.0831 | T12: =(R12*S12)/2 -> 83.7648 | V12: 1896 | W12: 0.0782 | X12: =(V12*W12)/2 -> 74.1336 | Z12: 1788 | AA12: 0.0733 | AB12: =(Z12*AA12)/2 -> 65.5302
A13: 28/1 DÜZ RİBANA | B13: 2862 | C13: 0.1258 | D13: =(B13*C13)/2 -> 180.0198 | F13: 2622 | G13: 0.1153 | H13: =(F13*G13)/2 -> 151.1583 | J13: 2382 | K13: 0.1048 | L13: =(J13*K13)/2 -> 124.8168 | N13: 2136 | O13: 0.0943 | P13: =(N13*O13)/2 -> 100.7124 | R13: 2016 | S13: 0.089 | T13: =(R13*S13)/2 -> 89.712 | V13: 1896 | W13: 0.0834 | X13: =(V13*W13)/2 -> 79.0632 | Z13: 1788 | AA13: 0.0785 | AB13: =(Z13*AA13)/2 -> 70.179
A14: 26/1 DÜZ RİBANA | B14: 2862 | C14: 0.1355 | D14: =(B14*C14)/2 -> 193.9005 | F14: 2622 | G14: 0.1242 | H14: =(F14*G14)/2 -> 162.8262 | J14: 2382 | K14: 0.1128 | L14: =(J14*K14)/2 -> 134.3448 | N14: 2136 | O14: 0.1015 | P14: =(N14*O14)/2 -> 108.402 | R14: 2016 | S14: 0.0959 | T14: =(R14*S14)/2 -> 96.6672 | V14: 1896 | W14: 0.0902 | X14: =(V14*W14)/2 -> 85.5096 | Z14: 1788 | AA14: 0.0846 | AB14: =(Z14*AA14)/2 -> 75.6324
A15: 24/1 DÜZ RİBANA | B15: 2862 | C15: 0.1468 | D15: =(B15*C15)/2 -> 210.0708 | F15: 2622 | G15: 0.1345 | H15: =(F15*G15)/2 -> 176.3295 | J15: 2382 | K15: 0.1223 | L15: =(J15*K15)/2 -> 145.6593 | N15: 2136 | O15: 0.11 | P15: =(N15*O15)/2 -> 117.48 | R15: 2016 | S15: 0.1039 | T15: =(R15*S15)/2 -> 104.7312 | V15: 1896 | W15: 0.0978 | X15: =(V15*W15)/2 -> 92.7144 | Z15: 1788 | AA15: 0.0916 | AB15: =(Z15*AA15)/2 -> 81.8904
A16: 20/1 DÜZ RİBANA | B16: 2862 | C16: 0 | D16: =(B16*C16)/2 -> 0 | F16: 2622 | G16: 0.1614 | H16: =(F16*G16)/2 -> 211.5954 | J16: 2382 | K16: 0.1467 | L16: =(J16*K16)/2 -> 174.7197 | N16: 2136 | O16: 0.132 | P16: =(N16*O16)/2 -> 140.976 | R16: 2016 | S16: 0.1247 | T16: =(R16*S16)/2 -> 125.6976 | V16: 1896 | W16: 0.1173 | X16: =(V16*W16)/2 -> 111.2004 | Z16: 1788 | AA16: 0.11 | AB16: =(Z16*AA16)/2 -> 98.34
A17: 36 PUSS
B18: Mk. | C18: May | D18: 24 Fayn | F18: Mk. | G18: May | H18: 22 Fayn | J18: Mk. | K18: May | L18: 20 Fayn | N18: Mk. | O18: May | P18: 18 Fayn | R18: Mk. | S18: May | T18: 17 Fayn | V18: Mk. | W18: May | X18: 16 Fayn | Z18: Mk. | AA18: May | AB18: 15 Fayn
A19: KUMAŞ CİNSİ | B19: İğne | F19: İğne | J19: İğne | N19: İğne | R19: İğne | V19: İğne | Z19: İğne
B20: Sayısı | C20: Genişliği | F20: Sayısı | G20: Genişliği | J20: Sayısı | K20: Genişliği | N20: Sayısı | O20: Genişliği | R20: Sayısı | S20: Genişliği | V20: Sayısı | W20: Genişliği | Z20: Sayısı | AA20: Genişliği
A21: 60/1 DÜZ RİBANA | B21: 2712 | C21: 0.0587 | D21: =(B21*C21)/2 -> 79.5972 | F21: 2478 | G21: 0.0538 | H21: =(F21*G21)/2 -> 66.6582 | J21: 2256 | K21: 0.0489 | L21: =(J21*K21)/2 -> 55.1592 | N21: 2016 | O21: 0.044 | P21: =(N21*O21)/2 -> 44.352 | R21: 1920 | S21: 0.0416 | T21: =(R21*S21)/2 -> 39.936 | V21: 1800 | W21: 0.0391 | X21: =(V21*W21)/2 -> 35.19 | Z21: 1680 | AA21: 0.0367 | AB21: =(Z21*AA21)/2 -> 30.828
A22: 50/1 DÜZ RİBANA | B22: 2712 | C22: 0.0705 | D22: =(B22*C22)/2 -> 95.598 | F22: 2478 | G22: 0.0646 | H22: =(F22*G22)/2 -> 80.0394 | J22: 2256 | K22: 0.0587 | L22: =(J22*K22)/2 -> 66.2136 | N22: 2016 | O22: 0.0528 | P22: =(N22*O22)/2 -> 53.2224 | R22: 1920 | S22: 0.0498 | T22: =(R22*S22)/2 -> 47.808 | V22: 1800 | W22: 0.047 | X22: =(V22*W22)/2 -> 42.3 | Z22: 1680 | AA22: 0.044 | AB22: =(Z22*AA22)/2 -> 36.96
A23: 40/1 DÜZ RİBANA | B23: 2712 | C23: 0.0881 | D23: =(B23*C23)/2 -> 119.4636 | F23: 2478 | G23: 0.0807 | H23: =(F23*G23)/2 -> 99.9873 | J23: 2256 | K23: 0.0734 | L23: =(J23*K23)/2 -> 82.7952 | N23: 2016 | O23: 0.066 | P23: =(N23*O23)/2 -> 66.528 | R23: 1920 | S23: 0.0623 | T23: =(R23*S23)/2 -> 59.808 | V23: 1800 | W23: 0.0587 | X23: =(V23*W23)/2 -> 52.83 | Z23: 1680 | AA23: 0.055 | AB23: =(Z23*AA23)/2 -> 46.2
A24: 36/1 DÜZ RİBANA | B24: 2712 | C24: 0.0978 | D24: =(B24*C24)/2 -> 132.6168 | F24: 2478 | G24: 0.0897 | H24: =(F24*G24)/2 -> 111.1383 | J24: 2256 | K24: 0.0815 | L24: =(J24*K24)/2 -> 91.932 | N24: 2016 | O24: 0.0733 | P24: =(N24*O24)/2 -> 73.8864 | R24: 1920 | S24: 0.0693 | T24: =(R24*S24)/2 -> 66.528 | V24: 1800 | W24: 0.0652 | X24: =(V24*W24)/2 -> 58.68 | Z24: 1680 | AA24: 0.0611 | AB24: =(Z24*AA24)/2 -> 51.324
A25: 34/1 DÜZ RİBANA | B25: 2712 | C25: 0.1036 | D25: =(B25*C25)/2 -> 140.4816 | F25: 2478 | G25: 0.0949 | H25: =(F25*G25)/2 -> 117.5811 | J25: 2256 | K25: 0.0863 | L25: =(J25*K25)/2 -> 97.3464 | N25: 2016 | O25: 0.0776 | P25: =(N25*O25)/2 -> 78.2208 | R25: 1920 | S25: 0.0733 | T25: =(R25*S25)/2 -> 70.368 | V25: 1800 | W25: 0.069 | X25: =(V25*W25)/2 -> 62.1 | Z25: 1680 | AA25: 0.0647 | AB25: =(Z25*AA25)/2 -> 54.348
A26: 32/1 DÜZ RİBANA | B26: 2712 | C26: 0.1101 | D26: =(B26*C26)/2 -> 149.2956 | F26: 2478 | G26: 0.1009 | H26: =(F26*G26)/2 -> 125.0151 | J26: 2256 | K26: 0.0917 | L26: =(J26*K26)/2 -> 103.4376 | N26: 2016 | O26: 0.0825 | P26: =(N26*O26)/2 -> 83.16 | R26: 1920 | S26: 0.0779 | T26: =(R26*S26)/2 -> 74.784 | V26: 1800 | W26: 0.0733 | X26: =(V26*W26)/2 -> 65.97 | Z26: 1680 | AA26: 0.0687 | AB26: =(Z26*AA26)/2 -> 57.708
A27: 30/1 DÜZ RİBANA | B27: 2712 | C27: 0.1174 | D27: =(B27*C27)/2 -> 159.1944 | F27: 2478 | G27: 0.1076 | H27: =(F27*G27)/2 -> 133.3164 | J27: 2256 | K27: 0.0978 | L27: =(J27*K27)/2 -> 110.3184 | N27: 2016 | O27: 0.088 | P27: =(N27*O27)/2 -> 88.704 | R27: 1920 | S27: 0.0831 | T27: =(R27*S27)/2 -> 79.776 | V27: 1800 | W27: 0.0782 | X27: =(V27*W27)/2 -> 70.38 | Z27: 1680 | AA27: 0.0733 | AB27: =(Z27*AA27)/2 -> 61.572
A28: 28/1 DÜZ RİBANA | B28: 2712 | C28: 0.1258 | D28: =(B28*C28)/2 -> 170.5848 | F28: 2478 | G28: 0.1153 | H28: =(F28*G28)/2 -> 142.8567 | J28: 2256 | K28: 0.1048 | L28: =(J28*K28)/2 -> 118.2144 | N28: 2016 | O28: 0.0943 | P28: =(N28*O28)/2 -> 95.0544 | R28: 1920 | S28: 0.089 | T28: =(R28*S28)/2 -> 85.44 | V28: 1800 | W28: 0.0834 | X28: =(V28*W28)/2 -> 75.06 | Z28: 1680 | AA28: 0.0785 | AB28: =(Z28*AA28)/2 -> 65.94
A29: 26/1 DÜZ RİBANA | B29: 2712 | C29: 0.1355 | D29: =(B29*C29)/2 -> 183.738 | F29: 2478 | G29: 0.1242 | H29: =(F29*G29)/2 -> 153.8838 | J29: 2256 | K29: 0.1128 | L29: =(J29*K29)/2 -> 127.2384 | N29: 2016 | O29: 0.1015 | P29: =(N29*O29)/2 -> 102.312 | R29: 1920 | S29: 0.0959 | T29: =(R29*S29)/2 -> 92.064 | V29: 1800 | W29: 0.0902 | X29: =(V29*W29)/2 -> 81.18 | Z29: 1680 | AA29: 0.0846 | AB29: =(Z29*AA29)/2 -> 71.064
A30: 24/1 DÜZ RİBANA | B30: 2712 | C30: 0.1468 | D30: =(B30*C30)/2 -> 199.0608 | F30: 2478 | G30: 0.1345 | H30: =(F30*G30)/2 -> 166.6455 | J30: 2256 | K30: 0.1223 | L30: =(J30*K30)/2 -> 137.9544 | N30: 2016 | O30: 0.11 | P30: =(N30*O30)/2 -> 110.88 | R30: 1920 | S30: 0.1039 | T30: =(R30*S30)/2 -> 99.744 | V30: 1800 | W30: 0.0978 | X30: =(V30*W30)/2 -> 88.02 | Z30: 1680 | AA30: 0.0916 | AB30: =(Z30*AA30)/2 -> 76.944
A31: 20/1 DÜZ RİBANA | B31: 2712 | C31: 0 | D31: =(B31*C31)/2 -> 0 | F31: 2478 | G31: 0.1614 | H31: =(F31*G31)/2 -> 199.9746 | J31: 2256 | K31: 0.1467 | L31: =(J31*K31)/2 -> 165.4776 | N31: 2016 | O31: 0.132 | P31: =(N31*O31)/2 -> 133.056 | R31: 1920 | S31: 0.1247 | T31: =(R31*S31)/2 -> 119.712 | V31: 1800 | W31: 0.1173 | X31: =(V31*W31)/2 -> 105.57 | Z31: 1680 | AA31: 0.11 | AB31: =(Z31*AA31)/2 -> 92.4
A32: 34 PUSS
B33: Mk. | C33: May | D33: 24 Fayn | F33: Mk. | G33: May | H33: 22 Fayn | J33: Mk. | K33: May | L33: 20 Fayn | N33: Mk. | O33: May | P33: 18 Fayn | R33: Mk. | S33: May | T33: 17 Fayn | V33: Mk. | W33: May | X33: 16 Fayn | Z33: Mk. | AA33: May | AB33: 15 Fayn
A34: KUMAŞ CİNSİ | B34: İğne | F34: İğne | J34: İğne | N34: İğne | R34: İğne | V34: İğne | Z34: İğne
B35: Sayısı | C35: Genişliği | F35: Sayısı | G35: Genişliği | J35: Sayısı | K35: Genişliği | N35: Sayısı | O35: Genişliği | R35: Sayısı | S35: Genişliği | V35: Sayısı | W35: Genişliği | Z35: Sayısı | AA35: Genişliği
A36: 60/1 DÜZ RİBANA | B36: 2562 | C36: 0.0587 | D36: =(B36*C36)/2 -> 75.1947 | F36: 2346 | G36: 0.0538 | H36: =(F36*G36)/2 -> 63.1074 | J36: 2136 | K36: 0.0489 | L36: =(J36*K36)/2 -> 52.2252 | N36: 1920 | O36: 0.044 | P36: =(N36*O36)/2 -> 42.24 | R36: 1818 | S36: 0.0416 | T36: =(R36*S36)/2 -> 37.8144 | V36: 1704 | W36: 0.0391 | X36: =(V36*W36)/2 -> 33.3132 | Z36: 1596 | AA36: 0.0367 | AB36: =(Z36*AA36)/2 -> 29.2866
A37: 50/1 DÜZ RİBANA | B37: 2562 | C37: 0.0705 | D37: =(B37*C37)/2 -> 90.3105 | F37: 2346 | G37: 0.0646 | H37: =(F37*G37)/2 -> 75.7758 | J37: 2136 | K37: 0.0587 | L37: =(J37*K37)/2 -> 62.6916 | N37: 1920 | O37: 0.0528 | P37: =(N37*O37)/2 -> 50.688 | R37: 1818 | S37: 0.0498 | T37: =(R37*S37)/2 -> 45.2682 | V37: 1704 | W37: 0.047 | X37: =(V37*W37)/2 -> 40.044 | Z37: 1596 | AA37: 0.044 | AB37: =(Z37*AA37)/2 -> 35.112
A38: 40/1 DÜZ RİBANA | B38: 2562 | C38: 0.0881 | D38: =(B38*C38)/2 -> 112.8561 | F38: 2346 | G38: 0.0807 | H38: =(F38*G38)/2 -> 94.6611 | J38: 2136 | K38: 0.0734 | L38: =(J38*K38)/2 -> 78.3912 | N38: 1920 | O38: 0.066 | P38: =(N38*O38)/2 -> 63.36 | R38: 1818 | S38: 0.0623 | T38: =(R38*S38)/2 -> 56.6307 | V38: 1704 | W38: 0.0587 | X38: =(V38*W38)/2 -> 50.0124 | Z38: 1596 | AA38: 0.055 | AB38: =(Z38*AA38)/2 -> 43.89
A39: 36/1 DÜZ RİBANA | B39: 2562 | C39: 0.0978 | D39: =(B39*C39)/2 -> 125.2818 | F39: 2346 | G39: 0.0897 | H39: =(F39*G39)/2 -> 105.2181 | J39: 2136 | K39: 0.0815 | L39: =(J39*K39)/2 -> 87.042 | N39: 1920 | O39: 0.0733 | P39: =(N39*O39)/2 -> 70.368 | R39: 1818 | S39: 0.0693 | T39: =(R39*S39)/2 -> 62.9937 | V39: 1704 | W39: 0.0652 | X39: =(V39*W39)/2 -> 55.5504 | Z39: 1596 | AA39: 0.0611 | AB39: =(Z39*AA39)/2 -> 48.7578
A40: 34/1 DÜZ RİBANA | B40: 2562 | C40: 0.1036 | D40: =(B40*C40)/2 -> 132.7116 | F40: 2346 | G40: 0.0949 | H40: =(F40*G40)/2 -> 111.3177 | J40: 2136 | K40: 0.0863 | L40: =(J40*K40)/2 -> 92.1684 | N40: 1920 | O40: 0.0776 | P40: =(N40*O40)/2 -> 74.496 | R40: 1818 | S40: 0.0733 | T40: =(R40*S40)/2 -> 66.6297 | V40: 1704 | W40: 0.069 | X40: =(V40*W40)/2 -> 58.788 | Z40: 1596 | AA40: 0.0647 | AB40: =(Z40*AA40)/2 -> 51.6306
A41: 32/1 DÜZ RİBANA | B41: 2562 | C41: 0.1101 | D41: =(B41*C41)/2 -> 141.0381 | F41: 2346 | G41: 0.1009 | H41: =(F41*G41)/2 -> 118.3557 | J41: 2136 | K41: 0.0917 | L41: =(J41*K41)/2 -> 97.9356 | N41: 1920 | O41: 0.0825 | P41: =(N41*O41)/2 -> 79.2 | R41: 1818 | S41: 0.0779 | T41: =(R41*S41)/2 -> 70.8111 | V41: 1704 | W41: 0.0733 | X41: =(V41*W41)/2 -> 62.4516 | Z41: 1596 | AA41: 0.0687 | AB41: =(Z41*AA41)/2 -> 54.8226
A42: 30/1 DÜZ RİBANA | B42: 2562 | C42: 0.1174 | D42: =(B42*C42)/2 -> 150.3894 | F42: 2346 | G42: 0.1076 | H42: =(F42*G42)/2 -> 126.2148 | J42: 2136 | K42: 0.0978 | L42: =(J42*K42)/2 -> 104.4504 | N42: 1920 | O42: 0.088 | P42: =(N42*O42)/2 -> 84.48 | R42: 1818 | S42: 0.0831 | T42: =(R42*S42)/2 -> 75.5379 | V42: 1704 | W42: 0.0782 | X42: =(V42*W42)/2 -> 66.6264 | Z42: 1596 | AA42: 0.0733 | AB42: =(Z42*AA42)/2 -> 58.4934
A43: 28/1 DÜZ RİBANA | B43: 2562 | C43: 0.1258 | D43: =(B43*C43)/2 -> 161.1498 | F43: 2346 | G43: 0.1153 | H43: =(F43*G43)/2 -> 135.2469 | J43: 2136 | K43: 0.1048 | L43: =(J43*K43)/2 -> 111.9264 | N43: 1920 | O43: 0.0943 | P43: =(N43*O43)/2 -> 90.528 | R43: 1818 | S43: 0.089 | T43: =(R43*S43)/2 -> 80.901 | V43: 1704 | W43: 0.0834 | X43: =(V43*W43)/2 -> 71.0568 | Z43: 1596 | AA43: 0.0785 | AB43: =(Z43*AA43)/2 -> 62.643
A44: 26/1 DÜZ RİBANA | B44: 2562 | C44: 0.1355 | D44: =(B44*C44)/2 -> 173.5755 | F44: 2346 | G44: 0.1242 | H44: =(F44*G44)/2 -> 145.6866 | J44: 2136 | K44: 0.1128 | L44: =(J44*K44)/2 -> 120.4704 | N44: 1920 | O44: 0.1015 | P44: =(N44*O44)/2 -> 97.44 | R44: 1818 | S44: 0.0959 | T44: =(R44*S44)/2 -> 87.1731 | V44: 1704 | W44: 0.0902 | X44: =(V44*W44)/2 -> 76.8504 | Z44: 1596 | AA44: 0.0846 | AB44: =(Z44*AA44)/2 -> 67.5108
A45: 24/1 DÜZ RİBANA | B45: 2562 | C45: 0.1468 | D45: =(B45*C45)/2 -> 188.0508 | F45: 2346 | G45: 0.1345 | H45: =(F45*G45)/2 -> 157.7685 | J45: 2136 | K45: 0.1223 | L45: =(J45*K45)/2 -> 130.6164 | N45: 1920 | O45: 0.11 | P45: =(N45*O45)/2 -> 105.6 | R45: 1818 | S45: 0.1039 | T45: =(R45*S45)/2 -> 94.4451 | V45: 1704 | W45: 0.0978 | X45: =(V45*W45)/2 -> 83.3256 | Z45: 1596 | AA45: 0.0916 | AB45: =(Z45*AA45)/2 -> 73.0968
A46: 20/1 DÜZ RİBANA | B46: 2562 | C46: 0 | D46: =(B46*C46)/2 -> 0 | F46: 2346 | G46: 0.1614 | H46: =(F46*G46)/2 -> 189.3222 | J46: 2136 | K46: 0.1467 | L46: =(J46*K46)/2 -> 156.6756 | N46: 1920 | O46: 0.132 | P46: =(N46*O46)/2 -> 126.72 | R46: 1818 | S46: 0.1247 | T46: =(R46*S46)/2 -> 113.3523 | V46: 1704 | W46: 0.1173 | X46: =(V46*W46)/2 -> 99.9396 | Z46: 1596 | AA46: 0.11 | AB46: =(Z46*AA46)/2 -> 87.78
A47: 32 PUSS
B48: Mk. | C48: May | D48: 24 Fayn | F48: Mk. | G48: May | H48: 22 Fayn | J48: Mk. | K48: May | L48: 20 Fayn | N48: Mk. | O48: May | P48: 18 Fayn | R48: Mk. | S48: May | T48: 17 Fayn | V48: Mk. | W48: May | X48: 16 Fayn | Z48: Mk. | AA48: May | AB48: 15 Fayn
A49: KUMAŞ CİNSİ | B49: İğne | F49: İğne | J49: İğne | N49: İğne | R49: İğne | V49: İğne | Z49: İğne
B50: Sayısı | C50: Genişliği | F50: Sayısı | G50: Genişliği | J50: Sayısı | K50: Genişliği | N50: Sayısı | O50: Genişliği | R50: Sayısı | S50: Genişliği | V50: Sayısı | W50: Genişliği | Z50: Sayısı | AA50: Genişliği
A51: 60/1 DÜZ RİBANA | B51: 2400 | C51: 0.0587 | D51: =(B51*C51)/2 -> 70.44 | F51: 2208 | G51: 0.0538 | H51: =(F51*G51)/2 -> 59.3952 | J51: 2016 | K51: 0.0489 | L51: =(J51*K51)/2 -> 49.2912 | N51: 1800 | O51: 0.044 | P51: =(N51*O51)/2 -> 39.6 | R51: 1704 | S51: 0.0416 | T51: =(R51*S51)/2 -> 35.4432 | V51: 1620 | W51: 0.0391 | X51: =(V51*W51)/2 -> 31.671 | Z51: 1512 | AA51: 0.0367 | AB51: =(Z51*AA51)/2 -> 27.7452
A52: 50/1 DÜZ RİBANA | B52: 2400 | C52: 0.0705 | D52: =(B52*C52)/2 -> 84.6 | F52: 2208 | G52: 0.0646 | H52: =(F52*G52)/2 -> 71.3184 | J52: 2016 | K52: 0.0587 | L52: =(J52*K52)/2 -> 59.1696 | N52: 1800 | O52: 0.0528 | P52: =(N52*O52)/2 -> 47.52 | R52: 1704 | S52: 0.0498 | T52: =(R52*S52)/2 -> 42.4296 | V52: 1620 | W52: 0.047 | X52: =(V52*W52)/2 -> 38.07 | Z52: 1512 | AA52: 0.044 | AB52: =(Z52*AA52)/2 -> 33.264
A53: 40/1 DÜZ RİBANA | B53: 2400 | C53: 0.0881 | D53: =(B53*C53)/2 -> 105.72 | F53: 2208 | G53: 0.0807 | H53: =(F53*G53)/2 -> 89.0928 | J53: 2016 | K53: 0.0734 | L53: =(J53*K53)/2 -> 73.9872 | N53: 1800 | O53: 0.066 | P53: =(N53*O53)/2 -> 59.4 | R53: 1704 | S53: 0.0623 | T53: =(R53*S53)/2 -> 53.0796 | V53: 1620 | W53: 0.0587 | X53: =(V53*W53)/2 -> 47.547 | Z53: 1512 | AA53: 0.055 | AB53: =(Z53*AA53)/2 -> 41.58
A54: 36/1 DÜZ RİBANA | B54: 2400 | C54: 0.0978 | D54: =(B54*C54)/2 -> 117.36 | F54: 2208 | G54: 0.0897 | H54: =(F54*G54)/2 -> 99.0288 | J54: 2016 | K54: 0.0815 | L54: =(J54*K54)/2 -> 82.152 | N54: 1800 | O54: 0.0733 | P54: =(N54*O54)/2 -> 65.97 | R54: 1704 | S54: 0.0693 | T54: =(R54*S54)/2 -> 59.0436 | V54: 1620 | W54: 0.0652 | X54: =(V54*W54)/2 -> 52.812 | Z54: 1512 | AA54: 0.0611 | AB54: =(Z54*AA54)/2 -> 46.1916
A55: 34/1 DÜZ RİBANA | B55: 2400 | C55: 0.1036 | D55: =(B55*C55)/2 -> 124.32 | F55: 2208 | G55: 0.0949 | H55: =(F55*G55)/2 -> 104.7696 | J55: 2016 | K55: 0.0863 | L55: =(J55*K55)/2 -> 86.9904 | N55: 1800 | O55: 0.0776 | P55: =(N55*O55)/2 -> 69.84 | R55: 1704 | S55: 0.0733 | T55: =(R55*S55)/2 -> 62.4516 | V55: 1620 | W55: 0.069 | X55: =(V55*W55)/2 -> 55.89 | Z55: 1512 | AA55: 0.0647 | AB55: =(Z55*AA55)/2 -> 48.9132
A56: 32/1 DÜZ RİBANA | B56: 2400 | C56: 0.1101 | D56: =(B56*C56)/2 -> 132.12 | F56: 2208 | G56: 0.1009 | H56: =(F56*G56)/2 -> 111.3936 | J56: 2016 | K56: 0.0917 | L56: =(J56*K56)/2 -> 92.4336 | N56: 1800 | O56: 0.0825 | P56: =(N56*O56)/2 -> 74.25 | R56: 1704 | S56: 0.0779 | T56: =(R56*S56)/2 -> 66.3708 | V56: 1620 | W56: 0.0733 | X56: =(V56*W56)/2 -> 59.373 | Z56: 1512 | AA56: 0.0687 | AB56: =(Z56*AA56)/2 -> 51.9372
A57: 30/1 DÜZ RİBANA | B57: 2400 | C57: 0.1174 | D57: =(B57*C57)/2 -> 140.88 | F57: 2208 | G57: 0.1076 | H57: =(F57*G57)/2 -> 118.7904 | J57: 2016 | K57: 0.0978 | L57: =(J57*K57)/2 -> 98.5824 | N57: 1800 | O57: 0.088 | P57: =(N57*O57)/2 -> 79.2 | R57: 1704 | S57: 0.0831 | T57: =(R57*S57)/2 -> 70.8012 | V57: 1620 | W57: 0.0782 | X57: =(V57*W57)/2 -> 63.342 | Z57: 1512 | AA57: 0.0733 | AB57: =(Z57*AA57)/2 -> 55.4148
A58: 28/1 DÜZ RİBANA | B58: 2400 | C58: 0.1258 | D58: =(B58*C58)/2 -> 150.96 | F58: 2208 | G58: 0.1153 | H58: =(F58*G58)/2 -> 127.2912 | J58: 2016 | K58: 0.1048 | L58: =(J58*K58)/2 -> 105.6384 | N58: 1800 | O58: 0.0943 | P58: =(N58*O58)/2 -> 84.87 | R58: 1704 | S58: 0.089 | T58: =(R58*S58)/2 -> 75.828 | V58: 1620 | W58: 0.0834 | X58: =(V58*W58)/2 -> 67.554 | Z58: 1512 | AA58: 0.0785 | AB58: =(Z58*AA58)/2 -> 59.346
A59: 26/1 DÜZ RİBANA | B59: 2400 | C59: 0.1355 | D59: =(B59*C59)/2 -> 162.6 | F59: 2208 | G59: 0.1242 | H59: =(F59*G59)/2 -> 137.1168 | J59: 2016 | K59: 0.1128 | L59: =(J59*K59)/2 -> 113.7024 | N59: 1800 | O59: 0.1015 | P59: =(N59*O59)/2 -> 91.35 | R59: 1704 | S59: 0.0959 | T59: =(R59*S59)/2 -> 81.7068 | V59: 1620 | W59: 0.0902 | X59: =(V59*W59)/2 -> 73.062 | Z59: 1512 | AA59: 0.0846 | AB59: =(Z59*AA59)/2 -> 63.9576
A60: 24/1 DÜZ RİBANA | B60: 2400 | C60: 0.1468 | D60: =(B60*C60)/2 -> 176.16 | F60: 2208 | G60: 0.1345 | H60: =(F60*G60)/2 -> 148.488 | J60: 2016 | K60: 0.1223 | L60: =(J60*K60)/2 -> 123.2784 | N60: 1800 | O60: 0.11 | P60: =(N60*O60)/2 -> 99 | R60: 1704 | S60: 0.1039 | T60: =(R60*S60)/2 -> 88.5228 | V60: 1620 | W60: 0.0978 | X60: =(V60*W60)/2 -> 79.218 | Z60: 1512 | AA60: 0.0916 | AB60: =(Z60*AA60)/2 -> 69.2496
A61: 20/1 DÜZ RİBANA | B61: 2400 | C61: 0 | D61: =(B61*C61)/2 -> 0 | F61: 2208 | G61: 0.1614 | H61: =(F61*G61)/2 -> 178.1856 | J61: 2016 | K61: 0.1467 | L61: =(J61*K61)/2 -> 147.8736 | N61: 1800 | O61: 0.132 | P61: =(N61*O61)/2 -> 118.8 | R61: 1704 | S61: 0.1247 | T61: =(R61*S61)/2 -> 106.2444 | V61: 1620 | W61: 0.1173 | X61: =(V61*W61)/2 -> 95.013 | Z61: 1512 | AA61: 0.11 | AB61: =(Z61*AA61)/2 -> 83.16
A62: 30 PUSS
B63: Mk. | C63: May | D63: 24 Fayn | F63: Mk. | G63: May | H63: 22 Fayn | J63: Mk. | K63: May | L63: 20 Fayn | N63: Mk. | O63: May | P63: 18 Fayn | R63: Mk. | S63: May | T63: 17 Fayn | V63: Mk. | W63: May | X63: 16 Fayn | Z63: Mk. | AA63: May | AB63: 15 Fayn
A64: KUMAŞ CİNSİ | B64: İğne | F64: İğne | J64: İğne | N64: İğne | R64: İğne | V64: İğne | Z64: İğne
B65: Sayısı | C65: Genişliği | F65: Sayısı | G65: Genişliği | J65: Sayısı | K65: Genişliği | N65: Sayısı | O65: Genişliği | R65: Sayısı | S65: Genişliği | V65: Sayısı | W65: Genişliği | Z65: Sayısı | AA65: Genişliği
A66: 60/1 DÜZ RİBANA | B66: 2268 | C66: 0.0587 | D66: =(B66*C66)/2 -> 66.5658 | F66: 2064 | G66: 0.0538 | H66: =(F66*G66)/2 -> 55.5216 | J66: 1872 | K66: 0.0489 | L66: =(J66*K66)/2 -> 45.7704 | N66: 1680 | O66: 0.044 | P66: =(N66*O66)/2 -> 36.96 | R66: 1602 | S66: 0.0416 | T66: =(R66*S66)/2 -> 33.3216 | V66: 1512 | W66: 0.0391 | X66: =(V66*W66)/2 -> 29.5596 | Z66: 1404 | AA66: 0.0367 | AB66: =(Z66*AA66)/2 -> 25.7634
A67: 50/1 DÜZ RİBANA | B67: 2268 | C67: 0.0705 | D67: =(B67*C67)/2 -> 79.947 | F67: 2064 | G67: 0.0646 | H67: =(F67*G67)/2 -> 66.6672 | J67: 1872 | K67: 0.0587 | L67: =(J67*K67)/2 -> 54.9432 | N67: 1680 | O67: 0.0528 | P67: =(N67*O67)/2 -> 44.352 | R67: 1602 | S67: 0.0498 | T67: =(R67*S67)/2 -> 39.8898 | V67: 1512 | W67: 0.047 | X67: =(V67*W67)/2 -> 35.532 | Z67: 1404 | AA67: 0.044 | AB67: =(Z67*AA67)/2 -> 30.888
A68: 40/1 DÜZ RİBANA | B68: 2268 | C68: 0.0881 | D68: =(B68*C68)/2 -> 99.9054 | F68: 2064 | G68: 0.0807 | H68: =(F68*G68)/2 -> 83.2824 | J68: 1872 | K68: 0.0734 | L68: =(J68*K68)/2 -> 68.7024 | N68: 1680 | O68: 0.066 | P68: =(N68*O68)/2 -> 55.44 | R68: 1602 | S68: 0.0623 | T68: =(R68*S68)/2 -> 49.9023 | V68: 1512 | W68: 0.0587 | X68: =(V68*W68)/2 -> 44.3772 | Z68: 1404 | AA68: 0.055 | AB68: =(Z68*AA68)/2 -> 38.61
A69: 36/1 DÜZ RİBANA | B69: 2268 | C69: 0.0978 | D69: =(B69*C69)/2 -> 110.9052 | F69: 2064 | G69: 0.0897 | H69: =(F69*G69)/2 -> 92.5704 | J69: 1872 | K69: 0.0815 | L69: =(J69*K69)/2 -> 76.284 | N69: 1680 | O69: 0.0733 | P69: =(N69*O69)/2 -> 61.572 | R69: 1602 | S69: 0.0693 | T69: =(R69*S69)/2 -> 55.5093 | V69: 1512 | W69: 0.0652 | X69: =(V69*W69)/2 -> 49.2912 | Z69: 1404 | AA69: 0.0611 | AB69: =(Z69*AA69)/2 -> 42.8922
A70: 34/1 DÜZ RİBANA | B70: 2268 | C70: 0.1036 | D70: =(B70*C70)/2 -> 117.4824 | F70: 2064 | G70: 0.0949 | H70: =(F70*G70)/2 -> 97.9368 | J70: 1872 | K70: 0.0863 | L70: =(J70*K70)/2 -> 80.7768 | N70: 1680 | O70: 0.0776 | P70: =(N70*O70)/2 -> 65.184 | R70: 1602 | S70: 0.0733 | T70: =(R70*S70)/2 -> 58.7133 | V70: 1512 | W70: 0.069 | X70: =(V70*W70)/2 -> 52.164 | Z70: 1404 | AA70: 0.0647 | AB70: =(Z70*AA70)/2 -> 45.4194
A71: 32/1 DÜZ RİBANA | B71: 2268 | C71: 0.1101 | D71: =(B71*C71)/2 -> 124.8534 | F71: 2064 | G71: 0.1009 | H71: =(F71*G71)/2 -> 104.1288 | J71: 1872 | K71: 0.0917 | L71: =(J71*K71)/2 -> 85.8312 | N71: 1680 | O71: 0.0825 | P71: =(N71*O71)/2 -> 69.3 | R71: 1602 | S71: 0.0779 | T71: =(R71*S71)/2 -> 62.3979 | V71: 1512 | W71: 0.0733 | X71: =(V71*W71)/2 -> 55.4148 | Z71: 1404 | AA71: 0.0687 | AB71: =(Z71*AA71)/2 -> 48.2274
A72: 30/1 DÜZ RİBANA | B72: 2268 | C72: 0.1174 | D72: =(B72*C72)/2 -> 133.1316 | F72: 2064 | G72: 0.1076 | H72: =(F72*G72)/2 -> 111.0432 | J72: 1872 | K72: 0.0978 | L72: =(J72*K72)/2 -> 91.5408 | N72: 1680 | O72: 0.088 | P72: =(N72*O72)/2 -> 73.92 | R72: 1602 | S72: 0.0831 | T72: =(R72*S72)/2 -> 66.5631 | V72: 1512 | W72: 0.0782 | X72: =(V72*W72)/2 -> 59.1192 | Z72: 1404 | AA72: 0.0733 | AB72: =(Z72*AA72)/2 -> 51.4566
A73: 28/1 DÜZ RİBANA | B73: 2268 | C73: 0.1258 | D73: =(B73*C73)/2 -> 142.6572 | F73: 2064 | G73: 0.1153 | H73: =(F73*G73)/2 -> 118.9896 | J73: 1872 | K73: 0.1048 | L73: =(J73*K73)/2 -> 98.0928 | N73: 1680 | O73: 0.0943 | P73: =(N73*O73)/2 -> 79.212 | R73: 1602 | S73: 0.089 | T73: =(R73*S73)/2 -> 71.289 | V73: 1512 | W73: 0.0834 | X73: =(V73*W73)/2 -> 63.0504 | Z73: 1404 | AA73: 0.0785 | AB73: =(Z73*AA73)/2 -> 55.107
A74: 26/1 DÜZ RİBANA | B74: 2268 | C74: 0.1355 | D74: =(B74*C74)/2 -> 153.657 | F74: 2064 | G74: 0.1242 | H74: =(F74*G74)/2 -> 128.1744 | J74: 1872 | K74: 0.1128 | L74: =(J74*K74)/2 -> 105.5808 | N74: 1680 | O74: 0.1015 | P74: =(N74*O74)/2 -> 85.26 | R74: 1602 | S74: 0.0959 | T74: =(R74*S74)/2 -> 76.8159 | V74: 1512 | W74: 0.0902 | X74: =(V74*W74)/2 -> 68.1912 | Z74: 1404 | AA74: 0.0846 | AB74: =(Z74*AA74)/2 -> 59.3892
A75: 24/1 DÜZ RİBANA | B75: 2268 | C75: 0.1468 | D75: =(B75*C75)/2 -> 166.4712 | F75: 2064 | G75: 0.1345 | H75: =(F75*G75)/2 -> 138.804 | J75: 1872 | K75: 0.1223 | L75: =(J75*K75)/2 -> 114.4728 | N75: 1680 | O75: 0.11 | P75: =(N75*O75)/2 -> 92.4 | R75: 1602 | S75: 0.1039 | T75: =(R75*S75)/2 -> 83.2239 | V75: 1512 | W75: 0.0978 | X75: =(V75*W75)/2 -> 73.9368 | Z75: 1404 | AA75: 0.0916 | AB75: =(Z75*AA75)/2 -> 64.3032
A76: 20/1 DÜZ RİBANA | B76: 2268 | C76: 0 | D76: =(B76*C76)/2 -> 0 | F76: 2064 | G76: 0.1614 | H76: =(F76*G76)/2 -> 166.5648 | J76: 1872 | K76: 0.1467 | L76: =(J76*K76)/2 -> 137.3112 | N76: 1680 | O76: 0.132 | P76: =(N76*O76)/2 -> 110.88 | R76: 1602 | S76: 0.1247 | T76: =(R76*S76)/2 -> 99.8847 | V76: 1512 | W76: 0.1173 | X76: =(V76*W76)/2 -> 88.6788 | Z76: 1404 | AA76: 0.11 | AB76: =(Z76*AA76)/2 -> 77.22
A77: 26 PUSS
B78: Mk. | C78: May | D78: 24 Fayn | F78: Mk. | G78: May | H78: 22 Fayn | J78: Mk. | K78: May | L78: 20 Fayn | N78: Mk. | O78: May | P78: 18 Fayn | R78: Mk. | S78: May | T78: 17 Fayn | V78: Mk. | W78: May | X78: 16 Fayn | Z78: Mk. | AA78: May | AB78: 15 Fayn
A79: KUMAŞ CİNSİ | B79: İğne | F79: İğne | J79: İğne | N79: İğne | R79: İğne | V79: İğne | Z79: İğne
B80: Sayısı | C80: Genişliği | F80: Sayısı | G80: Genişliği | J80: Sayısı | K80: Genişliği | N80: Sayısı | O80: Genişliği | R80: Sayısı | S80: Genişliği | V80: Sayısı | W80: Genişliği | Z80: Sayısı | AA80: Genişliği
A81: 60/1 DÜZ RİBANA | B81: 1944 | C81: 0.0587 | D81: =(B81*C81)/2 -> 57.0564 | F81: 1800 | G81: 0.0538 | H81: =(F81*G81)/2 -> 48.42 | J81: 1632 | K81: 0.0489 | L81: =(J81*K81)/2 -> 39.9024 | N81: 1476 | O81: 0.044 | P81: =(N81*O81)/2 -> 32.472 | R81: 1386 | S81: 0.0416 | T81: =(R81*S81)/2 -> 28.8288 | V81: 1296 | W81: 0.0391 | X81: =(V81*W81)/2 -> 25.3368 | Z81: 1224 | AA81: 0.0367 | AB81: =(Z81*AA81)/2 -> 22.4604
A82: 50/1 DÜZ RİBANA | B82: 1944 | C82: 0.0705 | D82: =(B82*C82)/2 -> 68.526 | F82: 1800 | G82: 0.0646 | H82: =(F82*G82)/2 -> 58.14 | J82: 1632 | K82: 0.0587 | L82: =(J82*K82)/2 -> 47.8992 | N82: 1476 | O82: 0.0528 | P82: =(N82*O82)/2 -> 38.9664 | R82: 1386 | S82: 0.0498 | T82: =(R82*S82)/2 -> 34.5114 | V82: 1296 | W82: 0.047 | X82: =(V82*W82)/2 -> 30.456 | Z82: 1224 | AA82: 0.044 | AB82: =(Z82*AA82)/2 -> 26.928
A83: 40/1 DÜZ RİBANA | B83: 1944 | C83: 0.0881 | D83: =(B83*C83)/2 -> 85.6332 | F83: 1800 | G83: 0.0807 | H83: =(F83*G83)/2 -> 72.63 | J83: 1632 | K83: 0.0734 | L83: =(J83*K83)/2 -> 59.8944 | N83: 1476 | O83: 0.066 | P83: =(N83*O83)/2 -> 48.708 | R83: 1386 | S83: 0.0623 | T83: =(R83*S83)/2 -> 43.1739 | V83: 1296 | W83: 0.0587 | X83: =(V83*W83)/2 -> 38.0376 | Z83: 1224 | AA83: 0.055 | AB83: =(Z83*AA83)/2 -> 33.66
A84: 36/1 DÜZ RİBANA | B84: 1944 | C84: 0.0978 | D84: =(B84*C84)/2 -> 95.0616 | F84: 1800 | G84: 0.0897 | H84: =(F84*G84)/2 -> 80.73 | J84: 1632 | K84: 0.0815 | L84: =(J84*K84)/2 -> 66.504 | N84: 1476 | O84: 0.0733 | P84: =(N84*O84)/2 -> 54.0954 | R84: 1386 | S84: 0.0693 | T84: =(R84*S84)/2 -> 48.0249 | V84: 1296 | W84: 0.0652 | X84: =(V84*W84)/2 -> 42.2496 | Z84: 1224 | AA84: 0.0611 | AB84: =(Z84*AA84)/2 -> 37.3932
A85: 34/1 DÜZ RİBANA | B85: 1944 | C85: 0.1036 | D85: =(B85*C85)/2 -> 100.6992 | F85: 1800 | G85: 0.0949 | H85: =(F85*G85)/2 -> 85.41 | J85: 1632 | K85: 0.0863 | L85: =(J85*K85)/2 -> 70.4208 | N85: 1476 | O85: 0.0776 | P85: =(N85*O85)/2 -> 57.2688 | R85: 1386 | S85: 0.0733 | T85: =(R85*S85)/2 -> 50.7969 | V85: 1296 | W85: 0.069 | X85: =(V85*W85)/2 -> 44.712 | Z85: 1224 | AA85: 0.0647 | AB85: =(Z85*AA85)/2 -> 39.5964
A86: 32/1 DÜZ RİBANA | B86: 1944 | C86: 0.1101 | D86: =(B86*C86)/2 -> 107.0172 | F86: 1800 | G86: 0.1009 | H86: =(F86*G86)/2 -> 90.81 | J86: 1632 | K86: 0.0917 | L86: =(J86*K86)/2 -> 74.8272 | N86: 1476 | O86: 0.0825 | P86: =(N86*O86)/2 -> 60.885 | R86: 1386 | S86: 0.0779 | T86: =(R86*S86)/2 -> 53.9847 | V86: 1296 | W86: 0.0733 | X86: =(V86*W86)/2 -> 47.4984 | Z86: 1224 | AA86: 0.0687 | AB86: =(Z86*AA86)/2 -> 42.0444
A87: 30/1 DÜZ RİBANA | B87: 1944 | C87: 0.1174 | D87: =(B87*C87)/2 -> 114.1128 | F87: 1800 | G87: 0.1076 | H87: =(F87*G87)/2 -> 96.84 | J87: 1632 | K87: 0.0978 | L87: =(J87*K87)/2 -> 79.8048 | N87: 1476 | O87: 0.088 | P87: =(N87*O87)/2 -> 64.944 | R87: 1386 | S87: 0.0831 | T87: =(R87*S87)/2 -> 57.5883 | V87: 1296 | W87: 0.0782 | X87: =(V87*W87)/2 -> 50.6736 | Z87: 1224 | AA87: 0.0733 | AB87: =(Z87*AA87)/2 -> 44.8596
A88: 28/1 DÜZ RİBANA | B88: 1944 | C88: 0.1258 | D88: =(B88*C88)/2 -> 122.2776 | F88: 1800 | G88: 0.1153 | H88: =(F88*G88)/2 -> 103.77 | J88: 1632 | K88: 0.1048 | L88: =(J88*K88)/2 -> 85.5168 | N88: 1476 | O88: 0.0943 | P88: =(N88*O88)/2 -> 69.5934 | R88: 1386 | S88: 0.089 | T88: =(R88*S88)/2 -> 61.677 | V88: 1296 | W88: 0.0834 | X88: =(V88*W88)/2 -> 54.0432 | Z88: 1224 | AA88: 0.0785 | AB88: =(Z88*AA88)/2 -> 48.042
A89: 26/1 DÜZ RİBANA | B89: 1944 | C89: 0.1355 | D89: =(B89*C89)/2 -> 131.706 | F89: 1800 | G89: 0.1242 | H89: =(F89*G89)/2 -> 111.78 | J89: 1632 | K89: 0.1128 | L89: =(J89*K89)/2 -> 92.0448 | N89: 1476 | O89: 0.1015 | P89: =(N89*O89)/2 -> 74.907 | R89: 1386 | S89: 0.0959 | T89: =(R89*S89)/2 -> 66.4587 | V89: 1296 | W89: 0.0902 | X89: =(V89*W89)/2 -> 58.4496 | Z89: 1224 | AA89: 0.0846 | AB89: =(Z89*AA89)/2 -> 51.7752
A90: 24/1 DÜZ RİBANA | B90: 1944 | C90: 0.1468 | D90: =(B90*C90)/2 -> 142.6896 | F90: 1800 | G90: 0.1345 | H90: =(F90*G90)/2 -> 121.05 | J90: 1632 | K90: 0.1223 | L90: =(J90*K90)/2 -> 99.7968 | N90: 1476 | O90: 0.11 | P90: =(N90*O90)/2 -> 81.18 | R90: 1386 | S90: 0.1039 | T90: =(R90*S90)/2 -> 72.0027 | V90: 1296 | W90: 0.0978 | X90: =(V90*W90)/2 -> 63.3744 | Z90: 1224 | AA90: 0.0916 | AB90: =(Z90*AA90)/2 -> 56.0592
A91: 20/1 DÜZ RİBANA | B91: 1944 | C91: 0 | D91: =(B91*C91)/2 -> 0 | F91: 1800 | G91: 0.1614 | H91: =(F91*G91)/2 -> 145.26 | J91: 1632 | K91: 0.1467 | L91: =(J91*K91)/2 -> 119.7072 | N91: 1476 | O91: 0.132 | P91: =(N91*O91)/2 -> 97.416 | R91: 1386 | S91: 0.1247 | T91: =(R91*S91)/2 -> 86.4171 | V91: 1296 | W91: 0.1173 | X91: =(V91*W91)/2 -> 76.0104 | Z91: 1224 | AA91: 0.11 | AB91: =(Z91*AA91)/2 -> 67.32
A92: Not: 17 faynlar ORİZİO diğer faynlar MAYER makinalarına göre ayarlanmışdır

Sheet 1X1 ÇİFT KAT DÜZ RİBANA GRAMAJ
A1: 50 iğne | B1: 1x1 iğne boşaltmalı çift katlı DÜZ RİBANA; 100 MAYDAKİ İPLİK UZUNLUKLARINA GÖRE ORTALAMA MAMÜL GRAMAJLARI
A2: 18 | B2: İPLİK NUMARALARI
A3: FAYN | B3: 100 | C3: 80 | D3: 60 | E3: 50 | F3: 40 | G3: 39 | H3: 38 | I3: 37 | J3: 36 | K3: 35 | L3: 34 | M3: 33 | N3: 32 | O3: 31 | P3: 30 | Q3: 29 | R3: 28 | S3: 27 | T3: 26 | U3: 25 | V3: 24 | W3: 23 | X3: 22 | Y3: 21 | Z3: 20 | AA3: 19 | AB3: 18 | AC3: 17 | AD3: 16 | AE3: 15 | AF3: 14 | AG3: 13 | AH3: 12 | AI3: 11 | AJ3: 10
A4: 45 cm | B4: =(C3*C4)/(B3) -> 22.2 | C4: =(D3*D4)/(C3) -> 27.75 | D4: =(E3*E4)/(D3) -> 37 | E4: =(F3*F4)/(E3) -> 44.4 | F4: =(G3*G4)/(F3) -> 55.5 | G4: =(H3*H4)/(G3) -> 56.923077 | H4: =(I3*I4)/(H3) -> 58.421053 | I4: =(J3*J4)/(I3) -> 60 | ... O4: =(P3*P4)/(O3) -> 71.612903 | P4: 74 | Q4: =(P3*P4)/(Q3) -> 76.551724 | R4: =(Q3*Q4)/(R3) -> 79.285714 | S4: =(R3*R4)/(S3) -> 82.222222 | T4: =(S3*S4)/(T3) -> 85.384615 | U4: =(T3*T4)/(U3) -> 88.8 | V4: =(U3*U4)/(V3) -> 92.5 | W4: =(V3*V4)/(W3) -> 96.521739 | X4: =(W3*W4)/(X3) -> 100.90909 | ... AJ4: =(AI3*AI4)/(AJ3) -> 222
A5: 44 cm | B5: =(C3*C5)/(B3) -> 22.5 | C5: =(D3*D5)/(C3) -> 28.125 | D5: =(E3*E5)/(D3) -> 37.5 | E5: =(F3*F5)/(E3) -> 45 | F5: =(G3*G5)/(F3) -> 56.25 | G5: =(H3*H5)/(G3) -> 57.692308 | H5: =(I3*I5)/(H3) -> 59.210526 | I5: =(J3*J5)/(I3) -> 60.810811 | ... O5: =(P3*P5)/(O3) -> 72.580645 | P5: 75 | Q5: =(P3*P5)/(Q3) -> 77.586207 | R5: =(Q3*Q5)/(R3) -> 80.357143 | S5: =(R3*R5)/(S3) -> 83.333333 | T5: =(S3*S5)/(T3) -> 86.538462 | U5: =(T3*T5)/(U3) -> 90 | V5: =(U3*U5)/(V3) -> 93.75 | W5: =(V3*V5)/(W3) -> 97.826087 | X5: =(W3*W5)/(X3) -> 102.27273 | ... AJ5: =(AI3*AI5)/(AJ3) -> 225
A6: 43 cm | B6: =(C3*C6)/(B3) -> 23.1 | C6: =(D3*D6)/(C3) -> 28.875 | D6: =(E3*E6)/(D3) -> 38.5 | E6: =(F3*F6)/(E3) -> 46.2 | F6: =(G3*G6)/(F3) -> 57.75 | G6: =(H3*H6)/(G3) -> 59.230769 | H6: =(I3*I6)/(H3) -> 60.789474 | I6: =(J3*J6)/(I3) -> 62.432432 | ... O6: =(P3*P6)/(O3) -> 74.516129 | P6: 77 | Q6: =(P3*P6)/(Q3) -> 79.655172 | R6: =(Q3*Q6)/(R3) -> 82.5 | S6: =(R3*R6)/(S3) -> 85.555556 | T6: =(S3*S6)/(T3) -> 88.846154 | U6: =(T3*T6)/(U3) -> 92.4 | V6: =(U3*U6)/(V3) -> 96.25 | W6: =(V3*V6)/(W3) -> 100.43478 | X6: =(W3*W6)/(X3) -> 105 | ... AJ6: =(AI3*AI6)/(AJ3) -> 231
A7: 42 cm | B7: =(C3*C7)/(B3) -> 23.7 | C7: =(D3*D7)/(C3) -> 29.625 | D7: =(E3*E7)/(D3) -> 39.5 | E7: =(F3*F7)/(E3) -> 47.4 | F7: =(G3*G7)/(F3) -> 59.25 | G7: =(H3*H7)/(G3) -> 60.769231 | H7: =(I3*I7)/(H3) -> 62.368421 | I7: =(J3*J7)/(I3) -> 64.054054 | ... O7: =(P3*P7)/(O3) -> 76.451613 | P7: 79 | Q7: =(P3*P7)/(Q3) -> 81.724138 | R7: =(Q3*Q7)/(R3) -> 84.642857 | S7: =(R3*R7)/(S3) -> 87.777778 | T7: =(S3*S7)/(T3) -> 91.153846 | U7: =(T3*T7)/(U3) -> 94.8 | V7: =(U3*U7)/(V3) -> 98.75 | W7: =(V3*V7)/(W3) -> 103.04348 | X7: =(W3*W7)/(X3) -> 107.72727 | ... AJ7: =(AI3*AI7)/(AJ3) -> 237
A8: 41 cm | B8: =(C3*C8)/(B3) -> 24.3 | C8: =(D3*D8)/(C3) -> 30.375 | D8: =(E3*E8)/(D3) -> 40.5 | E8: =(F3*F8)/(E3) -> 48.6 | F8: =(G3*G8)/(F3) -> 60.75 | G8: =(H3*H8)/(G3) -> 62.307692 | H8: =(I3*I8)/(H3) -> 63.947368 | I8: =(J3*J8)/(I3) -> 65.675676 | ... O8: =(P3*P8)/(O3) -> 78.387097 | P8: 81 | Q8: =(P3*P8)/(Q3) -> 83.793103 | R8: =(Q3*Q8)/(R3) -> 86.785714 | S8: =(R3*R8)/(S3) -> 90 | T8: =(S3*S8)/(T3) -> 93.461538 | U8: =(T3*T8)/(U3) -> 97.2 | V8: =(U3*U8)/(V3) -> 101.25 | W8: =(V3*V8)/(W3) -> 105.65217 | X8: =(W3*W8)/(X3) -> 110.45455 | ... AJ8: =(AI3*AI8)/(AJ3) -> 243
A9: 40 cm | B9: =(C3*C9)/(B3) -> 24.9 | C9: =(D3*D9)/(C3) -> 31.125 | D9: =(E3*E9)/(D3) -> 41.5 | E9: =(F3*F9)/(E3) -> 49.8 | F9: =(G3*G9)/(F3) -> 62.25 | G9: =(H3*H9)/(G3) -> 63.846154 | H9: =(I3*I9)/(H3) -> 65.526316 | I9: =(J3*J9)/(I3) -> 67.297297 | ... O9: =(P3*P9)/(O3) -> 80.322581 | P9: 83 | Q9: =(P3*P9)/(Q3) -> 85.862069 | R9: =(Q3*Q9)/(R3) -> 88.928571 | S9: =(R3*R9)/(S3) -> 92.222222 | T9: =(S3*S9)/(T3) -> 95.769231 | U9: =(T3*T9)/(U3) -> 99.6 | V9: =(U3*U9)/(V3) -> 103.75 | W9: =(V3*V9)/(W3) -> 108.26087 | X9: =(W3*W9)/(X3) -> 113.18182 | ... AJ9: =(AI3*AI9)/(AJ3) -> 249
A10: 39 cm | B10: =(C3*C10)/(B3) -> 25.5 | C10: =(D3*D10)/(C3) -> 31.875 | D10: =(E3*E10)/(D3) -> 42.5 | E10: =(F3*F10)/(E3) -> 51 | F10: =(G3*G10)/(F3) -> 63.75 | G10: =(H3*H10)/(G3) -> 65.384615 | H10: =(I3*I10)/(H3) -> 67.105263 | I10: =(J3*J10)/(I3) -> 68.918919 | ... O10: =(P3*P10)/(O3) -> 82.258065 | P10: 85 | Q10: =(P3*P10)/(Q3) -> 87.931034 | R10: =(Q3*Q10)/(R3) -> 91.071429 | S10: =(R3*R10)/(S3) -> 94.444444 | T10: =(S3*S10)/(T3) -> 98.076923 | U10: =(T3*T10)/(U3) -> 102 | V10: =(U3*U10)/(V3) -> 106.25 | W10: =(V3*V10)/(W3) -> 110.86957 | X10: =(W3*W10)/(X3) -> 115.90909 | ... AJ10: =(AI3*AI10)/(AJ3) -> 255
A11: 38 cm | B11: =(C3*C11)/(B3) -> 26.1 | C11: =(D3*D11)/(C3) -> 32.625 | D11: =(E3*E11)/(D3) -> 43.5 | E11: =(F3*F11)/(E3) -> 52.2 | F11: =(G3*G11)/(F3) -> 65.25 | G11: =(H3*H11)/(G3) -> 66.923077 | H11: =(I3*I11)/(H3) -> 68.684211 | I11: =(J3*J11)/(I3) -> 70.540541 | ... O11: =(P3*P11)/(O3) -> 84.193548 | P11: 87 | Q11: =(P3*P11)/(Q3) -> 90 | R11: =(Q3*Q11)/(R3) -> 93.214286 | S11: =(R3*R11)/(S3) -> 96.666667 | T11: =(S3*S11)/(T3) -> 100.38462 | U11: =(T3*T11)/(U3) -> 104.4 | V11: =(U3*U11)/(V3) -> 108.75 | W11: =(V3*V11)/(W3) -> 113.47826 | X11: =(W3*W11)/(X3) -> 118.63636 | ... AJ11: =(AI3*AI11)/(AJ3) -> 261
A12: 37 cm | B12: =(C3*C12)/(B3) -> 27 | C12: =(D3*D12)/(C3) -> 33.75 | D12: =(E3*E12)/(D3) -> 45 | E12: =(F3*F12)/(E3) -> 54 | F12: =(G3*G12)/(F3) -> 67.5 | G12: =(H3*H12)/(G3) -> 69.230769 | H12: =(I3*I12)/(H3) -> 71.052632 | I12: =(J3*J12)/(I3) -> 72.972973 | ... O12: =(P3*P12)/(O3) -> 87.096774 | P12: 90 | Q12: =(P3*P12)/(Q3) -> 93.103448 | R12: =(Q3*Q12)/(R3) -> 96.428571 | S12: =(R3*R12)/(S3) -> 100 | T12: =(S3*S12)/(T3) -> 103.84615 | U12: =(T3*T12)/(U3) -> 108 | V12: =(U3*U12)/(V3) -> 112.5 | W12: =(V3*V12)/(W3) -> 117.3913 | X12: =(W3*W12)/(X3) -> 122.72727 | ... AJ12: =(AI3*AI12)/(AJ3) -> 270
A13: 36 cm | B13: =(C3*C13)/(B3) -> 27.6 | C13: =(D3*D13)/(C3) -> 34.5 | D13: =(E3*E13)/(D3) -> 46 | E13: =(F3*F13)/(E3) -> 55.2 | F13: =(G3*G13)/(F3) -> 69 | G13: =(H3*H13)/(G3) -> 70.769231 | H13: =(I3*I13)/(H3) -> 72.631579 | I13: =(J3*J13)/(I3) -> 74.594595 | ... O13: =(P3*P13)/(O3) -> 89.032258 | P13: 92 | Q13: =(P3*P13)/(Q3) -> 95.172414 | R13: =(Q3*Q13)/(R3) -> 98.571429 | S13: =(R3*R13)/(S3) -> 102.22222 | T13: =(S3*S13)/(T3) -> 106.15385 | U13: =(T3*T13)/(U3) -> 110.4 | V13: =(U3*U13)/(V3) -> 115 | W13: =(V3*V13)/(W3) -> 120 | X13: =(W3*W13)/(X3) -> 125.45455 | ... AJ13: =(AI3*AI13)/(AJ3) -> 276
A14: 35 cm | B14: =(C3*C14)/(B3) -> 28.5 | C14: =(D3*D14)/(C3) -> 35.625 | D14: =(E3*E14)/(D3) -> 47.5 | E14: =(F3*F14)/(E3) -> 57 | F14: =(G3*G14)/(F3) -> 71.25 | G14: =(H3*H14)/(G3) -> 73.076923 | H14: =(I3*I14)/(H3) -> 75 | I14: =(J3*J14)/(I3) -> 77.027027 | ... O14: =(P3*P14)/(O3) -> 91.935484 | P14: 95 | Q14: =(P3*P14)/(Q3) -> 98.275862 | R14: =(Q3*Q14)/(R3) -> 101.78571 | S14: =(R3*R14)/(S3) -> 105.55556 | T14: =(S3*S14)/(T3) -> 109.61538 | U14: =(T3*T14)/(U3) -> 114 | V14: =(U3*U14)/(V3) -> 118.75 | W14: =(V3*V14)/(W3) -> 123.91304 | X14: =(W3*W14)/(X3) -> 129.54545 | ... AJ14: =(AI3*AI14)/(AJ3) -> 285
A15: 34 cm | B15: =(C3*C15)/(B3) -> 29.1 | C15: =(D3*D15)/(C3) -> 36.375 | D15: =(E3*E15)/(D3) -> 48.5 | E15: =(F3*F15)/(E3) -> 58.2 | F15: =(G3*G15)/(F3) -> 72.75 | G15: =(H3*H15)/(G3) -> 74.615385 | H15: =(I3*I15)/(H3) -> 76.578947 | I15: =(J3*J15)/(I3) -> 78.648649 | ... O15: =(P3*P15)/(O3) -> 93.870968 | P15: 97 | Q15: =(P3*P15)/(Q3) -> 100.34483 | R15: =(Q3*Q15)/(R3) -> 103.92857 | S15: =(R3*R15)/(S3) -> 107.77778 | T15: =(S3*S15)/(T3) -> 111.92308 | U15: =(T3*T15)/(U3) -> 116.4 | V15: =(U3*U15)/(V3) -> 121.25 | W15: =(V3*V15)/(W3) -> 126.52174 | X15: =(W3*W15)/(X3) -> 132.27273 | ... AJ15: =(AI3*AI15)/(AJ3) -> 291
A16: 33 cm | B16: =(C3*C16)/(B3) -> 30 | C16: =(D3*D16)/(C3) -> 37.5 | D16: =(E3*E16)/(D3) -> 50 | E16: =(F3*F16)/(E3) -> 60 | F16: =(G3*G16)/(F3) -> 75 | G16: =(H3*H16)/(G3) -> 76.923077 | H16: =(I3*I16)/(H3) -> 78.947368 | I16: =(J3*J16)/(I3) -> 81.081081 | ... O16: =(P3*P16)/(O3) -> 96.774194 | P16: 100 | Q16: =(P3*P16)/(Q3) -> 103.44828 | R16: =(Q3*Q16)/(R3) -> 107.14286 | S16: =(R3*R16)/(S3) -> 111.11111 | T16: =(S3*S16)/(T3) -> 115.38462 | U16: =(T3*T16)/(U3) -> 120 | V16: =(U3*U16)/(V3) -> 125 | W16: =(V3*V16)/(W3) -> 130.43478 | X16: =(W3*W16)/(X3) -> 136.36364 | ... AJ16: =(AI3*AI16)/(AJ3) -> 300
A17: 32 cm | B17: =(C3*C17)/(B3) -> 31.2 | C17: =(D3*D17)/(C3) -> 39 | D17: =(E3*E17)/(D3) -> 52 | E17: =(F3*F17)/(E3) -> 62.4 | F17: =(G3*G17)/(F3) -> 78 | G17: =(H3*H17)/(G3) -> 80 | H17: =(I3*I17)/(H3) -> 82.105263 | I17: =(J3*J17)/(I3) -> 84.324324 | ... O17: =(P3*P17)/(O3) -> 100.64516 | P17: 104 | Q17: =(P3*P17)/(Q3) -> 107.58621 | R17: =(Q3*Q17)/(R3) -> 111.42857 | S17: =(R3*R17)/(S3) -> 115.55556 | T17: =(S3*S17)/(T3) -> 120 | U17: =(T3*T17)/(U3) -> 124.8 | V17: =(U3*U17)/(V3) -> 130 | W17: =(V3*V17)/(W3) -> 135.65217 | X17: =(W3*W17)/(X3) -> 141.81818 | ... AJ17: =(AI3*AI17)/(AJ3) -> 312
A18: 31 cm | B18: =(C3*C18)/(B3) -> 32.1 | C18: =(D3*D18)/(C3) -> 40.125 | D18: =(E3*E18)/(D3) -> 53.5 | E18: =(F3*F18)/(E3) -> 64.2 | F18: =(G3*G18)/(F3) -> 80.25 | G18: =(H3*H18)/(G3) -> 82.307692 | H18: =(I3*I18)/(H3) -> 84.473684 | I18: =(J3*J18)/(I3) -> 86.756757 | ... O18: =(P3*P18)/(O3) -> 103.54839 | P18: 107 | Q18: =(P3*P18)/(Q3) -> 110.68966 | R18: =(Q3*Q18)/(R3) -> 114.64286 | S18: =(R3*R18)/(S3) -> 118.88889 | T18: =(S3*S18)/(T3) -> 123.46154 | U18: =(T3*T18)/(U3) -> 128.4 | V18: =(U3*U18)/(V3) -> 133.75 | W18: =(V3*V18)/(W3) -> 139.56522 | X18: =(W3*W18)/(X3) -> 145.90909 | ... AJ18: =(AI3*AI18)/(AJ3) -> 321
A19: 30 cm | B19: =(C3*C19)/(B3) -> 33 | C19: =(D3*D19)/(C3) -> 41.25 | D19: =(E3*E19)/(D3) -> 55 | E19: =(F3*F19)/(E3) -> 66 | F19: =(G3*G19)/(F3) -> 82.5 | G19: =(H3*H19)/(G3) -> 84.615385 | H19: =(I3*I19)/(H3) -> 86.842105 | I19: =(J3*J19)/(I3) -> 89.189189 | ... O19: =(P3*P19)/(O3) -> 106.45161 | P19: 110 | Q19: =(P3*P19)/(Q3) -> 113.7931 | R19: =(Q3*Q19)/(R3) -> 117.85714 | S19: =(R3*R19)/(S3) -> 122.22222 | T19: =(S3*S19)/(T3) -> 126.92308 | U19: =(T3*T19)/(U3) -> 132 | V19: =(U3*U19)/(V3) -> 137.5 | W19: =(V3*V19)/(W3) -> 143.47826 | X19: =(W3*W19)/(X3) -> 150 | ... AJ19: =(AI3*AI19)/(AJ3) -> 330
A20: 29 cm | B20: =(C3*C20)/(B3) -> 34.2 | C20: =(D3*D20)/(C3) -> 42.75 | D20: =(E3*E20)/(D3) -> 57 | E20: =(F3*F20)/(E3) -> 68.4 | F20: =(G3*G20)/(F3) -> 85.5 | G20: =(H3*H20)/(G3) -> 87.692308 | H20: =(I3*I20)/(H3) -> 90 | I20: =(J3*J20)/(I3) -> 92.432432 | ... O20: =(P3*P20)/(O3) -> 110.32258 | P20: 114 | Q20: =(P3*P20)/(Q3) -> 117.93103 | R20: =(Q3*Q20)/(R3) -> 122.14286 | S20: =(R3*R20)/(S3) -> 126.66667 | T20: =(S3*S20)/(T3) -> 131.53846 | U20: =(T3*T20)/(U3) -> 136.8 | V20: =(U3*U20)/(V3) -> 142.5 | W20: =(V3*V20)/(W3) -> 148.69565 | X20: =(W3*W20)/(X3) -> 155.45455 | ... AJ20: =(AI3*AI20)/(AJ3) -> 342
A21: 28 cm | B21: =(C3*C21)/(B3) -> 35.4 | C21: =(D3*D21)/(C3) -> 44.25 | D21: =(E3*E21)/(D3) -> 59 | E21: =(F3*F21)/(E3) -> 70.8 | F21: =(G3*G21)/(F3) -> 88.5 | G21: =(H3*H21)/(G3) -> 90.769231 | H21: =(I3*I21)/(H3) -> 93.157895 | I21: =(J3*J21)/(I3) -> 95.675676 | ... O21: =(P3*P21)/(O3) -> 114.19355 | P21: 118 | Q21: =(P3*P21)/(Q3) -> 122.06897 | R21: =(Q3*Q21)/(R3) -> 126.42857 | S21: =(R3*R21)/(S3) -> 131.11111 | T21: =(S3*S21)/(T3) -> 136.15385 | U21: =(T3*T21)/(U3) -> 141.6 | V21: =(U3*U21)/(V3) -> 147.5 | W21: =(V3*V21)/(W3) -> 153.91304 | X21: =(W3*W21)/(X3) -> 160.90909 | ... AJ21: =(AI3*AI21)/(AJ3) -> 354
A22: 27 cm | B22: =(C3*C22)/(B3) -> 36.9 | C22: =(D3*D22)/(C3) -> 46.125 | D22: =(E3*E22)/(D3) -> 61.5 | E22: =(F3*F22)/(E3) -> 73.8 | F22: =(G3*G22)/(F3) -> 92.25 | G22: =(H3*H22)/(G3) -> 94.615385 | H22: =(I3*I22)/(H3) -> 97.105263 | I22: =(J3*J22)/(I3) -> 99.72973 | ... O22: =(P3*P22)/(O3) -> 119.03226 | P22: 123 | Q22: =(P3*P22)/(Q3) -> 127.24138 | R22: =(Q3*Q22)/(R3) -> 131.78571 | S22: =(R3*R22)/(S3) -> 136.66667 | T22: =(S3*S22)/(T3) -> 141.92308 | U22: =(T3*T22)/(U3) -> 147.6 | V22: =(U3*U22)/(V3) -> 153.75 | W22: =(V3*V22)/(W3) -> 160.43478 | X22: =(W3*W22)/(X3) -> 167.72727 | ... AJ22: =(AI3*AI22)/(AJ3) -> 369
A23: 26 cm | B23: =(C3*C23)/(B3) -> 38.1 | C23: =(D3*D23)/(C3) -> 47.625 | D23: =(E3*E23)/(D3) -> 63.5 | E23: =(F3*F23)/(E3) -> 76.2 | F23: =(G3*G23)/(F3) -> 95.25 | G23: =(H3*H23)/(G3) -> 97.692308 | H23: =(I3*I23)/(H3) -> 100.26316 | I23: =(J3*J23)/(I3) -> 102.97297 | ... O23: =(P3*P23)/(O3) -> 122.90323 | P23: 127 | Q23: =(P3*P23)/(Q3) -> 131.37931 | R23: =(Q3*Q23)/(R3) -> 136.07143 | S23: =(R3*R23)/(S3) -> 141.11111 | T23: =(S3*S23)/(T3) -> 146.53846 | U23: =(T3*T23)/(U3) -> 152.4 | V23: =(U3*U23)/(V3) -> 158.75 | W23: =(V3*V23)/(W3) -> 165.65217 | X23: =(W3*W23)/(X3) -> 173.18182 | ... AJ23: =(AI3*AI23)/(AJ3) -> 381
A24: 25 cm | B24: =(C3*C24)/(B3) -> 39.6 | C24: =(D3*D24)/(C3) -> 49.5 | D24: =(E3*E24)/(D3) -> 66 | E24: =(F3*F24)/(E3) -> 79.2 | F24: =(G3*G24)/(F3) -> 99 | G24: =(H3*H24)/(G3) -> 101.53846 | H24: =(I3*I24)/(H3) -> 104.21053 | I24: =(J3*J24)/(I3) -> 107.02703 | ... O24: =(P3*P24)/(O3) -> 127.74194 | P24: 132 | Q24: =(P3*P24)/(Q3) -> 136.55172 | R24: =(Q3*Q24)/(R3) -> 141.42857 | S24: =(R3*R24)/(S3) -> 146.66667 | T24: =(S3*S24)/(T3) -> 152.30769 | U24: =(T3*T24)/(U3) -> 158.4 | V24: =(U3*U24)/(V3) -> 165 | W24: =(V3*V24)/(W3) -> 172.17391 | X24: =(W3*W24)/(X3) -> 180 | ... AJ24: =(AI3*AI24)/(AJ3) -> 396
A25: 24 cm | B25: =(C3*C25)/(B3) -> 41.4 | C25: =(D3*D25)/(C3) -> 51.75 | D25: =(E3*E25)/(D3) -> 69 | E25: =(F3*F25)/(E3) -> 82.8 | F25: =(G3*G25)/(F3) -> 103.5 | G25: =(H3*H25)/(G3) -> 106.15385 | H25: =(I3*I25)/(H3) -> 108.94737 | I25: =(J3*J25)/(I3) -> 111.89189 | ... O25: =(P3*P25)/(O3) -> 133.54839 | P25: 138 | Q25: =(P3*P25)/(Q3) -> 142.75862 | R25: =(Q3*Q25)/(R3) -> 147.85714 | S25: =(R3*R25)/(S3) -> 153.33333 | T25: =(S3*S25)/(T3) -> 159.23077 | U25: =(T3*T25)/(U3) -> 165.6 | V25: =(U3*U25)/(V3) -> 172.5 | W25: =(V3*V25)/(W3) -> 180 | X25: =(W3*W25)/(X3) -> 188.18182 | ... AJ25: =(AI3*AI25)/(AJ3) -> 414
A26: 23 cm | B26: =(C3*C26)/(B3) -> 43.2 | C26: =(D3*D26)/(C3) -> 54 | D26: =(E3*E26)/(D3) -> 72 | E26: =(F3*F26)/(E3) -> 86.4 | F26: =(G3*G26)/(F3) -> 108 | G26: =(H3*H26)/(G3) -> 110.76923 | H26: =(I3*I26)/(H3) -> 113.68421 | I26: =(J3*J26)/(I3) -> 116.75676 | ... O26: =(P3*P26)/(O3) -> 139.35484 | P26: 144 | Q26: =(P3*P26)/(Q3) -> 148.96552 | R26: =(Q3*Q26)/(R3) -> 154.28571 | S26: =(R3*R26)/(S3) -> 160 | T26: =(S3*S26)/(T3) -> 166.15385 | U26: =(T3*T26)/(U3) -> 172.8 | V26: =(U3*U26)/(V3) -> 180 | W26: =(V3*V26)/(W3) -> 187.82609 | X26: =(W3*W26)/(X3) -> 196.36364 | ... AJ26: =(AI3*AI26)/(AJ3) -> 432
A27: 22 cm | B27: =(C3*C27)/(B3) -> 45.3 | C27: =(D3*D27)/(C3) -> 56.625 | D27: =(E3*E27)/(D3) -> 75.5 | E27: =(F3*F27)/(E3) -> 90.6 | F27: =(G3*G27)/(F3) -> 113.25 | G27: =(H3*H27)/(G3) -> 116.15385 | H27: =(I3*I27)/(H3) -> 119.21053 | I27: =(J3*J27)/(I3) -> 122.43243 | ... O27: =(P3*P27)/(O3) -> 146.12903 | P27: 151 | Q27: =(P3*P27)/(Q3) -> 156.2069 | R27: =(Q3*Q27)/(R3) -> 161.78571 | S27: =(R3*R27)/(S3) -> 167.77778 | T27: =(S3*S27)/(T3) -> 174.23077 | U27: =(T3*T27)/(U3) -> 181.2 | V27: =(U3*U27)/(V3) -> 188.75 | W27: =(V3*V27)/(W3) -> 196.95652 | X27: =(W3*W27)/(X3) -> 205.90909 | ... AJ27: =(AI3*AI27)/(AJ3) -> 453
A28: 21 cm | B28: =(C3*C28)/(B3) -> 47.4 | C28: =(D3*D28)/(C3) -> 59.25 | D28: =(E3*E28)/(D3) -> 79 | E28: =(F3*F28)/(E3) -> 94.8 | F28: =(G3*G28)/(F3) -> 118.5 | G28: =(H3*H28)/(G3) -> 121.53846 | H28: =(I3*I28)/(H3) -> 124.73684 | I28: =(J3*J28)/(I3) -> 128.10811 | ... O28: =(P3*P28)/(O3) -> 152.90323 | P28: 158 | Q28: =(P3*P28)/(Q3) -> 163.44828 | R28: =(Q3*Q28)/(R3) -> 169.28571 | S28: =(R3*R28)/(S3) -> 175.55556 | T28: =(S3*S28)/(T3) -> 182.30769 | U28: =(T3*T28)/(U3) -> 189.6 | V28: =(U3*U28)/(V3) -> 197.5 | W28: =(V3*V28)/(W3) -> 206.08696 | X28: =(W3*W28)/(X3) -> 215.45455 | ... AJ28: =(AI3*AI28)/(AJ3) -> 474
A29: 20 cm | B29: =(C3*C29)/(B3) -> 49.8 | C29: =(D3*D29)/(C3) -> 62.25 | D29: =(E3*E29)/(D3) -> 83 | E29: =(F3*F29)/(E3) -> 99.6 | F29: =(G3*G29)/(F3) -> 124.5 | G29: =(H3*H29)/(G3) -> 127.69231 | H29: =(I3*I29)/(H3) -> 131.05263 | I29: =(J3*J29)/(I3) -> 134.59459 | ... O29: =(P3*P29)/(O3) -> 160.64516 | P29: 166 | Q29: =(P3*P29)/(Q3) -> 171.72414 | R29: =(Q3*Q29)/(R3) -> 177.85714 | S29: =(R3*R29)/(S3) -> 184.44444 | T29: =(S3*S29)/(T3) -> 191.53846 | U29: =(T3*T29)/(U3) -> 199.2 | V29: =(U3*U29)/(V3) -> 207.5 | W29: =(V3*V29)/(W3) -> 216.52174 | X29: =(W3*W29)/(X3) -> 226.36364 | ... AJ29: =(AI3*AI29)/(AJ3) -> 498
A30: 19 cm | B30: =(C3*C30)/(B3) -> 52.2 | C30: =(D3*D30)/(C3) -> 65.25 | D30: =(E3*E30)/(D3) -> 87 | E30: =(F3*F30)/(E3) -> 104.4 | F30: =(G3*G30)/(F3) -> 130.5 | G30: =(H3*H30)/(G3) -> 133.84615 | H30: =(I3*I30)/(H3) -> 137.36842 | I30: =(J3*J30)/(I3) -> 141.08108 | ... O30: =(P3*P30)/(O3) -> 168.3871 | P30: 174 | Q30: =(P3*P30)/(Q3) -> 180 | R30: =(Q3*Q30)/(R3) -> 186.42857 | S30: =(R3*R30)/(S3) -> 193.33333 | T30: =(S3*S30)/(T3) -> 200.76923 | U30: =(T3*T30)/(U3) -> 208.8 | V30: =(U3*U30)/(V3) -> 217.5 | W30: =(V3*V30)/(W3) -> 226.95652 | X30: =(W3*W30)/(X3) -> 237.27273 | ... AJ30: =(AI3*AI30)/(AJ3) -> 522
A31: 18 cm | B31: =(C3*C31)/(B3) -> 55.2 | C31: =(D3*D31)/(C3) -> 69 | D31: =(E3*E31)/(D3) -> 92 | E31: =(F3*F31)/(E3) -> 110.4 | F31: =(G3*G31)/(F3) -> 138 | G31: =(H3*H31)/(G3) -> 141.53846 | H31: =(I3*I31)/(H3) -> 145.26316 | I31: =(J3*J31)/(I3) -> 149.18919 | ... O31: =(P3*P31)/(O3) -> 178.06452 | P31: 184 | Q31: =(P3*P31)/(Q3) -> 190.34483 | R31: =(Q3*Q31)/(R3) -> 197.14286 | S31: =(R3*R31)/(S3) -> 204.44444 | T31: =(S3*S31)/(T3) -> 212.30769 | U31: =(T3*T31)/(U3) -> 220.8 | V31: =(U3*U31)/(V3) -> 230 | W31: =(V3*V31)/(W3) -> 240 | X31: =(W3*W31)/(X3) -> 250.90909 | ... AJ31: =(AI3*AI31)/(AJ3) -> 552
A32: 17 cm | B32: =(C3*C32)/(B3) -> 58.5 | C32: =(D3*D32)/(C3) -> 73.125 | D32: =(E3*E32)/(D3) -> 97.5 | E32: =(F3*F32)/(E3) -> 117 | F32: =(G3*G32)/(F3) -> 146.25 | G32: =(H3*H32)/(G3) -> 150 | H32: =(I3*I32)/(H3) -> 153.94737 | I32: =(J3*J32)/(I3) -> 158.10811 | ... O32: =(P3*P32)/(O3) -> 188.70968 | P32: 195 | Q32: =(P3*P32)/(Q3) -> 201.72414 | R32: =(Q3*Q32)/(R3) -> 208.92857 | S32: =(R3*R32)/(S3) -> 216.66667 | T32: =(S3*S32)/(T3) -> 225 | U32: =(T3*T32)/(U3) -> 234 | V32: =(U3*U32)/(V3) -> 243.75 | W32: =(V3*V32)/(W3) -> 254.34783 | X32: =(W3*W32)/(X3) -> 265.90909 | ... AJ32: =(AI3*AI32)/(AJ3) -> 585
A33: 16 cm | B33: =(C3*C33)/(B3) -> 62.1 | C33: =(D3*D33)/(C3) -> 77.625 | D33: =(E3*E33)/(D3) -> 103.5 | E33: =(F3*F33)/(E3) -> 124.2 | F33: =(G3*G33)/(F3) -> 155.25 | G33: =(H3*H33)/(G3) -> 159.23077 | H33: =(I3*I33)/(H3) -> 163.42105 | I33: =(J3*J33)/(I3) -> 167.83784 | ... O33: =(P3*P33)/(O3) -> 200.32258 | P33: 207 | Q33: =(P3*P33)/(Q3) -> 214.13793 | R33: =(Q3*Q33)/(R3) -> 221.78571 | S33: =(R3*R33)/(S3) -> 230 | T33: =(S3*S33)/(T3) -> 238.84615 | U33: =(T3*T33)/(U3) -> 248.4 | V33: =(U3*U33)/(V3) -> 258.75 | W33: =(V3*V33)/(W3) -> 270 | X33: =(W3*W33)/(X3) -> 282.27273 | ... AJ33: =(AI3*AI33)/(AJ3) -> 621
A34: 15 cm | B34: =(C3*C34)/(B3) -> 66.3 | C34: =(D3*D34)/(C3) -> 82.875 | D34: =(E3*E34)/(D3) -> 110.5 | E34: =(F3*F34)/(E3) -> 132.6 | F34: =(G3*G34)/(F3) -> 165.75 | G34: =(H3*H34)/(G3) -> 170 | H34: =(I3*I34)/(H3) -> 174.47368 | I34: =(J3*J34)/(I3) -> 179.18919 | ... O34: =(P3*P34)/(O3) -> 213.87097 | P34: 221 | Q34: =(P3*P34)/(Q3) -> 228.62069 | R34: =(Q3*Q34)/(R3) -> 236.78571 | S34: =(R3*R34)/(S3) -> 245.55556 | T34: =(S3*S34)/(T3) -> 255 | U34: =(T3*T34)/(U3) -> 265.2 | V34: =(U3*U34)/(V3) -> 276.25 | W34: =(V3*V34)/(W3) -> 288.26087 | X34: =(W3*W34)/(X3) -> 301.36364 | ... AJ34: =(AI3*AI34)/(AJ3) -> 663
C35: NOT:Çizelgede belirtilen iplik uzunluklarına;Orta renklerde 2mm,Koyu renklerde 4mm daha ilave ekle (hesaplama 18 fayna göre yapılmıştır)
A37: 50 iğne | B37: 1x1 iğne boşaltmalı çift katlı DÜZ RİBANA; 100 MAYDAKİ İPLİK UZUNLUKLARINA GÖRE ORTALAMA MAMÜL GRAMAJLARI
A38: 17 | B38: İPLİK NUMARALARI
A39: FAYN | B39: 100 | C39: 80 | D39: 60 | E39: 50 | F39: 40 | G39: 39 | H39: 38 | I39: 37 | J39: 36 | K39: 35 | L39: 34 | M39: 33 | N39: 32 | O39: 31 | P39: 30 | Q39: 29 | R39: 28 | S39: 27 | T39: 26 | U39: 25 | V39: 24 | W39: 23 | X39: 22 | Y39: 21 | Z39: 20 | AA39: 19 | AB39: 18 | AC39: 17 | AD39: 16 | AE39: 15 | AF39: 14 | AG39: 13 | AH39: 12 | AI39: 11 | AJ39: 10
A40: 45 cm | B40: =(C39*C40)/(B39) -> 21.3 | C40: =(D39*D40)/(C39) -> 26.625 | D40: =(E39*E40)/(D39) -> 35.5 | E40: =(F39*F40)/(E39) -> 42.6 | F40: =(G39*G40)/(F39) -> 53.25 | G40: =(H39*H40)/(G39) -> 54.615385 | H40: =(I39*I40)/(H39) -> 56.052632 | I40: =(J39*J40)/(I39) -> 57.567568 | ... O40: =(P39*P40)/(O39) -> 68.709677 | P40: 71 | Q40: =(P39*P40)/(Q39) -> 73.448276 | R40: =(Q39*Q40)/(R39) -> 76.071429 | S40: =(R39*R40)/(S39) -> 78.888889 | T40: =(S39*S40)/(T39) -> 81.923077 | U40: =(T39*T40)/(U39) -> 85.2 | V40: =(U39*U40)/(V39) -> 88.75 | W40: =(V39*V40)/(W39) -> 92.608696 | X40: =(W39*W40)/(X39) -> 96.818182 | ... AJ40: =(AI39*AI40)/(AJ39) -> 213
A41: 44 cm | B41: =(C39*C41)/(B39) -> 21.9 | C41: =(D39*D41)/(C39) -> 27.375 | D41: =(E39*E41)/(D39) -> 36.5 | E41: =(F39*F41)/(E39) -> 43.8 | F41: =(G39*G41)/(F39) -> 54.75 | G41: =(H39*H41)/(G39) -> 56.153846 | H41: =(I39*I41)/(H39) -> 57.631579 | I41: =(J39*J41)/(I39) -> 59.189189 | ... O41: =(P39*P41)/(O39) -> 70.645161 | P41: 73 | Q41: =(P39*P41)/(Q39) -> 75.517241 | R41: =(Q39*Q41)/(R39) -> 78.214286 | S41: =(R39*R41)/(S39) -> 81.111111 | T41: =(S39*S41)/(T39) -> 84.230769 | U41: =(T39*T41)/(U39) -> 87.6 | V41: =(U39*U41)/(V39) -> 91.25 | W41: =(V39*V41)/(W39) -> 95.217391 | X41: =(W39*W41)/(X39) -> 99.545455 | ... AJ41: =(AI39*AI41)/(AJ39) -> 219
A42: 43 cm | B42: =(C39*C42)/(B39) -> 22.5 | C42: =(D39*D42)/(C39) -> 28.125 | D42: =(E39*E42)/(D39) -> 37.5 | E42: =(F39*F42)/(E39) -> 45 | F42: =(G39*G42)/(F39) -> 56.25 | G42: =(H39*H42)/(G39) -> 57.692308 | H42: =(I39*I42)/(H39) -> 59.210526 | I42: =(J39*J42)/(I39) -> 60.810811 | ... O42: =(P39*P42)/(O39) -> 72.580645 | P42: 75 | Q42: =(P39*P42)/(Q39) -> 77.586207 | R42: =(Q39*Q42)/(R39) -> 80.357143 | S42: =(R39*R42)/(S39) -> 83.333333 | T42: =(S39*S42)/(T39) -> 86.538462 | U42: =(T39*T42)/(U39) -> 90 | V42: =(U39*U42)/(V39) -> 93.75 | W42: =(V39*V42)/(W39) -> 97.826087 | X42: =(W39*W42)/(X39) -> 102.27273 | ... AJ42: =(AI39*AI42)/(AJ39) -> 225
A43: 42 cm | B43: =(C39*C43)/(B39) -> 23.1 | C43: =(D39*D43)/(C39) -> 28.875 | D43: =(E39*E43)/(D39) -> 38.5 | E43: =(F39*F43)/(E39) -> 46.2 | F43: =(G39*G43)/(F39) -> 57.75 | G43: =(H39*H43)/(G39) -> 59.230769 | H43: =(I39*I43)/(H39) -> 60.789474 | I43: =(J39*J43)/(I39) -> 62.432432 | ... O43: =(P39*P43)/(O39) -> 74.516129 | P43: 77 | Q43: =(P39*P43)/(Q39) -> 79.655172 | R43: =(Q39*Q43)/(R39) -> 82.5 | S43: =(R39*R43)/(S39) -> 85.555556 | T43: =(S39*S43)/(T39) -> 88.846154 | U43: =(T39*T43)/(U39) -> 92.4 | V43: =(U39*U43)/(V39) -> 96.25 | W43: =(V39*V43)/(W39) -> 100.43478 | X43: =(W39*W43)/(X39) -> 105 | ... AJ43: =(AI39*AI43)/(AJ39) -> 231
A44: 41 cm | B44: =(C39*C44)/(B39) -> 23.4 | C44: =(D39*D44)/(C39) -> 29.25 | D44: =(E39*E44)/(D39) -> 39 | E44: =(F39*F44)/(E39) -> 46.8 | F44: =(G39*G44)/(F39) -> 58.5 | G44: =(H39*H44)/(G39) -> 60 | H44: =(I39*I44)/(H39) -> 61.578947 | I44: =(J39*J44)/(I39) -> 63.243243 | ... O44: =(P39*P44)/(O39) -> 75.483871 | P44: 78 | Q44: =(P39*P44)/(Q39) -> 80.689655 | R44: =(Q39*Q44)/(R39) -> 83.571429 | S44: =(R39*R44)/(S39) -> 86.666667 | T44: =(S39*S44)/(T39) -> 90 | U44: =(T39*T44)/(U39) -> 93.6 | V44: =(U39*U44)/(V39) -> 97.5 | W44: =(V39*V44)/(W39) -> 101.73913 | X44: =(W39*W44)/(X39) -> 106.36364 | ... AJ44: =(AI39*AI44)/(AJ39) -> 234
A45: 40 cm | B45: =(C39*C45)/(B39) -> 24 | C45: =(D39*D45)/(C39) -> 30 | D45: =(E39*E45)/(D39) -> 40 | E45: =(F39*F45)/(E39) -> 48 | F45: =(G39*G45)/(F39) -> 60 | G45: =(H39*H45)/(G39) -> 61.538462 | H45: =(I39*I45)/(H39) -> 63.157895 | I45: =(J39*J45)/(I39) -> 64.864865 | ... O45: =(P39*P45)/(O39) -> 77.419355 | P45: 80 | Q45: =(P39*P45)/(Q39) -> 82.758621 | R45: =(Q39*Q45)/(R39) -> 85.714286 | S45: =(R39*R45)/(S39) -> 88.888889 | T45: =(S39*S45)/(T39) -> 92.307692 | U45: =(T39*T45)/(U39) -> 96 | V45: =(U39*U45)/(V39) -> 100 | W45: =(V39*V45)/(W39) -> 104.34783 | X45: =(W39*W45)/(X39) -> 109.09091 | ... AJ45: =(AI39*AI45)/(AJ39) -> 240
A46: 39 cm | B46: =(C39*C46)/(B39) -> 24.6 | C46: =(D39*D46)/(C39) -> 30.75 | D46: =(E39*E46)/(D39) -> 41 | E46: =(F39*F46)/(E39) -> 49.2 | F46: =(G39*G46)/(F39) -> 61.5 | G46: =(H39*H46)/(G39) -> 63.076923 | H46: =(I39*I46)/(H39) -> 64.736842 | I46: =(J39*J46)/(I39) -> 66.486486 | ... O46: =(P39*P46)/(O39) -> 79.354839 | P46: 82 | Q46: =(P39*P46)/(Q39) -> 84.827586 | R46: =(Q39*Q46)/(R39) -> 87.857143 | S46: =(R39*R46)/(S39) -> 91.111111 | T46: =(S39*S46)/(T39) -> 94.615385 | U46: =(T39*T46)/(U39) -> 98.4 | V46: =(U39*U46)/(V39) -> 102.5 | W46: =(V39*V46)/(W39) -> 106.95652 | X46: =(W39*W46)/(X39) -> 111.81818 | ... AJ46: =(AI39*AI46)/(AJ39) -> 246
A47: 38 cm | B47: =(C39*C47)/(B39) -> 25.5 | C47: =(D39*D47)/(C39) -> 31.875 | D47: =(E39*E47)/(D39) -> 42.5 | E47: =(F39*F47)/(E39) -> 51 | F47: =(G39*G47)/(F39) -> 63.75 | G47: =(H39*H47)/(G39) -> 65.384615 | H47: =(I39*I47)/(H39) -> 67.105263 | I47: =(J39*J47)/(I39) -> 68.918919 | ... O47: =(P39*P47)/(O39) -> 82.258065 | P47: 85 | Q47: =(P39*P47)/(Q39) -> 87.931034 | R47: =(Q39*Q47)/(R39) -> 91.071429 | S47: =(R39*R47)/(S39) -> 94.444444 | T47: =(S39*S47)/(T39) -> 98.076923 | U47: =(T39*T47)/(U39) -> 102 | V47: =(U39*U47)/(V39) -> 106.25 | W47: =(V39*V47)/(W39) -> 110.86957 | X47: =(W39*W47)/(X39) -> 115.90909 | ... AJ47: =(AI39*AI47)/(AJ39) -> 255
A48: 37 cm | B48: =(C39*C48)/(B39) -> 26.1 | C48: =(D39*D48)/(C39) -> 32.625 | D48: =(E39*E48)/(D39) -> 43.5 | E48: =(F39*F48)/(E39) -> 52.2 | F48: =(G39*G48)/(F39) -> 65.25 | G48: =(H39*H48)/(G39) -> 66.923077 | H48: =(I39*I48)/(H39) -> 68.684211 | I48: =(J39*J48)/(I39) -> 70.540541 | ... O48: =(P39*P48)/(O39) -> 84.193548 | P48: 87 | Q48: =(P39*P48)/(Q39) -> 90 | R48: =(Q39*Q48)/(R39) -> 93.214286 | S48: =(R39*R48)/(S39) -> 96.666667 | T48: =(S39*S48)/(T39) -> 100.38462 | U48: =(T39*T48)/(U39) -> 104.4 | V48: =(U39*U48)/(V39) -> 108.75 | W48: =(V39*V48)/(W39) -> 113.47826 | X48: =(W39*W48)/(X39) -> 118.63636 | ... AJ48: =(AI39*AI48)/(AJ39) -> 261
A49: 36 cm | B49: =(C39*C49)/(B39) -> 26.7 | C49: =(D39*D49)/(C39) -> 33.375 | D49: =(E39*E49)/(D39) -> 44.5 | E49: =(F39*F49)/(E39) -> 53.4 | F49: =(G39*G49)/(F39) -> 66.75 | G49: =(H39*H49)/(G39) -> 68.461538 | H49: =(I39*I49)/(H39) -> 70.263158 | I49: =(J39*J49)/(I39) -> 72.162162 | ... O49: =(P39*P49)/(O39) -> 86.129032 | P49: 89 | Q49: =(P39*P49)/(Q39) -> 92.068966 | R49: =(Q39*Q49)/(R39) -> 95.357143 | S49: =(R39*R49)/(S39) -> 98.888889 | T49: =(S39*S49)/(T39) -> 102.69231 | U49: =(T39*T49)/(U39) -> 106.8 | V49: =(U39*U49)/(V39) -> 111.25 | W49: =(V39*V49)/(W39) -> 116.08696 | X49: =(W39*W49)/(X39) -> 121.36364 | ... AJ49: =(AI39*AI49)/(AJ39) -> 267
A50: 35 cm | B50: =(C39*C50)/(B39) -> 27.6 | C50: =(D39*D50)/(C39) -> 34.5 | D50: =(E39*E50)/(D39) -> 46 | E50: =(F39*F50)/(E39) -> 55.2 | F50: =(G39*G50)/(F39) -> 69 | G50: =(H39*H50)/(G39) -> 70.769231 | H50: =(I39*I50)/(H39) -> 72.631579 | I50: =(J39*J50)/(I39) -> 74.594595 | ... O50: =(P39*P50)/(O39) -> 89.032258 | P50: 92 | Q50: =(P39*P50)/(Q39) -> 95.172414 | R50: =(Q39*Q50)/(R39) -> 98.571429 | S50: =(R39*R50)/(S39) -> 102.22222 | T50: =(S39*S50)/(T39) -> 106.15385 | U50: =(T39*T50)/(U39) -> 110.4 | V50: =(U39*U50)/(V39) -> 115 | W50: =(V39*V50)/(W39) -> 120 | X50: =(W39*W50)/(X39) -> 125.45455 | ... AJ50: =(AI39*AI50)/(AJ39) -> 276
A51: 34 cm | B51: =(C39*C51)/(B39) -> 28.5 | C51: =(D39*D51)/(C39) -> 35.625 | D51: =(E39*E51)/(D39) -> 47.5 | E51: =(F39*F51)/(E39) -> 57 | F51: =(G39*G51)/(F39) -> 71.25 | G51: =(H39*H51)/(G39) -> 73.076923 | H51: =(I39*I51)/(H39) -> 75 | I51: =(J39*J51)/(I39) -> 77.027027 | ... O51: =(P39*P51)/(O39) -> 91.935484 | P51: 95 | Q51: =(P39*P51)/(Q39) -> 98.275862 | R51: =(Q39*Q51)/(R39) -> 101.78571 | S51: =(R39*R51)/(S39) -> 105.55556 | T51: =(S39*S51)/(T39) -> 109.61538 | U51: =(T39*T51)/(U39) -> 114 | V51: =(U39*U51)/(V39) -> 118.75 | W51: =(V39*V51)/(W39) -> 123.91304 | X51: =(W39*W51)/(X39) -> 129.54545 | ... AJ51: =(AI39*AI51)/(AJ39) -> 285
A52: 33 cm | B52: =(C39*C52)/(B39) -> 29.1 | C52: =(D39*D52)/(C39) -> 36.375 | D52: =(E39*E52)/(D39) -> 48.5 | E52: =(F39*F52)/(E39) -> 58.2 | F52: =(G39*G52)/(F39) -> 72.75 | G52: =(H39*H52)/(G39) -> 74.615385 | H52: =(I39*I52)/(H39) -> 76.578947 | I52: =(J39*J52)/(I39) -> 78.648649 | ... O52: =(P39*P52)/(O39) -> 93.870968 | P52: 97 | Q52: =(P39*P52)/(Q39) -> 100.34483 | R52: =(Q39*Q52)/(R39) -> 103.92857 | S52: =(R39*R52)/(S39) -> 107.77778 | T52: =(S39*S52)/(T39) -> 111.92308 | U52: =(T39*T52)/(U39) -> 116.4 | V52: =(U39*U52)/(V39) -> 121.25 | W52: =(V39*V52)/(W39) -> 126.52174 | X52: =(W39*W52)/(X39) -> 132.27273 | ... AJ52: =(AI39*AI52)/(AJ39) -> 291
A53: 32 cm | B53: =(C39*C53)/(B39) -> 30.3 | C53: =(D39*D53)/(C39) -> 37.875 | D53: =(E39*E53)/(D39) -> 50.5 | E53: =(F39*F53)/(E39) -> 60.6 | F53: =(G39*G53)/(F39) -> 75.75 | G53: =(H39*H53)/(G39) -> 77.692308 | H53: =(I39*I53)/(H39) -> 79.736842 | I53: =(J39*J53)/(I39) -> 81.891892 | ... O53: =(P39*P53)/(O39) -> 97.741935 | P53: 101 | Q53: =(P39*P53)/(Q39) -> 104.48276 | R53: =(Q39*Q53)/(R39) -> 108.21429 | S53: =(R39*R53)/(S39) -> 112.22222 | T53: =(S39*S53)/(T39) -> 116.53846 | U53: =(T39*T53)/(U39) -> 121.2 | V53: =(U39*U53)/(V39) -> 126.25 | W53: =(V39*V53)/(W39) -> 131.73913 | X53: =(W39*W53)/(X39) -> 137.72727 | ... AJ53: =(AI39*AI53)/(AJ39) -> 303
A54: 31 cm | B54: =(C39*C54)/(B39) -> 31.2 | C54: =(D39*D54)/(C39) -> 39 | D54: =(E39*E54)/(D39) -> 52 | E54: =(F39*F54)/(E39) -> 62.4 | F54: =(G39*G54)/(F39) -> 78 | G54: =(H39*H54)/(G39) -> 80 | H54: =(I39*I54)/(H39) -> 82.105263 | I54: =(J39*J54)/(I39) -> 84.324324 | ... O54: =(P39*P54)/(O39) -> 100.64516 | P54: 104 | Q54: =(P39*P54)/(Q39) -> 107.58621 | R54: =(Q39*Q54)/(R39) -> 111.42857 | S54: =(R39*R54)/(S39) -> 115.55556 | T54: =(S39*S54)/(T39) -> 120 | U54: =(T39*T54)/(U39) -> 124.8 | V54: =(U39*U54)/(V39) -> 130 | W54: =(V39*V54)/(W39) -> 135.65217 | X54: =(W39*W54)/(X39) -> 141.81818 | ... AJ54: =(AI39*AI54)/(AJ39) -> 312
A55: 30 cm | B55: =(C39*C55)/(B39) -> 32.1 | C55: =(D39*D55)/(C39) -> 40.125 | D55: =(E39*E55)/(D39) -> 53.5 | E55: =(F39*F55)/(E39) -> 64.2 | F55: =(G39*G55)/(F39) -> 80.25 | G55: =(H39*H55)/(G39) -> 82.307692 | H55: =(I39*I55)/(H39) -> 84.473684 | I55: =(J39*J55)/(I39) -> 86.756757 | ... O55: =(P39*P55)/(O39) -> 103.54839 | P55: 107 | Q55: =(P39*P55)/(Q39) -> 110.68966 | R55: =(Q39*Q55)/(R39) -> 114.64286 | S55: =(R39*R55)/(S39) -> 118.88889 | T55: =(S39*S55)/(T39) -> 123.46154 | U55: =(T39*T55)/(U39) -> 128.4 | V55: =(U39*U55)/(V39) -> 133.75 | W55: =(V39*V55)/(W39) -> 139.56522 | X55: =(W39*W55)/(X39) -> 145.90909 | ... AJ55: =(AI39*AI55)/(AJ39) -> 321
A56: 29 cm | B56: =(C39*C56)/(B39) -> 33.3 | C56: =(D39*D56)/(C39) -> 41.625 | D56: =(E39*E56)/(D39) -> 55.5 | E56: =(F39*F56)/(E39) -> 66.6 | F56: =(G39*G56)/(F39) -> 83.25 | G56: =(H39*H56)/(G39) -> 85.384615 | H56: =(I39*I56)/(H39) -> 87.631579 | I56: =(J39*J56)/(I39) -> 90 | ... O56: =(P39*P56)/(O39) -> 107.41935 | P56: 111 | Q56: =(P39*P56)/(Q39) -> 114.82759 | R56: =(Q39*Q56)/(R39) -> 118.92857 | S56: =(R39*R56)/(S39) -> 123.33333 | T56: =(S39*S56)/(T39) -> 128.07692 | U56: =(T39*T56)/(U39) -> 133.2 | V56: =(U39*U56)/(V39) -> 138.75 | W56: =(V39*V56)/(W39) -> 144.78261 | X56: =(W39*W56)/(X39) -> 151.36364 | ... AJ56: =(AI39*AI56)/(AJ39) -> 333
A57: 28 cm | B57: =(C39*C57)/(B39) -> 34.5 | C57: =(D39*D57)/(C39) -> 43.125 | D57: =(E39*E57)/(D39) -> 57.5 | E57: =(F39*F57)/(E39) -> 69 | F57: =(G39*G57)/(F39) -> 86.25 | G57: =(H39*H57)/(G39) -> 88.461538 | H57: =(I39*I57)/(H39) -> 90.789474 | I57: =(J39*J57)/(I39) -> 93.243243 | ... O57: =(P39*P57)/(O39) -> 111.29032 | P57: 115 | Q57: =(P39*P57)/(Q39) -> 118.96552 | R57: =(Q39*Q57)/(R39) -> 123.21429 | S57: =(R39*R57)/(S39) -> 127.77778 | T57: =(S39*S57)/(T39) -> 132.69231 | U57: =(T39*T57)/(U39) -> 138 | V57: =(U39*U57)/(V39) -> 143.75 | W57: =(V39*V57)/(W39) -> 150 | X57: =(W39*W57)/(X39) -> 156.81818 | ... AJ57: =(AI39*AI57)/(AJ39) -> 345
A58: 27 cm | B58: =(C39*C58)/(B39) -> 35.7 | C58: =(D39*D58)/(C39) -> 44.625 | D58: =(E39*E58)/(D39) -> 59.5 | E58: =(F39*F58)/(E39) -> 71.4 | F58: =(G39*G58)/(F39) -> 89.25 | G58: =(H39*H58)/(G39) -> 91.538462 | H58: =(I39*I58)/(H39) -> 93.947368 | I58: =(J39*J58)/(I39) -> 96.486486 | ... O58: =(P39*P58)/(O39) -> 115.16129 | P58: 119 | Q58: =(P39*P58)/(Q39) -> 123.10345 | R58: =(Q39*Q58)/(R39) -> 127.5 | S58: =(R39*R58)/(S39) -> 132.22222 | T58: =(S39*S58)/(T39) -> 137.30769 | U58: =(T39*T58)/(U39) -> 142.8 | V58: =(U39*U58)/(V39) -> 148.75 | W58: =(V39*V58)/(W39) -> 155.21739 | X58: =(W39*W58)/(X39) -> 162.27273 | ... AJ58: =(AI39*AI58)/(AJ39) -> 357
A59: 26 cm | B59: =(C39*C59)/(B39) -> 37.2 | C59: =(D39*D59)/(C39) -> 46.5 | D59: =(E39*E59)/(D39) -> 62 | E59: =(F39*F59)/(E39) -> 74.4 | F59: =(G39*G59)/(F39) -> 93 | G59: =(H39*H59)/(G39) -> 95.384615 | H59: =(I39*I59)/(H39) -> 97.894737 | I59: =(J39*J59)/(I39) -> 100.54054 | ... O59: =(P39*P59)/(O39) -> 120 | P59: 124 | Q59: =(P39*P59)/(Q39) -> 128.27586 | R59: =(Q39*Q59)/(R39) -> 132.85714 | S59: =(R39*R59)/(S39) -> 137.77778 | T59: =(S39*S59)/(T39) -> 143.07692 | U59: =(T39*T59)/(U39) -> 148.8 | V59: =(U39*U59)/(V39) -> 155 | W59: =(V39*V59)/(W39) -> 161.73913 | X59: =(W39*W59)/(X39) -> 169.09091 | ... AJ59: =(AI39*AI59)/(AJ39) -> 372
A60: 25 cm | B60: =(C39*C60)/(B39) -> 38.7 | C60: =(D39*D60)/(C39) -> 48.375 | D60: =(E39*E60)/(D39) -> 64.5 | E60: =(F39*F60)/(E39) -> 77.4 | F60: =(G39*G60)/(F39) -> 96.75 | G60: =(H39*H60)/(G39) -> 99.230769 | H60: =(I39*I60)/(H39) -> 101.84211 | I60: =(J39*J60)/(I39) -> 104.59459 | ... O60: =(P39*P60)/(O39) -> 124.83871 | P60: 129 | Q60: =(P39*P60)/(Q39) -> 133.44828 | R60: =(Q39*Q60)/(R39) -> 138.21429 | S60: =(R39*R60)/(S39) -> 143.33333 | T60: =(S39*S60)/(T39) -> 148.84615 | U60: =(T39*T60)/(U39) -> 154.8 | V60: =(U39*U60)/(V39) -> 161.25 | W60: =(V39*V60)/(W39) -> 168.26087 | X60: =(W39*W60)/(X39) -> 175.90909 | ... AJ60: =(AI39*AI60)/(AJ39) -> 387
A61: 24 cm | B61: =(C39*C61)/(B39) -> 40.2 | C61: =(D39*D61)/(C39) -> 50.25 | D61: =(E39*E61)/(D39) -> 67 | E61: =(F39*F61)/(E39) -> 80.4 | F61: =(G39*G61)/(F39) -> 100.5 | G61: =(H39*H61)/(G39) -> 103.07692 | H61: =(I39*I61)/(H39) -> 105.78947 | I61: =(J39*J61)/(I39) -> 108.64865 | ... O61: =(P39*P61)/(O39) -> 129.67742 | P61: 134 | Q61: =(P39*P61)/(Q39) -> 138.62069 | R61: =(Q39*Q61)/(R39) -> 143.57143 | S61: =(R39*R61)/(S39) -> 148.88889 | T61: =(S39*S61)/(T39) -> 154.61538 | U61: =(T39*T61)/(U39) -> 160.8 | V61: =(U39*U61)/(V39) -> 167.5 | W61: =(V39*V61)/(W39) -> 174.78261 | X61: =(W39*W61)/(X39) -> 182.72727 | ... AJ61: =(AI39*AI61)/(AJ39) -> 402
A62: 23 cm | B62: =(C39*C62)/(B39) -> 42 | C62: =(D39*D62)/(C39) -> 52.5 | D62: =(E39*E62)/(D39) -> 70 | E62: =(F39*F62)/(E39) -> 84 | F62: =(G39*G62)/(F39) -> 105 | G62: =(H39*H62)/(G39) -> 107.69231 | H62: =(I39*I62)/(H39) -> 110.52632 | I62: =(J39*J62)/(I39) -> 113.51351 | ... O62: =(P39*P62)/(O39) -> 135.48387 | P62: 140 | Q62: =(P39*P62)/(Q39) -> 144.82759 | R62: =(Q39*Q62)/(R39) -> 150 | S62: =(R39*R62)/(S39) -> 155.55556 | T62: =(S39*S62)/(T39) -> 161.53846 | U62: =(T39*T62)/(U39) -> 168 | V62: =(U39*U62)/(V39) -> 175 | W62: =(V39*V62)/(W39) -> 182.6087 | X62: =(W39*W62)/(X39) -> 190.90909 | ... AJ62: =(AI39*AI62)/(AJ39) -> 420
A63: 22 cm | B63: =(C39*C63)/(B39) -> 43.8 | C63: =(D39*D63)/(C39) -> 54.75 | D63: =(E39*E63)/(D39) -> 73 | E63: =(F39*F63)/(E39) -> 87.6 | F63: =(G39*G63)/(F39) -> 109.5 | G63: =(H39*H63)/(G39) -> 112.30769 | H63: =(I39*I63)/(H39) -> 115.26316 | I63: =(J39*J63)/(I39) -> 118.37838 | ... O63: =(P39*P63)/(O39) -> 141.29032 | P63: 146 | Q63: =(P39*P63)/(Q39) -> 151.03448 | R63: =(Q39*Q63)/(R39) -> 156.42857 | S63: =(R39*R63)/(S39) -> 162.22222 | T63: =(S39*S63)/(T39) -> 168.46154 | U63: =(T39*T63)/(U39) -> 175.2 | V63: =(U39*U63)/(V39) -> 182.5 | W63: =(V39*V63)/(W39) -> 190.43478 | X63: =(W39*W63)/(X39) -> 199.09091 | ... AJ63: =(AI39*AI63)/(AJ39) -> 438
A64: 21 cm | B64: =(C39*C64)/(B39) -> 45.9 | C64: =(D39*D64)/(C39) -> 57.375 | D64: =(E39*E64)/(D39) -> 76.5 | E64: =(F39*F64)/(E39) -> 91.8 | F64: =(G39*G64)/(F39) -> 114.75 | G64: =(H39*H64)/(G39) -> 117.69231 | H64: =(I39*I64)/(H39) -> 120.78947 | I64: =(J39*J64)/(I39) -> 124.05405 | ... O64: =(P39*P64)/(O39) -> 148.06452 | P64: 153 | Q64: =(P39*P64)/(Q39) -> 158.27586 | R64: =(Q39*Q64)/(R39) -> 163.92857 | S64: =(R39*R64)/(S39) -> 170 | T64: =(S39*S64)/(T39) -> 176.53846 | U64: =(T39*T64)/(U39) -> 183.6 | V64: =(U39*U64)/(V39) -> 191.25 | W64: =(V39*V64)/(W39) -> 199.56522 | X64: =(W39*W64)/(X39) -> 208.63636 | ... AJ64: =(AI39*AI64)/(AJ39) -> 459
A65: 20 cm | B65: =(C39*C65)/(B39) -> 48.3 | C65: =(D39*D65)/(C39) -> 60.375 | D65: =(E39*E65)/(D39) -> 80.5 | E65: =(F39*F65)/(E39) -> 96.6 | F65: =(G39*G65)/(F39) -> 120.75 | G65: =(H39*H65)/(G39) -> 123.84615 | H65: =(I39*I65)/(H39) -> 127.10526 | I65: =(J39*J65)/(I39) -> 130.54054 | ... O65: =(P39*P65)/(O39) -> 155.80645 | P65: 161 | Q65: =(P39*P65)/(Q39) -> 166.55172 | R65: =(Q39*Q65)/(R39) -> 172.5 | S65: =(R39*R65)/(S39) -> 178.88889 | T65: =(S39*S65)/(T39) -> 185.76923 | U65: =(T39*T65)/(U39) -> 193.2 | V65: =(U39*U65)/(V39) -> 201.25 | W65: =(V39*V65)/(W39) -> 210 | X65: =(W39*W65)/(X39) -> 219.54545 | ... AJ65: =(AI39*AI65)/(AJ39) -> 483
A66: 19 cm | B66: =(C39*C66)/(B39) -> 50.7 | C66: =(D39*D66)/(C39) -> 63.375 | D66: =(E39*E66)/(D39) -> 84.5 | E66: =(F39*F66)/(E39) -> 101.4 | F66: =(G39*G66)/(F39) -> 126.75 | G66: =(H39*H66)/(G39) -> 130 | H66: =(I39*I66)/(H39) -> 133.42105 | I66: =(J39*J66)/(I39) -> 137.02703 | ... O66: =(P39*P66)/(O39) -> 163.54839 | P66: 169 | Q66: =(P39*P66)/(Q39) -> 174.82759 | R66: =(Q39*Q66)/(R39) -> 181.07143 | S66: =(R39*R66)/(S39) -> 187.77778 | T66: =(S39*S66)/(T39) -> 195 | U66: =(T39*T66)/(U39) -> 202.8 | V66: =(U39*U66)/(V39) -> 211.25 | W66: =(V39*V66)/(W39) -> 220.43478 | X66: =(W39*W66)/(X39) -> 230.45455 | ... AJ66: =(AI39*AI66)/(AJ39) -> 507
A67: 18 cm | B67: =(C39*C67)/(B39) -> 53.7 | C67: =(D39*D67)/(C39) -> 67.125 | D67: =(E39*E67)/(D39) -> 89.5 | E67: =(F39*F67)/(E39) -> 107.4 | F67: =(G39*G67)/(F39) -> 134.25 | G67: =(H39*H67)/(G39) -> 137.69231 | H67: =(I39*I67)/(H39) -> 141.31579 | I67: =(J39*J67)/(I39) -> 145.13514 | ... O67: =(P39*P67)/(O39) -> 173.22581 | P67: 179 | Q67: =(P39*P67)/(Q39) -> 185.17241 | R67: =(Q39*Q67)/(R39) -> 191.78571 | S67: =(R39*R67)/(S39) -> 198.88889 | T67: =(S39*S67)/(T39) -> 206.53846 | U67: =(T39*T67)/(U39) -> 214.8 | V67: =(U39*U67)/(V39) -> 223.75 | W67: =(V39*V67)/(W39) -> 233.47826 | X67: =(W39*W67)/(X39) -> 244.09091 | ... AJ67: =(AI39*AI67)/(AJ39) -> 537
A68: 17 cm | B68: =(C39*C68)/(B39) -> 56.7 | C68: =(D39*D68)/(C39) -> 70.875 | D68: =(E39*E68)/(D39) -> 94.5 | E68: =(F39*F68)/(E39) -> 113.4 | F68: =(G39*G68)/(F39) -> 141.75 | G68: =(H39*H68)/(G39) -> 145.38462 | H68: =(I39*I68)/(H39) -> 149.21053 | I68: =(J39*J68)/(I39) -> 153.24324 | ... O68: =(P39*P68)/(O39) -> 182.90323 | P68: 189 | Q68: =(P39*P68)/(Q39) -> 195.51724 | R68: =(Q39*Q68)/(R39) -> 202.5 | S68: =(R39*R68)/(S39) -> 210 | T68: =(S39*S68)/(T39) -> 218.07692 | U68: =(T39*T68)/(U39) -> 226.8 | V68: =(U39*U68)/(V39) -> 236.25 | W68: =(V39*V68)/(W39) -> 246.52174 | X68: =(W39*W68)/(X39) -> 257.72727 | ... AJ68: =(AI39*AI68)/(AJ39) -> 567
A69: 16 cm | B69: =(C39*C69)/(B39) -> 60.3 | C69: =(D39*D69)/(C39) -> 75.375 | D69: =(E39*E69)/(D39) -> 100.5 | E69: =(F39*F69)/(E39) -> 120.6 | F69: =(G39*G69)/(F39) -> 150.75 | G69: =(H39*H69)/(G39) -> 154.61538 | H69: =(I39*I69)/(H39) -> 158.68421 | I69: =(J39*J69)/(I39) -> 162.97297 | ... O69: =(P39*P69)/(O39) -> 194.51613 | P69: 201 | Q69: =(P39*P69)/(Q39) -> 207.93103 | R69: =(Q39*Q69)/(R39) -> 215.35714 | S69: =(R39*R69)/(S39) -> 223.33333 | T69: =(S39*S69)/(T39) -> 231.92308 | U69: =(T39*T69)/(U39) -> 241.2 | V69: =(U39*U69)/(V39) -> 251.25 | W69: =(V39*V69)/(W39) -> 262.17391 | X69: =(W39*W69)/(X39) -> 274.09091 | ... AJ69: =(AI39*AI69)/(AJ39) -> 603
A70: 15 cm | B70: =(C39*C70)/(B39) -> 64.2 | C70: =(D39*D70)/(C39) -> 80.25 | D70: =(E39*E70)/(D39) -> 107 | E70: =(F39*F70)/(E39) -> 128.4 | F70: =(G39*G70)/(F39) -> 160.5 | G70: =(H39*H70)/(G39) -> 164.61538 | H70: =(I39*I70)/(H39) -> 168.94737 | I70: =(J39*J70)/(I39) -> 173.51351 | ... O70: =(P39*P70)/(O39) -> 207.09677 | P70: 214 | Q70: =(P39*P70)/(Q39) -> 221.37931 | R70: =(Q39*Q70)/(R39) -> 229.28571 | S70: =(R39*R70)/(S39) -> 237.77778 | T70: =(S39*S70)/(T39) -> 246.92308 | U70: =(T39*T70)/(U39) -> 256.8 | V70: =(U39*U70)/(V39) -> 267.5 | W70: =(V39*V70)/(W39) -> 279.13043 | X70: =(W39*W70)/(X39) -> 291.81818 | ... AJ70: =(AI39*AI70)/(AJ39) -> 642
C71: NOT:Çizelgede belirtilen iplik uzunluklarına;Orta renklerde 2mm,Koyu renklerde 4mm daha ilave ekle (hesaplama 18 fayna göre yapılmıştır)
A73: 50 iğne | B73: 1x1 iğne boşaltmalı çift katlı DÜZ RİBANA; 100 MAYDAKİ İPLİK UZUNLUKLARINA GÖRE ORTALAMA MAMÜL GRAMAJLARI
A74: 16 | B74: İPLİK NUMARALARI
A75: FAYN | B75: 100 | C75: 80 | D75: 60 | E75: 50 | F75: 40 | G75: 39 | H75: 38 | I75: 37 | J75: 36 | K75: 35 | L75: 34 | M75: 33 | N75: 32 | O75: 31 | P75: 30 | Q75: 29 | R75: 28 | S75: 27 | T75: 26 | U75: 25 | V75: 24 | W75: 23 | X75: 22 | Y75: 21 | Z75: 20 | AA75: 19 | AB75: 18 | AC75: 17 | AD75: 16 | AE75: 15 | AF75: 14 | AG75: 13 | AH75: 12 | AI75: 11 | AJ75: 10
A76: 45 cm | B76: =(C75*C76)/(B75) -> 20.7 | C76: =(D75*D76)/(C75) -> 25.875 | D76: =(E75*E76)/(D75) -> 34.5 | E76: =(F75*F76)/(E75) -> 41.4 | F76: =(G75*G76)/(F75) -> 51.75 | G76: =(H75*H76)/(G75) -> 53.076923 | H76: =(I75*I76)/(H75) -> 54.473684 | I76: =(J75*J76)/(I75) -> 55.945946 | ... O76: =(P75*P76)/(O75) -> 66.774194 | P76: 69 | Q76: =(P75*P76)/(Q75) -> 71.37931 | R76: =(Q75*Q76)/(R75) -> 73.928571 | S76: =(R75*R76)/(S75) -> 76.666667 | T76: =(S75*S76)/(T75) -> 79.615385 | U76: =(T75*T76)/(U75) -> 82.8 | V76: =(U75*U76)/(V75) -> 86.25 | W76: =(V75*V76)/(W75) -> 90 | X76: =(W75*W76)/(X75) -> 94.090909 | ... AJ76: =(AI75*AI76)/(AJ75) -> 207
A77: 44 cm | B77: =(C75*C77)/(B75) -> 21.3 | C77: =(D75*D77)/(C75) -> 26.625 | D77: =(E75*E77)/(D75) -> 35.5 | E77: =(F75*F77)/(E75) -> 42.6 | F77: =(G75*G77)/(F75) -> 53.25 | G77: =(H75*H77)/(G75) -> 54.615385 | H77: =(I75*I77)/(H75) -> 56.052632 | I77: =(J75*J77)/(I75) -> 57.567568 | ... O77: =(P75*P77)/(O75) -> 68.709677 | P77: 71 | Q77: =(P75*P77)/(Q75) -> 73.448276 | R77: =(Q75*Q77)/(R75) -> 76.071429 | S77: =(R75*R77)/(S75) -> 78.888889 | T77: =(S75*S77)/(T75) -> 81.923077 | U77: =(T75*T77)/(U75) -> 85.2 | V77: =(U75*U77)/(V75) -> 88.75 | W77: =(V75*V77)/(W75) -> 92.608696 | X77: =(W75*W77)/(X75) -> 96.818182 | ... AJ77: =(AI75*AI77)/(AJ75) -> 213
A78: 43 cm | B78: =(C75*C78)/(B75) -> 21.6 | C78: =(D75*D78)/(C75) -> 27 | D78: =(E75*E78)/(D75) -> 36 | E78: =(F75*F78)/(E75) -> 43.2 | F78: =(G75*G78)/(F75) -> 54 | G78: =(H75*H78)/(G75) -> 55.384615 | H78: =(I75*I78)/(H75) -> 56.842105 | I78: =(J75*J78)/(I75) -> 58.378378 | ... O78: =(P75*P78)/(O75) -> 69.677419 | P78: 72 | Q78: =(P75*P78)/(Q75) -> 74.482759 | R78: =(Q75*Q78)/(R75) -> 77.142857 | S78: =(R75*R78)/(S75) -> 80 | T78: =(S75*S78)/(T75) -> 83.076923 | U78: =(T75*T78)/(U75) -> 86.4 | V78: =(U75*U78)/(V75) -> 90 | W78: =(V75*V78)/(W75) -> 93.913043 | X78: =(W75*W78)/(X75) -> 98.181818 | ... AJ78: =(AI75*AI78)/(AJ75) -> 216
A79: 42 cm | B79: =(C75*C79)/(B75) -> 22.2 | C79: =(D75*D79)/(C75) -> 27.75 | D79: =(E75*E79)/(D75) -> 37 | E79: =(F75*F79)/(E75) -> 44.4 | F79: =(G75*G79)/(F75) -> 55.5 | G79: =(H75*H79)/(G75) -> 56.923077 | H79: =(I75*I79)/(H75) -> 58.421053 | I79: =(J75*J79)/(I75) -> 60 | ... O79: =(P75*P79)/(O75) -> 71.612903 | P79: 74 | Q79: =(P75*P79)/(Q75) -> 76.551724 | R79: =(Q75*Q79)/(R75) -> 79.285714 | S79: =(R75*R79)/(S75) -> 82.222222 | T79: =(S75*S79)/(T75) -> 85.384615 | U79: =(T75*T79)/(U75) -> 88.8 | V79: =(U75*U79)/(V75) -> 92.5 | W79: =(V75*V79)/(W75) -> 96.521739 | X79: =(W75*W79)/(X75) -> 100.90909 | ... AJ79: =(AI75*AI79)/(AJ75) -> 222
A80: 41 cm | B80: =(C75*C80)/(B75) -> 22.8 | C80: =(D75*D80)/(C75) -> 28.5 | D80: =(E75*E80)/(D75) -> 38 | E80: =(F75*F80)/(E75) -> 45.6 | F80: =(G75*G80)/(F75) -> 57 | G80: =(H75*H80)/(G75) -> 58.461538 | H80: =(I75*I80)/(H75) -> 60 | I80: =(J75*J80)/(I75) -> 61.621622 | ... O80: =(P75*P80)/(O75) -> 73.548387 | P80: 76 | Q80: =(P75*P80)/(Q75) -> 78.62069 | R80: =(Q75*Q80)/(R75) -> 81.428571 | S80: =(R75*R80)/(S75) -> 84.444444 | T80: =(S75*S80)/(T75) -> 87.692308 | U80: =(T75*T80)/(U75) -> 91.2 | V80: =(U75*U80)/(V75) -> 95 | W80: =(V75*V80)/(W75) -> 99.130435 | X80: =(W75*W80)/(X75) -> 103.63636 | ... AJ80: =(AI75*AI80)/(AJ75) -> 228
A81: 40 cm | B81: =(C75*C81)/(B75) -> 23.4 | C81: =(D75*D81)/(C75) -> 29.25 | D81: =(E75*E81)/(D75) -> 39 | E81: =(F75*F81)/(E75) -> 46.8 | F81: =(G75*G81)/(F75) -> 58.5 | G81: =(H75*H81)/(G75) -> 60 | H81: =(I75*I81)/(H75) -> 61.578947 | I81: =(J75*J81)/(I75) -> 63.243243 | ... O81: =(P75*P81)/(O75) -> 75.483871 | P81: 78 | Q81: =(P75*P81)/(Q75) -> 80.689655 | R81: =(Q75*Q81)/(R75) -> 83.571429 | S81: =(R75*R81)/(S75) -> 86.666667 | T81: =(S75*S81)/(T75) -> 90 | U81: =(T75*T81)/(U75) -> 93.6 | V81: =(U75*U81)/(V75) -> 97.5 | W81: =(V75*V81)/(W75) -> 101.73913 | X81: =(W75*W81)/(X75) -> 106.36364 | ... AJ81: =(AI75*AI81)/(AJ75) -> 234
A82: 39 cm | B82: =(C75*C82)/(B75) -> 24 | C82: =(D75*D82)/(C75) -> 30 | D82: =(E75*E82)/(D75) -> 40 | E82: =(F75*F82)/(E75) -> 48 | F82: =(G75*G82)/(F75) -> 60 | G82: =(H75*H82)/(G75) -> 61.538462 | H82: =(I75*I82)/(H75) -> 63.157895 | I82: =(J75*J82)/(I75) -> 64.864865 | ... O82: =(P75*P82)/(O75) -> 77.419355 | P82: 80 | Q82: =(P75*P82)/(Q75) -> 82.758621 | R82: =(Q75*Q82)/(R75) -> 85.714286 | S82: =(R75*R82)/(S75) -> 88.888889 | T82: =(S75*S82)/(T75) -> 92.307692 | U82: =(T75*T82)/(U75) -> 96 | V82: =(U75*U82)/(V75) -> 100 | W82: =(V75*V82)/(W75) -> 104.34783 | X82: =(W75*W82)/(X75) -> 109.09091 | ... AJ82: =(AI75*AI82)/(AJ75) -> 240
A83: 38 cm | B83: =(C75*C83)/(B75) -> 24.6 | C83: =(D75*D83)/(C75) -> 30.75 | D83: =(E75*E83)/(D75) -> 41 | E83: =(F75*F83)/(E75) -> 49.2 | F83: =(G75*G83)/(F75) -> 61.5 | G83: =(H75*H83)/(G75) -> 63.076923 | H83: =(I75*I83)/(H75) -> 64.736842 | I83: =(J75*J83)/(I75) -> 66.486486 | ... O83: =(P75*P83)/(O75) -> 79.354839 | P83: 82 | Q83: =(P75*P83)/(Q75) -> 84.827586 | R83: =(Q75*Q83)/(R75) -> 87.857143 | S83: =(R75*R83)/(S75) -> 91.111111 | T83: =(S75*S83)/(T75) -> 94.615385 | U83: =(T75*T83)/(U75) -> 98.4 | V83: =(U75*U83)/(V75) -> 102.5 | W83: =(V75*V83)/(W75) -> 106.95652 | X83: =(W75*W83)/(X75) -> 111.81818 | ... AJ83: =(AI75*AI83)/(AJ75) -> 246
A84: 37 cm | B84: =(C75*C84)/(B75) -> 25.2 | C84: =(D75*D84)/(C75) -> 31.5 | D84: =(E75*E84)/(D75) -> 42 | E84: =(F75*F84)/(E75) -> 50.4 | F84: =(G75*G84)/(F75) -> 63 | G84: =(H75*H84)/(G75) -> 64.615385 | H84: =(I75*I84)/(H75) -> 66.315789 | I84: =(J75*J84)/(I75) -> 68.108108 | ... O84: =(P75*P84)/(O75) -> 81.290323 | P84: 84 | Q84: =(P75*P84)/(Q75) -> 86.896552 | R84: =(Q75*Q84)/(R75) -> 90 | S84: =(R75*R84)/(S75) -> 93.333333 | T84: =(S75*S84)/(T75) -> 96.923077 | U84: =(T75*T84)/(U75) -> 100.8 | V84: =(U75*U84)/(V75) -> 105 | W84: =(V75*V84)/(W75) -> 109.56522 | X84: =(W75*W84)/(X75) -> 114.54545 | ... AJ84: =(AI75*AI84)/(AJ75) -> 252
A85: 36 cm | B85: =(C75*C85)/(B75) -> 25.8 | C85: =(D75*D85)/(C75) -> 32.25 | D85: =(E75*E85)/(D75) -> 43 | E85: =(F75*F85)/(E75) -> 51.6 | F85: =(G75*G85)/(F75) -> 64.5 | G85: =(H75*H85)/(G75) -> 66.153846 | H85: =(I75*I85)/(H75) -> 67.894737 | I85: =(J75*J85)/(I75) -> 69.72973 | ... O85: =(P75*P85)/(O75) -> 83.225806 | P85: 86 | Q85: =(P75*P85)/(Q75) -> 88.965517 | R85: =(Q75*Q85)/(R75) -> 92.142857 | S85: =(R75*R85)/(S75) -> 95.555556 | T85: =(S75*S85)/(T75) -> 99.230769 | U85: =(T75*T85)/(U75) -> 103.2 | V85: =(U75*U85)/(V75) -> 107.5 | W85: =(V75*V85)/(W75) -> 112.17391 | X85: =(W75*W85)/(X75) -> 117.27273 | ... AJ85: =(AI75*AI85)/(AJ75) -> 258
A86: 35 cm | B86: =(C75*C86)/(B75) -> 26.7 | C86: =(D75*D86)/(C75) -> 33.375 | D86: =(E75*E86)/(D75) -> 44.5 | E86: =(F75*F86)/(E75) -> 53.4 | F86: =(G75*G86)/(F75) -> 66.75 | G86: =(H75*H86)/(G75) -> 68.461538 | H86: =(I75*I86)/(H75) -> 70.263158 | I86: =(J75*J86)/(I75) -> 72.162162 | ... O86: =(P75*P86)/(O75) -> 86.129032 | P86: 89 | Q86: =(P75*P86)/(Q75) -> 92.068966 | R86: =(Q75*Q86)/(R75) -> 95.357143 | S86: =(R75*R86)/(S75) -> 98.888889 | T86: =(S75*S86)/(T75) -> 102.69231 | U86: =(T75*T86)/(U75) -> 106.8 | V86: =(U75*U86)/(V75) -> 111.25 | W86: =(V75*V86)/(W75) -> 116.08696 | X86: =(W75*W86)/(X75) -> 121.36364 | ... AJ86: =(AI75*AI86)/(AJ75) -> 267
A87: 34 cm | B87: =(C75*C87)/(B75) -> 27.3 | C87: =(D75*D87)/(C75) -> 34.125 | D87: =(E75*E87)/(D75) -> 45.5 | E87: =(F75*F87)/(E75) -> 54.6 | F87: =(G75*G87)/(F75) -> 68.25 | G87: =(H75*H87)/(G75) -> 70 | H87: =(I75*I87)/(H75) -> 71.842105 | I87: =(J75*J87)/(I75) -> 73.783784 | ... O87: =(P75*P87)/(O75) -> 88.064516 | P87: 91 | Q87: =(P75*P87)/(Q75) -> 94.137931 | R87: =(Q75*Q87)/(R75) -> 97.5 | S87: =(R75*R87)/(S75) -> 101.11111 | T87: =(S75*S87)/(T75) -> 105 | U87: =(T75*T87)/(U75) -> 109.2 | V87: =(U75*U87)/(V75) -> 113.75 | W87: =(V75*V87)/(W75) -> 118.69565 | X87: =(W75*W87)/(X75) -> 124.09091 | ... AJ87: =(AI75*AI87)/(AJ75) -> 273
A88: 33 cm | B88: =(C75*C88)/(B75) -> 28.2 | C88: =(D75*D88)/(C75) -> 35.25 | D88: =(E75*E88)/(D75) -> 47 | E88: =(F75*F88)/(E75) -> 56.4 | F88: =(G75*G88)/(F75) -> 70.5 | G88: =(H75*H88)/(G75) -> 72.307692 | H88: =(I75*I88)/(H75) -> 74.210526 | I88: =(J75*J88)/(I75) -> 76.216216 | ... O88: =(P75*P88)/(O75) -> 90.967742 | P88: 94 | Q88: =(P75*P88)/(Q75) -> 97.241379 | R88: =(Q75*Q88)/(R75) -> 100.71429 | S88: =(R75*R88)/(S75) -> 104.44444 | T88: =(S75*S88)/(T75) -> 108.46154 | U88: =(T75*T88)/(U75) -> 112.8 | V88: =(U75*U88)/(V75) -> 117.5 | W88: =(V75*V88)/(W75) -> 122.6087 | X88: =(W75*W88)/(X75) -> 128.18182 | ... AJ88: =(AI75*AI88)/(AJ75) -> 282
A89: 32 cm | B89: =(C75*C89)/(B75) -> 29.1 | C89: =(D75*D89)/(C75) -> 36.375 | D89: =(E75*E89)/(D75) -> 48.5 | E89: =(F75*F89)/(E75) -> 58.2 | F89: =(G75*G89)/(F75) -> 72.75 | G89: =(H75*H89)/(G75) -> 74.615385 | H89: =(I75*I89)/(H75) -> 76.578947 | I89: =(J75*J89)/(I75) -> 78.648649 | ... O89: =(P75*P89)/(O75) -> 93.870968 | P89: 97 | Q89: =(P75*P89)/(Q75) -> 100.34483 | R89: =(Q75*Q89)/(R75) -> 103.92857 | S89: =(R75*R89)/(S75) -> 107.77778 | T89: =(S75*S89)/(T75) -> 111.92308 | U89: =(T75*T89)/(U75) -> 116.4 | V89: =(U75*U89)/(V75) -> 121.25 | W89: =(V75*V89)/(W75) -> 126.52174 | X89: =(W75*W89)/(X75) -> 132.27273 | ... AJ89: =(AI75*AI89)/(AJ75) -> 291
A90: 31 cm | B90: =(C75*C90)/(B75) -> 30 | C90: =(D75*D90)/(C75) -> 37.5 | D90: =(E75*E90)/(D75) -> 50 | E90: =(F75*F90)/(E75) -> 60 | F90: =(G75*G90)/(F75) -> 75 | G90: =(H75*H90)/(G75) -> 76.923077 | H90: =(I75*I90)/(H75) -> 78.947368 | I90: =(J75*J90)/(I75) -> 81.081081 | ... O90: =(P75*P90)/(O75) -> 96.774194 | P90: 100 | Q90: =(P75*P90)/(Q75) -> 103.44828 | R90: =(Q75*Q90)/(R75) -> 107.14286 | S90: =(R75*R90)/(S75) -> 111.11111 | T90: =(S75*S90)/(T75) -> 115.38462 | U90: =(T75*T90)/(U75) -> 120 | V90: =(U75*U90)/(V75) -> 125 | W90: =(V75*V90)/(W75) -> 130.43478 | X90: =(W75*W90)/(X75) -> 136.36364 | ... AJ90: =(AI75*AI90)/(AJ75) -> 300
A91: 30 cm | B91: =(C75*C91)/(B75) -> 31.2 | C91: =(D75*D91)/(C75) -> 39 | D91: =(E75*E91)/(D75) -> 52 | E91: =(F75*F91)/(E75) -> 62.4 | F91: =(G75*G91)/(F75) -> 78 | G91: =(H75*H91)/(G75) -> 80 | H91: =(I75*I91)/(H75) -> 82.105263 | I91: =(J75*J91)/(I75) -> 84.324324 | ... O91: =(P75*P91)/(O75) -> 100.64516 | P91: 104 | Q91: =(P75*P91)/(Q75) -> 107.58621 | R91: =(Q75*Q91)/(R75) -> 111.42857 | S91: =(R75*R91)/(S75) -> 115.55556 | T91: =(S75*S91)/(T75) -> 120 | U91: =(T75*T91)/(U75) -> 124.8 | V91: =(U75*U91)/(V75) -> 130 | W91: =(V75*V91)/(W75) -> 135.65217 | X91: =(W75*W91)/(X75) -> 141.81818 | ... AJ91: =(AI75*AI91)/(AJ75) -> 312
A92: 29 cm | B92: =(C75*C92)/(B75) -> 32.1 | C92: =(D75*D92)/(C75) -> 40.125 | D92: =(E75*E92)/(D75) -> 53.5 | E92: =(F75*F92)/(E75) -> 64.2 | F92: =(G75*G92)/(F75) -> 80.25 | G92: =(H75*H92)/(G75) -> 82.307692 | H92: =(I75*I92)/(H75) -> 84.473684 | I92: =(J75*J92)/(I75) -> 86.756757 | ... O92: =(P75*P92)/(O75) -> 103.54839 | P92: 107 | Q92: =(P75*P92)/(Q75) -> 110.68966 | R92: =(Q75*Q92)/(R75) -> 114.64286 | S92: =(R75*R92)/(S75) -> 118.88889 | T92: =(S75*S92)/(T75) -> 123.46154 | U92: =(T75*T92)/(U75) -> 128.4 | V92: =(U75*U92)/(V75) -> 133.75 | W92: =(V75*V92)/(W75) -> 139.56522 | X92: =(W75*W92)/(X75) -> 145.90909 | ... AJ92: =(AI75*AI92)/(AJ75) -> 321
A93: 28 cm | B93: =(C75*C93)/(B75) -> 33.3 | C93: =(D75*D93)/(C75) -> 41.625 | D93: =(E75*E93)/(D75) -> 55.5 | E93: =(F75*F93)/(E75) -> 66.6 | F93: =(G75*G93)/(F75) -> 83.25 | G93: =(H75*H93)/(G75) -> 85.384615 | H93: =(I75*I93)/(H75) -> 87.631579 | I93: =(J75*J93)/(I75) -> 90 | ... O93: =(P75*P93)/(O75) -> 107.41935 | P93: 111 | Q93: =(P75*P93)/(Q75) -> 114.82759 | R93: =(Q75*Q93)/(R75) -> 118.92857 | S93: =(R75*R93)/(S75) -> 123.33333 | T93: =(S75*S93)/(T75) -> 128.07692 | U93: =(T75*T93)/(U75) -> 133.2 | V93: =(U75*U93)/(V75) -> 138.75 | W93: =(V75*V93)/(W75) -> 144.78261 | X93: =(W75*W93)/(X75) -> 151.36364 | ... AJ93: =(AI75*AI93)/(AJ75) -> 333
A94: 27 cm | B94: =(C75*C94)/(B75) -> 34.5 | C94: =(D75*D94)/(C75) -> 43.125 | D94: =(E75*E94)/(D75) -> 57.5 | E94: =(F75*F94)/(E75) -> 69 | F94: =(G75*G94)/(F75) -> 86.25 | G94: =(H75*H94)/(G75) -> 88.461538 | H94: =(I75*I94)/(H75) -> 90.789474 | I94: =(J75*J94)/(I75) -> 93.243243 | ... O94: =(P75*P94)/(O75) -> 111.29032 | P94: 115 | Q94: =(P75*P94)/(Q75) -> 118.96552 | R94: =(Q75*Q94)/(R75) -> 123.21429 | S94: =(R75*R94)/(S75) -> 127.77778 | T94: =(S75*S94)/(T75) -> 132.69231 | U94: =(T75*T94)/(U75) -> 138 | V94: =(U75*U94)/(V75) -> 143.75 | W94: =(V75*V94)/(W75) -> 150 | X94: =(W75*W94)/(X75) -> 156.81818 | ... AJ94: =(AI75*AI94)/(AJ75) -> 345
A95: 26 cm | B95: =(C75*C95)/(B75) -> 35.7 | C95: =(D75*D95)/(C75) -> 44.625 | D95: =(E75*E95)/(D75) -> 59.5 | E95: =(F75*F95)/(E75) -> 71.4 | F95: =(G75*G95)/(F75) -> 89.25 | G95: =(H75*H95)/(G75) -> 91.538462 | H95: =(I75*I95)/(H75) -> 93.947368 | I95: =(J75*J95)/(I75) -> 96.486486 | ... O95: =(P75*P95)/(O75) -> 115.16129 | P95: 119 | Q95: =(P75*P95)/(Q75) -> 123.10345 | R95: =(Q75*Q95)/(R75) -> 127.5 | S95: =(R75*R95)/(S75) -> 132.22222 | T95: =(S75*S95)/(T75) -> 137.30769 | U95: =(T75*T95)/(U75) -> 142.8 | V95: =(U75*U95)/(V75) -> 148.75 | W95: =(V75*V95)/(W75) -> 155.21739 | X95: =(W75*W95)/(X75) -> 162.27273 | ... AJ95: =(AI75*AI95)/(AJ75) -> 357
A96: 25 cm | B96: =(C75*C96)/(B75) -> 37.2 | C96: =(D75*D96)/(C75) -> 46.5 | D96: =(E75*E96)/(D75) -> 62 | E96: =(F75*F96)/(E75) -> 74.4 | F96: =(G75*G96)/(F75) -> 93 | G96: =(H75*H96)/(G75) -> 95.384615 | H96: =(I75*I96)/(H75) -> 97.894737 | I96: =(J75*J96)/(I75) -> 100.54054 | ... O96: =(P75*P96)/(O75) -> 120 | P96: 124 | Q96: =(P75*P96)/(Q75) -> 128.27586 | R96: =(Q75*Q96)/(R75) -> 132.85714 | S96: =(R75*R96)/(S75) -> 137.77778 | T96: =(S75*S96)/(T75) -> 143.07692 | U96: =(T75*T96)/(U75) -> 148.8 | V96: =(U75*U96)/(V75) -> 155 | W96: =(V75*V96)/(W75) -> 161.73913 | X96: =(W75*W96)/(X75) -> 169.09091 | ... AJ96: =(AI75*AI96)/(AJ75) -> 372
A97: 24 cm | B97: =(C75*C97)/(B75) -> 38.7 | C97: =(D75*D97)/(C75) -> 48.375 | D97: =(E75*E97)/(D75) -> 64.5 | E97: =(F75*F97)/(E75) -> 77.4 | F97: =(G75*G97)/(F75) -> 96.75 | G97: =(H75*H97)/(G75) -> 99.230769 | H97: =(I75*I97)/(H75) -> 101.84211 | I97: =(J75*J97)/(I75) -> 104.59459 | ... O97: =(P75*P97)/(O75) -> 124.83871 | P97: 129 | Q97: =(P75*P97)/(Q75) -> 133.44828 | R97: =(Q75*Q97)/(R75) -> 138.21429 | S97: =(R75*R97)/(S75) -> 143.33333 | T97: =(S75*S97)/(T75) -> 148.84615 | U97: =(T75*T97)/(U75) -> 154.8 | V97: =(U75*U97)/(V75) -> 161.25 | W97: =(V75*V97)/(W75) -> 168.26087 | X97: =(W75*W97)/(X75) -> 175.90909 | ... AJ97: =(AI75*AI97)/(AJ75) -> 387
A98: 23 cm | B98: =(C75*C98)/(B75) -> 40.5 | C98: =(D75*D98)/(C75) -> 50.625 | D98: =(E75*E98)/(D75) -> 67.5 | E98: =(F75*F98)/(E75) -> 81 | F98: =(G75*G98)/(F75) -> 101.25 | G98: =(H75*H98)/(G75) -> 103.84615 | H98: =(I75*I98)/(H75) -> 106.57895 | I98: =(J75*J98)/(I75) -> 109.45946 | ... O98: =(P75*P98)/(O75) -> 130.64516 | P98: 135 | Q98: =(P75*P98)/(Q75) -> 139.65517 | R98: =(Q75*Q98)/(R75) -> 144.64286 | S98: =(R75*R98)/(S75) -> 150 | T98: =(S75*S98)/(T75) -> 155.76923 | U98: =(T75*T98)/(U75) -> 162 | V98: =(U75*U98)/(V75) -> 168.75 | W98: =(V75*V98)/(W75) -> 176.08696 | X98: =(W75*W98)/(X75) -> 184.09091 | ... AJ98: =(AI75*AI98)/(AJ75) -> 405
A99: 22 cm | B99: =(C75*C99)/(B75) -> 42.3 | C99: =(D75*D99)/(C75) -> 52.875 | D99: =(E75*E99)/(D75) -> 70.5 | E99: =(F75*F99)/(E75) -> 84.6 | F99: =(G75*G99)/(F75) -> 105.75 | G99: =(H75*H99)/(G75) -> 108.46154 | H99: =(I75*I99)/(H75) -> 111.31579 | I99: =(J75*J99)/(I75) -> 114.32432 | ... O99: =(P75*P99)/(O75) -> 136.45161 | P99: 141 | Q99: =(P75*P99)/(Q75) -> 145.86207 | R99: =(Q75*Q99)/(R75) -> 151.07143 | S99: =(R75*R99)/(S75) -> 156.66667 | T99: =(S75*S99)/(T75) -> 162.69231 | U99: =(T75*T99)/(U75) -> 169.2 | V99: =(U75*U99)/(V75) -> 176.25 | W99: =(V75*V99)/(W75) -> 183.91304 | X99: =(W75*W99)/(X75) -> 192.27273 | ... AJ99: =(AI75*AI99)/(AJ75) -> 423
A100: 21 cm | B100: =(C75*C100)/(B75) -> 44.4 | C100: =(D75*D100)/(C75) -> 55.5 | D100: =(E75*E100)/(D75) -> 74 | E100: =(F75*F100)/(E75) -> 88.8 | F100: =(G75*G100)/(F75) -> 111 | G100: =(H75*H100)/(G75) -> 113.84615 | H100: =(I75*I100)/(H75) -> 116.84211 | I100: =(J75*J100)/(I75) -> 120 | ... O100: =(P75*P100)/(O75) -> 143.22581 | P100: 148 | Q100: =(P75*P100)/(Q75) -> 153.10345 | R100: =(Q75*Q100)/(R75) -> 158.57143 | S100: =(R75*R100)/(S75) -> 164.44444 | T100: =(S75*S100)/(T75) -> 170.76923 | U100: =(T75*T100)/(U75) -> 177.6 | V100: =(U75*U100)/(V75) -> 185 | W100: =(V75*V100)/(W75) -> 193.04348 | X100: =(W75*W100)/(X75) -> 201.81818 | ... AJ100: =(AI75*AI100)/(AJ75) -> 444
A101: 20 cm | B101: =(C75*C101)/(B75) -> 46.5 | C101: =(D75*D101)/(C75) -> 58.125 | D101: =(E75*E101)/(D75) -> 77.5 | E101: =(F75*F101)/(E75) -> 93 | F101: =(G75*G101)/(F75) -> 116.25 | G101: =(H75*H101)/(G75) -> 119.23077 | H101: =(I75*I101)/(H75) -> 122.36842 | I101: =(J75*J101)/(I75) -> 125.67568 | ... O101: =(P75*P101)/(O75) -> 150 | P101: 155 | Q101: =(P75*P101)/(Q75) -> 160.34483 | R101: =(Q75*Q101)/(R75) -> 166.07143 | S101: =(R75*R101)/(S75) -> 172.22222 | T101: =(S75*S101)/(T75) -> 178.84615 | U101: =(T75*T101)/(U75) -> 186 | V101: =(U75*U101)/(V75) -> 193.75 | W101: =(V75*V101)/(W75) -> 202.17391 | X101: =(W75*W101)/(X75) -> 211.36364 | ... AJ101: =(AI75*AI101)/(AJ75) -> 465
A102: 19 cm | B102: =(C75*C102)/(B75) -> 48.9 | C102: =(D75*D102)/(C75) -> 61.125 | D102: =(E75*E102)/(D75) -> 81.5 | E102: =(F75*F102)/(E75) -> 97.8 | F102: =(G75*G102)/(F75) -> 122.25 | G102: =(H75*H102)/(G75) -> 125.38462 | H102: =(I75*I102)/(H75) -> 128.68421 | I102: =(J75*J102)/(I75) -> 132.16216 | ... O102: =(P75*P102)/(O75) -> 157.74194 | P102: 163 | Q102: =(P75*P102)/(Q75) -> 168.62069 | R102: =(Q75*Q102)/(R75) -> 174.64286 | S102: =(R75*R102)/(S75) -> 181.11111 | T102: =(S75*S102)/(T75) -> 188.07692 | U102: =(T75*T102)/(U75) -> 195.6 | V102: =(U75*U102)/(V75) -> 203.75 | W102: =(V75*V102)/(W75) -> 212.6087 | X102: =(W75*W102)/(X75) -> 222.27273 | ... AJ102: =(AI75*AI102)/(AJ75) -> 489
...

Sheet FULL LYC RİBANA GRAMAJLARI
B1: 20 DENYE FULL LYCRALI RİBANA; 100 MAYDAKİ İPLİK UZUNLUKLARINA GÖRE ORTALAMA MAMÜL GRAMAJLARI (tam dolu iğneli )
A2: 20 | B2: İPLİK NUMARALARI
A3: DENYELİ | B3: 100 | C3: 80 | D3: 60 | E3: 50 | F3: 40 | G3: 39 | H3: 38 | I3: 37 | J3: 36 | K3: 35 | L3: 34 | M3: 33 | N3: 32 | O3: 31 | P3: 30 | Q3: 29 | R3: 28 | S3: 27 | T3: 26 | U3: 25 | V3: 24 | W3: 23 | X3: 22 | Y3: 21 | Z3: 20 | AA3: 19 | AB3: 18 | AC3: 17 | AD3: 16 | AE3: 15 | AF3: 14 | AG3: 13 | AH3: 12 | AI3: 11 | AJ3: 10
A4: 45 cm | B4: =(C3*C4)/(B3) -> 54 | C4: =(D3*D4)/(C3) -> 67.5 | D4: =(E3*E4)/(D3) -> 90 | E4: =(F3*F4)/(E3) -> 108 | F4: =(G3*G4)/(F3) -> 135 | G4: =(H3*H4)/(G3) -> 138.46154 | H4: =(I3*I4)/(H3) -> 142.10526 | I4: =(J3*J4)/(I3) -> 145.94595 | ... O4: =(P3*P4)/(O3) -> 174.19355 | P4: 180 | Q4: =(P3*P4)/(Q3) -> 186.2069 | R4: =(Q3*Q4)/(R3) -> 192.85714 | S4: =(R3*R4)/(S3) -> 200 | T4: =(S3*S4)/(T3) -> 207.69231 | U4: =(T3*T4)/(U3) -> 216 | V4: =(U3*U4)/(V3) -> 225 | W4: =(V3*V4)/(W3) -> 234.78261 | X4: =(W3*W4)/(X3) -> 245.45455 | ... AJ4: =(AI3*AI4)/(AJ3) -> 540
A5: 44 cm | B5: =(C3*C5)/(B3) -> 55.5 | C5: =(D3*D5)/(C3) -> 69.375 | D5: =(E3*E5)/(D3) -> 92.5 | E5: =(F3*F5)/(E3) -> 111 | F5: =(G3*G5)/(F3) -> 138.75 | G5: =(H3*H5)/(G3) -> 142.30769 | H5: =(I3*I5)/(H3) -> 146.05263 | I5: =(J3*J5)/(I3) -> 150 | ... O5: =(P3*P5)/(O3) -> 179.03226 | P5: 185 | Q5: =(P3*P5)/(Q3) -> 191.37931 | R5: =(Q3*Q5)/(R3) -> 198.21429 | S5: =(R3*R5)/(S3) -> 205.55556 | T5: =(S3*S5)/(T3) -> 213.46154 | U5: =(T3*T5)/(U3) -> 222 | V5: =(U3*U5)/(V3) -> 231.25 | W5: =(V3*V5)/(W3) -> 241.30435 | X5: =(W3*W5)/(X3) -> 252.27273 | ... AJ5: =(AI3*AI5)/(AJ3) -> 555
A6: 43 cm | B6: =(C3*C6)/(B3) -> 56.7 | C6: =(D3*D6)/(C3) -> 70.875 | D6: =(E3*E6)/(D3) -> 94.5 | E6: =(F3*F6)/(E3) -> 113.4 | F6: =(G3*G6)/(F3) -> 141.75 | G6: =(H3*H6)/(G3) -> 145.38462 | H6: =(I3*I6)/(H3) -> 149.21053 | I6: =(J3*J6)/(I3) -> 153.24324 | ... O6: =(P3*P6)/(O3) -> 182.90323 | P6: 189 | Q6: =(P3*P6)/(Q3) -> 195.51724 | R6: =(Q3*Q6)/(R3) -> 202.5 | S6: =(R3*R6)/(S3) -> 210 | T6: =(S3*S6)/(T3) -> 218.07692 | U6: =(T3*T6)/(U3) -> 226.8 | V6: =(U3*U6)/(V3) -> 236.25 | W6: =(V3*V6)/(W3) -> 246.52174 | X6: =(W3*W6)/(X3) -> 257.72727 | ... AJ6: =(AI3*AI6)/(AJ3) -> 567
A7: 42 cm | B7: =(C3*C7)/(B3) -> 57.9 | C7: =(D3*D7)/(C3) -> 72.375 | D7: =(E3*E7)/(D3) -> 96.5 | E7: =(F3*F7)/(E3) -> 115.8 | F7: =(G3*G7)/(F3) -> 144.75 | G7: =(H3*H7)/(G3) -> 148.46154 | H7: =(I3*I7)/(H3) -> 152.36842 | I7: =(J3*J7)/(I3) -> 156.48649 | ... O7: =(P3*P7)/(O3) -> 186.77419 | P7: 193 | Q7: =(P3*P7)/(Q3) -> 199.65517 | R7: =(Q3*Q7)/(R3) -> 206.78571 | S7: =(R3*R7)/(S3) -> 214.44444 | T7: =(S3*S7)/(T3) -> 222.69231 | U7: =(T3*T7)/(U3) -> 231.6 | V7: =(U3*U7)/(V3) -> 241.25 | W7: =(V3*V7)/(W3) -> 251.73913 | X7: =(W3*W7)/(X3) -> 263.18182 | ... AJ7: =(AI3*AI7)/(AJ3) -> 579
A8: 41 cm | B8: =(C3*C8)/(B3) -> 59.4 | C8: =(D3*D8)/(C3) -> 74.25 | D8: =(E3*E8)/(D3) -> 99 | E8: =(F3*F8)/(E3) -> 118.8 | F8: =(G3*G8)/(F3) -> 148.5 | G8: =(H3*H8)/(G3) -> 152.30769 | H8: =(I3*I8)/(H3) -> 156.31579 | I8: =(J3*J8)/(I3) -> 160.54054 | ... O8: =(P3*P8)/(O3) -> 191.6129 | P8: 198 | Q8: =(P3*P8)/(Q3) -> 204.82759 | R8: =(Q3*Q8)/(R3) -> 212.14286 | S8: =(R3*R8)/(S3) -> 220 | T8: =(S3*S8)/(T3) -> 228.46154 | U8: =(T3*T8)/(U3) -> 237.6 | V8: =(U3*U8)/(V3) -> 247.5 | W8: =(V3*V8)/(W3) -> 258.26087 | X8: =(W3*W8)/(X3) -> 270 | ... AJ8: =(AI3*AI8)/(AJ3) -> 594
A9: 40 cm | B9: =(C3*C9)/(B3) -> 60.9 | C9: =(D3*D9)/(C3) -> 76.125 | D9: =(E3*E9)/(D3) -> 101.5 | E9: =(F3*F9)/(E3) -> 121.8 | F9: =(G3*G9)/(F3) -> 152.25 | G9: =(H3*H9)/(G3) -> 156.15385 | H9: =(I3*I9)/(H3) -> 160.26316 | I9: =(J3*J9)/(I3) -> 164.59459 | ... O9: =(P3*P9)/(O3) -> 196.45161 | P9: 203 | Q9: =(P3*P9)/(Q3) -> 210 | R9: =(Q3*Q9)/(R3) -> 217.5 | S9: =(R3*R9)/(S3) -> 225.55556 | T9: =(S3*S9)/(T3) -> 234.23077 | U9: =(T3*T9)/(U3) -> 243.6 | V9: =(U3*U9)/(V3) -> 253.75 | W9: =(V3*V9)/(W3) -> 264.78261 | X9: =(W3*W9)/(X3) -> 276.81818 | ... AJ9: =(AI3*AI9)/(AJ3) -> 609
A10: 39 cm | B10: =(C3*C10)/(B3) -> 62.4 | C10: =(D3*D10)/(C3) -> 78 | D10: =(E3*E10)/(D3) -> 104 | E10: =(F3*F10)/(E3) -> 124.8 | F10: =(G3*G10)/(F3) -> 156 | G10: =(H3*H10)/(G3) -> 160 | H10: =(I3*I10)/(H3) -> 164.21053 | I10: =(J3*J10)/(I3) -> 168.64865 | ... O10: =(P3*P10)/(O3) -> 201.29032 | P10: 208 | Q10: =(P3*P10)/(Q3) -> 215.17241 | R10: =(Q3*Q10)/(R3) -> 222.85714 | S10: =(R3*R10)/(S3) -> 231.11111 | T10: =(S3*S10)/(T3) -> 240 | U10: =(T3*T10)/(U3) -> 249.6 | V10: =(U3*U10)/(V3) -> 260 | W10: =(V3*V10)/(W3) -> 271.30435 | X10: =(W3*W10)/(X3) -> 283.63636 | ... AJ10: =(AI3*AI10)/(AJ3) -> 624
A11: 38 cm | B11: =(C3*C11)/(B3) -> 64.2 | C11: =(D3*D11)/(C3) -> 80.25 | D11: =(E3*E11)/(D3) -> 107 | E11: =(F3*F11)/(E3) -> 128.4 | F11: =(G3*G11)/(F3) -> 160.5 | G11: =(H3*H11)/(G3) -> 164.61538 | H11: =(I3*I11)/(H3) -> 168.94737 | I11: =(J3*J11)/(I3) -> 173.51351 | ... O11: =(P3*P11)/(O3) -> 207.09677 | P11: 214 | Q11: =(P3*P11)/(Q3) -> 221.37931 | R11: =(Q3*Q11)/(R3) -> 229.28571 | S11: =(R3*R11)/(S3) -> 237.77778 | T11: =(S3*S11)/(T3) -> 246.92308 | U11: =(T3*T11)/(U3) -> 256.8 | V11: =(U3*U11)/(V3) -> 267.5 | W11: =(V3*V11)/(W3) -> 279.13043 | X11: =(W3*W11)/(X3) -> 291.81818 | ... AJ11: =(AI3*AI11)/(AJ3) -> 642
A12: 37 cm | B12: =(C3*C12)/(B3) -> 65.7 | C12: =(D3*D12)/(C3) -> 82.125 | D12: =(E3*E12)/(D3) -> 109.5 | E12: =(F3*F12)/(E3) -> 131.4 | F12: =(G3*G12)/(F3) -> 164.25 | G12: =(H3*H12)/(G3) -> 168.46154 | H12: =(I3*I12)/(H3) -> 172.89474 | I12: =(J3*J12)/(I3) -> 177.56757 | ... O12: =(P3*P12)/(O3) -> 211.93548 | P12: 219 | Q12: =(P3*P12)/(Q3) -> 226.55172 | R12: =(Q3*Q12)/(R3) -> 234.64286 | S12: =(R3*R12)/(S3) -> 243.33333 | T12: =(S3*S12)/(T3) -> 252.69231 | U12: =(T3*T12)/(U3) -> 262.8 | V12: =(U3*U12)/(V3) -> 273.75 | W12: =(V3*V12)/(W3) -> 285.65217 | X12: =(W3*W12)/(X3) -> 298.63636 | ... AJ12: =(AI3*AI12)/(AJ3) -> 657
A13: 36 cm | B13: =(C3*C13)/(B3) -> 67.8 | C13: =(D3*D13)/(C3) -> 84.75 | D13: =(E3*E13)/(D3) -> 113 | E13: =(F3*F13)/(E3) -> 135.6 | F13: =(G3*G13)/(F3) -> 169.5 | G13: =(H3*H13)/(G3) -> 173.84615 | H13: =(I3*I13)/(H3) -> 178.42105 | I13: =(J3*J13)/(I3) -> 183.24324 | ... O13: =(P3*P13)/(O3) -> 218.70968 | P13: 226 | Q13: =(P3*P13)/(Q3) -> 233.7931 | R13: =(Q3*Q13)/(R3) -> 242.14286 | S13: =(R3*R13)/(S3) -> 251.11111 | T13: =(S3*S13)/(T3) -> 260.76923 | U13: =(T3*T13)/(U3) -> 271.2 | V13: =(U3*U13)/(V3) -> 282.5 | W13: =(V3*V13)/(W3) -> 294.78261 | X13: =(W3*W13)/(X3) -> 308.18182 | ... AJ13: =(AI3*AI13)/(AJ3) -> 678
A14: 35 cm | B14: =(C3*C14)/(B3) -> 69.6 | C14: =(D3*D14)/(C3) -> 87 | D14: =(E3*E14)/(D3) -> 116 | E14: =(F3*F14)/(E3) -> 139.2 | F14: =(G3*G14)/(F3) -> 174 | G14: =(H3*H14)/(G3) -> 178.46154 | H14: =(I3*I14)/(H3) -> 183.15789 | I14: =(J3*J14)/(I3) -> 188.10811 | ... O14: =(P3*P14)/(O3) -> 224.51613 | P14: 232 | Q14: =(P3*P14)/(Q3) -> 240 | R14: =(Q3*Q14)/(R3) -> 248.57143 | S14: =(R3*R14)/(S3) -> 257.77778 | T14: =(S3*S14)/(T3) -> 267.69231 | U14: =(T3*T14)/(U3) -> 278.4 | V14: =(U3*U14)/(V3) -> 290 | W14: =(V3*V14)/(W3) -> 302.6087 | X14: =(W3*W14)/(X3) -> 316.36364 | ... AJ14: =(AI3*AI14)/(AJ3) -> 696
A15: 34 cm | B15: =(C3*C15)/(B3) -> 71.7 | C15: =(D3*D15)/(C3) -> 89.625 | D15: =(E3*E15)/(D3) -> 119.5 | E15: =(F3*F15)/(E3) -> 143.4 | F15: =(G3*G15)/(F3) -> 179.25 | G15: =(H3*H15)/(G3) -> 183.84615 | H15: =(I3*I15)/(H3) -> 188.68421 | I15: =(J3*J15)/(I3) -> 193.78378 | ... O15: =(P3*P15)/(O3) -> 231.29032 | P15: 239 | Q15: =(P3*P15)/(Q3) -> 247.24138 | R15: =(Q3*Q15)/(R3) -> 256.07143 | S15: =(R3*R15)/(S3) -> 265.55556 | T15: =(S3*S15)/(T3) -> 275.76923 | U15: =(T3*T15)/(U3) -> 286.8 | V15: =(U3*U15)/(V3) -> 298.75 | W15: =(V3*V15)/(W3) -> 311.73913 | X15: =(W3*W15)/(X3) -> 325.90909 | ... AJ15: =(AI3*AI15)/(AJ3) -> 717
A16: 33 cm | B16: =(C3*C16)/(B3) -> 73.8 | C16: =(D3*D16)/(C3) -> 92.25 | D16: =(E3*E16)/(D3) -> 123 | E16: =(F3*F16)/(E3) -> 147.6 | F16: =(G3*G16)/(F3) -> 184.5 | G16: =(H3*H16)/(G3) -> 189.23077 | H16: =(I3*I16)/(H3) -> 194.21053 | I16: =(J3*J16)/(I3) -> 199.45946 | ... O16: =(P3*P16)/(O3) -> 238.06452 | P16: 246 | Q16: =(P3*P16)/(Q3) -> 254.48276 | R16: =(Q3*Q16)/(R3) -> 263.57143 | S16: =(R3*R16)/(S3) -> 273.33333 | T16: =(S3*S16)/(T3) -> 283.84615 | U16: =(T3*T16)/(U3) -> 295.2 | V16: =(U3*U16)/(V3) -> 307.5 | W16: =(V3*V16)/(W3) -> 320.86957 | X16: =(W3*W16)/(X3) -> 335.45455 | ... AJ16: =(AI3*AI16)/(AJ3) -> 738
A17: 32 cm | B17: =(C3*C17)/(B3) -> 76.2 | C17: =(D3*D17)/(C3) -> 95.25 | D17: =(E3*E17)/(D3) -> 127 | E17: =(F3*F17)/(E3) -> 152.4 | F17: =(G3*G17)/(F3) -> 190.5 | G17: =(H3*H17)/(G3) -> 195.38462 | H17: =(I3*I17)/(H3) -> 200.52632 | I17: =(J3*J17)/(I3) -> 205.94595 | ... O17: =(P3*P17)/(O3) -> 245.80645 | P17: 254 | Q17: =(P3*P17)/(Q3) -> 262.75862 | R17: =(Q3*Q17)/(R3) -> 272.14286 | S17: =(R3*R17)/(S3) -> 282.22222 | T17: =(S3*S17)/(T3) -> 293.07692 | U17: =(T3*T17)/(U3) -> 304.8 | V17: =(U3*U17)/(V3) -> 317.5 | W17: =(V3*V17)/(W3) -> 331.30435 | X17: =(W3*W17)/(X3) -> 346.36364 | ... AJ17: =(AI3*AI17)/(AJ3) -> 762
A18: 31 cm | B18: =(C3*C18)/(B3) -> 78.6 | C18: =(D3*D18)/(C3) -> 98.25 | D18: =(E3*E18)/(D3) -> 131 | E18: =(F3*F18)/(E3) -> 157.2 | F18: =(G3*G18)/(F3) -> 196.5 | G18: =(H3*H18)/(G3) -> 201.53846 | H18: =(I3*I18)/(H3) -> 206.84211 | I18: =(J3*J18)/(I3) -> 212.43243 | ... O18: =(P3*P18)/(O3) -> 253.54839 | P18: 262 | Q18: =(P3*P18)/(Q3) -> 271.03448 | R18: =(Q3*Q18)/(R3) -> 280.71429 | S18: =(R3*R18)/(S3) -> 291.11111 | T18: =(S3*S18)/(T3) -> 302.30769 | U18: =(T3*T18)/(U3) -> 314.4 | V18: =(U3*U18)/(V3) -> 327.5 | W18: =(V3*V18)/(W3) -> 341.73913 | X18: =(W3*W18)/(X3) -> 357.27273 | ... AJ18: =(AI3*AI18)/(AJ3) -> 786
A19: 30 cm | B19: =(C3*C19)/(B3) -> 81 | C19: =(D3*D19)/(C3) -> 101.25 | D19: =(E3*E19)/(D3) -> 135 | E19: =(F3*F19)/(E3) -> 162 | F19: =(G3*G19)/(F3) -> 202.5 | G19: =(H3*H19)/(G3) -> 207.69231 | H19: =(I3*I19)/(H3) -> 213.15789 | I19: =(J3*J19)/(I3) -> 218.91892 | ... O19: =(P3*P19)/(O3) -> 261.29032 | P19: 270 | Q19: =(P3*P19)/(Q3) -> 279.31034 | R19: =(Q3*Q19)/(R3) -> 289.28571 | S19: =(R3*R19)/(S3) -> 300 | T19: =(S3*S19)/(T3) -> 311.53846 | U19: =(T3*T19)/(U3) -> 324 | V19: =(U3*U19)/(V3) -> 337.5 | W19: =(V3*V19)/(W3) -> 352.17391 | X19: =(W3*W19)/(X3) -> 368.18182 | ... AJ19: =(AI3*AI19)/(AJ3) -> 810
A20: 29 cm | B20: =(C3*C20)/(B3) -> 84 | C20: =(D3*D20)/(C3) -> 105 | D20: =(E3*E20)/(D3) -> 140 | E20: =(F3*F20)/(E3) -> 168 | F20: =(G3*G20)/(F3) -> 210 | G20: =(H3*H20)/(G3) -> 215.38462 | H20: =(I3*I20)/(H3) -> 221.05263 | I20: =(J3*J20)/(I3) -> 227.02703 | ... O20: =(P3*P20)/(O3) -> 270.96774 | P20: 280 | Q20: =(P3*P20)/(Q3) -> 289.65517 | R20: =(Q3*Q20)/(R3) -> 300 | S20: =(R3*R20)/(S3) -> 311.11111 | T20: =(S3*S20)/(T3) -> 323.07692 | U20: =(T3*T20)/(U3) -> 336 | V20: =(U3*U20)/(V3) -> 350 | W20: =(V3*V20)/(W3) -> 365.21739 | X20: =(W3*W20)/(X3) -> 381.81818 | ... AJ20: =(AI3*AI20)/(AJ3) -> 840
A21: 28 cm | B21: =(C3*C21)/(B3) -> 87 | C21: =(D3*D21)/(C3) -> 108.75 | D21: =(E3*E21)/(D3) -> 145 | E21: =(F3*F21)/(E3) -> 174 | F21: =(G3*G21)/(F3) -> 217.5 | G21: =(H3*H21)/(G3) -> 223.07692 | H21: =(I3*I21)/(H3) -> 228.94737 | I21: =(J3*J21)/(I3) -> 235.13514 | ... O21: =(P3*P21)/(O3) -> 280.64516 | P21: 290 | Q21: =(P3*P21)/(Q3) -> 300 | R21: =(Q3*Q21)/(R3) -> 310.71429 | S21: =(R3*R21)/(S3) -> 322.22222 | T21: =(S3*S21)/(T3) -> 334.61538 | U21: =(T3*T21)/(U3) -> 348 | V21: =(U3*U21)/(V3) -> 362.5 | W21: =(V3*V21)/(W3) -> 378.26087 | X21: =(W3*W21)/(X3) -> 395.45455 | ... AJ21: =(AI3*AI21)/(AJ3) -> 870
A22: 27 cm | B22: =(C3*C22)/(B3) -> 90 | C22: =(D3*D22)/(C3) -> 112.5 | D22: =(E3*E22)/(D3) -> 150 | E22: =(F3*F22)/(E3) -> 180 | F22: =(G3*G22)/(F3) -> 225 | G22: =(H3*H22)/(G3) -> 230.76923 | H22: =(I3*I22)/(H3) -> 236.84211 | I22: =(J3*J22)/(I3) -> 243.24324 | ... O22: =(P3*P22)/(O3) -> 290.32258 | P22: 300 | Q22: =(P3*P22)/(Q3) -> 310.34483 | R22: =(Q3*Q22)/(R3) -> 321.42857 | S22: =(R3*R22)/(S3) -> 333.33333 | T22: =(S3*S22)/(T3) -> 346.15385 | U22: =(T3*T22)/(U3) -> 360 | V22: =(U3*U22)/(V3) -> 375 | W22: =(V3*V22)/(W3) -> 391.30435 | X22: =(W3*W22)/(X3) -> 409.09091 | ... AJ22: =(AI3*AI22)/(AJ3) -> 900
A23: 26 cm | B23: =(C3*C23)/(B3) -> 93.6 | C23: =(D3*D23)/(C3) -> 117 | D23: =(E3*E23)/(D3) -> 156 | E23: =(F3*F23)/(E3) -> 187.2 | F23: =(G3*G23)/(F3) -> 234 | G23: =(H3*H23)/(G3) -> 240 | H23: =(I3*I23)/(H3) -> 246.31579 | I23: =(J3*J23)/(I3) -> 252.97297 | ... O23: =(P3*P23)/(O3) -> 301.93548 | P23: 312 | Q23: =(P3*P23)/(Q3) -> 322.75862 | R23: =(Q3*Q23)/(R3) -> 334.28571 | S23: =(R3*R23)/(S3) -> 346.66667 | T23: =(S3*S23)/(T3) -> 360 | U23: =(T3*T23)/(U3) -> 374.4 | V23: =(U3*U23)/(V3) -> 390 | W23: =(V3*V23)/(W3) -> 406.95652 | X23: =(W3*W23)/(X3) -> 425.45455 | ... AJ23: =(AI3*AI23)/(AJ3) -> 936
A24: 25 cm | B24: =(C3*C24)/(B3) -> 97.5 | C24: =(D3*D24)/(C3) -> 121.875 | D24: =(E3*E24)/(D3) -> 162.5 | E24: =(F3*F24)/(E3) -> 195 | F24: =(G3*G24)/(F3) -> 243.75 | G24: =(H3*H24)/(G3) -> 250 | H24: =(I3*I24)/(H3) -> 256.57895 | I24: =(J3*J24)/(I3) -> 263.51351 | ... O24: =(P3*P24)/(O3) -> 314.51613 | P24: 325 | Q24: =(P3*P24)/(Q3) -> 336.2069 | R24: =(Q3*Q24)/(R3) -> 348.21429 | S24: =(R3*R24)/(S3) -> 361.11111 | T24: =(S3*S24)/(T3) -> 375 | U24: =(T3*T24)/(U3) -> 390 | V24: =(U3*U24)/(V3) -> 406.25 | W24: =(V3*V24)/(W3) -> 423.91304 | X24: =(W3*W24)/(X3) -> 443.18182 | ... AJ24: =(AI3*AI24)/(AJ3) -> 975
A25: 24 cm | B25: =(C3*C25)/(B3) -> 101.4 | C25: =(D3*D25)/(C3) -> 126.75 | D25: =(E3*E25)/(D3) -> 169 | E25: =(F3*F25)/(E3) -> 202.8 | F25: =(G3*G25)/(F3) -> 253.5 | G25: =(H3*H25)/(G3) -> 260 | H25: =(I3*I25)/(H3) -> 266.84211 | I25: =(J3*J25)/(I3) -> 274.05405 | ... O25: =(P3*P25)/(O3) -> 327.09677 | P25: 338 | Q25: =(P3*P25)/(Q3) -> 349.65517 | R25: =(Q3*Q25)/(R3) -> 362.14286 | S25: =(R3*R25)/(S3) -> 375.55556 | T25: =(S3*S25)/(T3) -> 390 | U25: =(T3*T25)/(U3) -> 405.6 | V25: =(U3*U25)/(V3) -> 422.5 | W25: =(V3*V25)/(W3) -> 440.86957 | X25: =(W3*W25)/(X3) -> 460.90909 | ... AJ25: =(AI3*AI25)/(AJ3) -> 1014
A26: 23 cm | B26: =(C3*C26)/(B3) -> 105.9 | C26: =(D3*D26)/(C3) -> 132.375 | D26: =(E3*E26)/(D3) -> 176.5 | E26: =(F3*F26)/(E3) -> 211.8 | F26: =(G3*G26)/(F3) -> 264.75 | G26: =(H3*H26)/(G3) -> 271.53846 | H26: =(I3*I26)/(H3) -> 278.68421 | I26: =(J3*J26)/(I3) -> 286.21622 | ... O26: =(P3*P26)/(O3) -> 341.6129 | P26: 353 | Q26: =(P3*P26)/(Q3) -> 365.17241 | R26: =(Q3*Q26)/(R3) -> 378.21429 | S26: =(R3*R26)/(S3) -> 392.22222 | T26: =(S3*S26)/(T3) -> 407.30769 | U26: =(T3*T26)/(U3) -> 423.6 | V26: =(U3*U26)/(V3) -> 441.25 | W26: =(V3*V26)/(W3) -> 460.43478 | X26: =(W3*W26)/(X3) -> 481.36364 | ... AJ26: =(AI3*AI26)/(AJ3) -> 1059
A27: 22 cm | B27: =(C3*C27)/(B3) -> 110.7 | C27: =(D3*D27)/(C3) -> 138.375 | D27: =(E3*E27)/(D3) -> 184.5 | E27: =(F3*F27)/(E3) -> 221.4 | F27: =(G3*G27)/(F3) -> 276.75 | G27: =(H3*H27)/(G3) -> 283.84615 | H27: =(I3*I27)/(H3) -> 291.31579 | I27: =(J3*J27)/(I3) -> 299.18919 | ... O27: =(P3*P27)/(O3) -> 357.09677 | P27: 369 | Q27: =(P3*P27)/(Q3) -> 381.72414 | R27: =(Q3*Q27)/(R3) -> 395.35714 | S27: =(R3*R27)/(S3) -> 410 | T27: =(S3*S27)/(T3) -> 425.76923 | U27: =(T3*T27)/(U3) -> 442.8 | V27: =(U3*U27)/(V3) -> 461.25 | W27: =(V3*V27)/(W3) -> 481.30435 | X27: =(W3*W27)/(X3) -> 503.18182 | ... AJ27: =(AI3*AI27)/(AJ3) -> 1107
A28: 21 cm | B28: =(C3*C28)/(B3) -> 116.1 | C28: =(D3*D28)/(C3) -> 145.125 | D28: =(E3*E28)/(D3) -> 193.5 | E28: =(F3*F28)/(E3) -> 232.2 | F28: =(G3*G28)/(F3) -> 290.25 | G28: =(H3*H28)/(G3) -> 297.69231 | H28: =(I3*I28)/(H3) -> 305.52632 | I28: =(J3*J28)/(I3) -> 313.78378 | ... O28: =(P3*P28)/(O3) -> 374.51613 | P28: 387 | Q28: =(P3*P28)/(Q3) -> 400.34483 | R28: =(Q3*Q28)/(R3) -> 414.64286 | S28: =(R3*R28)/(S3) -> 430 | T28: =(S3*S28)/(T3) -> 446.53846 | U28: =(T3*T28)/(U3) -> 464.4 | V28: =(U3*U28)/(V3) -> 483.75 | W28: =(V3*V28)/(W3) -> 504.78261 | X28: =(W3*W28)/(X3) -> 527.72727 | ... AJ28: =(AI3*AI28)/(AJ3) -> 1161
A29: 20 cm | B29: =(C3*C29)/(B3) -> 121.8 | C29: =(D3*D29)/(C3) -> 152.25 | D29: =(E3*E29)/(D3) -> 203 | E29: =(F3*F29)/(E3) -> 243.6 | F29: =(G3*G29)/(F3) -> 304.5 | G29: =(H3*H29)/(G3) -> 312.30769 | H29: =(I3*I29)/(H3) -> 320.52632 | I29: =(J3*J29)/(I3) -> 329.18919 | ... O29: =(P3*P29)/(O3) -> 392.90323 | P29: 406 | Q29: =(P3*P29)/(Q3) -> 420 | R29: =(Q3*Q29)/(R3) -> 435 | S29: =(R3*R29)/(S3) -> 451.11111 | T29: =(S3*S29)/(T3) -> 468.46154 | U29: =(T3*T29)/(U3) -> 487.2 | V29: =(U3*U29)/(V3) -> 507.5 | W29: =(V3*V29)/(W3) -> 529.56522 | X29: =(W3*W29)/(X3) -> 553.63636 | ... AJ29: =(AI3*AI29)/(AJ3) -> 1218
A30: 19 cm | B30: =(C3*C30)/(B3) -> 128.1 | C30: =(D3*D30)/(C3) -> 160.125 | D30: =(E3*E30)/(D3) -> 213.5 | E30: =(F3*F30)/(E3) -> 256.2 | F30: =(G3*G30)/(F3) -> 320.25 | G30: =(H3*H30)/(G3) -> 328.46154 | H30: =(I3*I30)/(H3) -> 337.10526 | I30: =(J3*J30)/(I3) -> 346.21622 | ... O30: =(P3*P30)/(O3) -> 413.22581 | P30: 427 | Q30: =(P3*P30)/(Q3) -> 441.72414 | R30: =(Q3*Q30)/(R3) -> 457.5 | S30: =(R3*R30)/(S3) -> 474.44444 | T30: =(S3*S30)/(T3) -> 492.69231 | U30: =(T3*T30)/(U3) -> 512.4 | V30: =(U3*U30)/(V3) -> 533.75 | W30: =(V3*V30)/(W3) -> 556.95652 | X30: =(W3*W30)/(X3) -> 582.27273 | ... AJ30: =(AI3*AI30)/(AJ3) -> 1281
A31: 18 cm | B31: =(C3*C31)/(B3) -> 135.3 | C31: =(D3*D31)/(C3) -> 169.125 | D31: =(E3*E31)/(D3) -> 225.5 | E31: =(F3*F31)/(E3) -> 270.6 | F31: =(G3*G31)/(F3) -> 338.25 | G31: =(H3*H31)/(G3) -> 346.92308 | H31: =(I3*I31)/(H3) -> 356.05263 | I31: =(J3*J31)/(I3) -> 365.67568 | ... O31: =(P3*P31)/(O3) -> 436.45161 | P31: 451 | Q31: =(P3*P31)/(Q3) -> 466.55172 | R31: =(Q3*Q31)/(R3) -> 483.21429 | S31: =(R3*R31)/(S3) -> 501.11111 | T31: =(S3*S31)/(T3) -> 520.38462 | U31: =(T3*T31)/(U3) -> 541.2 | V31: =(U3*U31)/(V3) -> 563.75 | W31: =(V3*V31)/(W3) -> 588.26087 | X31: =(W3*W31)/(X3) -> 615 | ... AJ31: =(AI3*AI31)/(AJ3) -> 1353
A32: 17 cm | B32: =(C3*C32)/(B3) -> 143.4 | C32: =(D3*D32)/(C3) -> 179.25 | D32: =(E3*E32)/(D3) -> 239 | E32: =(F3*F32)/(E3) -> 286.8 | F32: =(G3*G32)/(F3) -> 358.5 | G32: =(H3*H32)/(G3) -> 367.69231 | H32: =(I3*I32)/(H3) -> 377.36842 | I32: =(J3*J32)/(I3) -> 387.56757 | ... O32: =(P3*P32)/(O3) -> 462.58065 | P32: 478 | Q32: =(P3*P32)/(Q3) -> 494.48276 | R32: =(Q3*Q32)/(R3) -> 512.14286 | S32: =(R3*R32)/(S3) -> 531.11111 | T32: =(S3*S32)/(T3) -> 551.53846 | U32: =(T3*T32)/(U3) -> 573.6 | V32: =(U3*U32)/(V3) -> 597.5 | W32: =(V3*V32)/(W3) -> 623.47826 | X32: =(W3*W32)/(X3) -> 651.81818 | ... AJ32: =(AI3*AI32)/(AJ3) -> 1434
A33: 16 cm | B33: =(C3*C33)/(B3) -> 152.4 | C33: =(D3*D33)/(C3) -> 190.5 | D33: =(E3*E33)/(D3) -> 254 | E33: =(F3*F33)/(E3) -> 304.8 | F33: =(G3*G33)/(F3) -> 381 | G33: =(H3*H33)/(G3) -> 390.76923 | H33: =(I3*I33)/(H3) -> 401.05263 | I33: =(J3*J33)/(I3) -> 411.89189 | ... O33: =(P3*P33)/(O3) -> 491.6129 | P33: 508 | Q33: =(P3*P33)/(Q3) -> 525.51724 | R33: =(Q3*Q33)/(R3) -> 544.28571 | S33: =(R3*R33)/(S3) -> 564.44444 | T33: =(S3*S33)/(T3) -> 586.15385 | U33: =(T3*T33)/(U3) -> 609.6 | V33: =(U3*U33)/(V3) -> 635 | W33: =(V3*V33)/(W3) -> 662.6087 | X33: =(W3*W33)/(X3) -> 692.72727 | ... AJ33: =(AI3*AI33)/(AJ3) -> 1524
A34: 15 cm | B34: =(C3*C34)/(B3) -> 162.3 | C34: =(D3*D34)/(C3) -> 202.875 | D34: =(E3*E34)/(D3) -> 270.5 | E34: =(F3*F34)/(E3) -> 324.6 | F34: =(G3*G34)/(F3) -> 405.75 | G34: =(H3*H34)/(G3) -> 416.15385 | H34: =(I3*I34)/(H3) -> 427.10526 | I34: =(J3*J34)/(I3) -> 438.64865 | ... O34: =(P3*P34)/(O3) -> 523.54839 | P34: 541 | Q34: =(P3*P34)/(Q3) -> 559.65517 | R34: =(Q3*Q34)/(R3) -> 579.64286 | S34: =(R3*R34)/(S3) -> 601.11111 | T34: =(S3*S34)/(T3) -> 624.23077 | U34: =(T3*T34)/(U3) -> 649.2 | V34: =(U3*U34)/(V3) -> 676.25 | W34: =(V3*V34)/(W3) -> 705.65217 | X34: =(W3*W34)/(X3) -> 737.72727 | ... AJ34: =(AI3*AI34)/(AJ3) -> 1623
C35: NOT:Çizelgede belirtilen iplik uzunluklarına;Orta renklerde 2mm,Koyu renklerde 4mm daha ilave ekle (hesaplama 18 fayna göre yapılmıştır)
B36: 30 DENYE FULL LYCRALI RİBANA; 100 MAYDAKİ İPLİK UZUNLUKLARINA GÖRE ORTALAMA MAMÜL GRAMAJLARI (tam dolu iğneli )
A37: 30 | B37: İPLİK NUMARALARI
A38: DENYELİ | B38: 100 | C38: 80 | D38: 60 | E38: 50 | F38: 40 | G38: 39 | H38: 38 | I38: 37 | J38: 36 | K38: 35 | L38: 34 | M38: 33 | N38: 32 | O38: 31 | P38: 30 | Q38: 29 | R38: 28 | S38: 27 | T38: 26 | U38: 25 | V38: 24 | W38: 23 | X38: 22 | Y38: 21 | Z38: 20 | AA38: 19 | AB38: 18 | AC38: 17 | AD38: 16 | AE38: 15 | AF38: 14 | AG38: 13 | AH38: 12 | AI38: 11 | AJ38: 10
A39: 45 cm | B39: =(C38*C39)/(B38) -> 60 | C39: =(D38*D39)/(C38) -> 75 | D39: =(E38*E39)/(D38) -> 100 | E39: =(F38*F39)/(E38) -> 120 | F39: =(G38*G39)/(F38) -> 150 | G39: =(H38*H39)/(G38) -> 153.84615 | H39: =(I38*I39)/(H38) -> 157.89474 | I39: =(J38*J39)/(I38) -> 162.16216 | ... O39: =(P38*P39)/(O38) -> 193.54839 | P39: 200 | Q39: =(P38*P39)/(Q38) -> 206.89655 | R39: =(Q38*Q39)/(R38) -> 214.28571 | S39: =(R38*R39)/(S38) -> 222.22222 | T39: =(S38*S39)/(T38) -> 230.76923 | U39: =(T38*T39)/(U38) -> 240 | V39: =(U38*U39)/(V38) -> 250 | W39: =(V38*V39)/(W38) -> 260.86957 | X39: =(W38*W39)/(X38) -> 272.72727 | ... AJ39: =(AI38*AI39)/(AJ38) -> 600
A40: 44 cm | B40: =(C38*C40)/(B38) -> 61.2 | C40: =(D38*D40)/(C38) -> 76.5 | D40: =(E38*E40)/(D38) -> 102 | E40: =(F38*F40)/(E38) -> 122.4 | F40: =(G38*G40)/(F38) -> 153 | G40: =(H38*H40)/(G38) -> 156.92308 | H40: =(I38*I40)/(H38) -> 161.05263 | I40: =(J38*J40)/(I38) -> 165.40541 | ... O40: =(P38*P40)/(O38) -> 197.41935 | P40: 204 | Q40: =(P38*P40)/(Q38) -> 211.03448 | R40: =(Q38*Q40)/(R38) -> 218.57143 | S40: =(R38*R40)/(S38) -> 226.66667 | T40: =(S38*S40)/(T38) -> 235.38462 | U40: =(T38*T40)/(U38) -> 244.8 | V40: =(U38*U40)/(V38) -> 255 | W40: =(V38*V40)/(W38) -> 266.08696 | X40: =(W38*W40)/(X38) -> 278.18182 | ... AJ40: =(AI38*AI40)/(AJ38) -> 612
A41: 43 cm | B41: =(C38*C41)/(B38) -> 62.7 | C41: =(D38*D41)/(C38) -> 78.375 | D41: =(E38*E41)/(D38) -> 104.5 | E41: =(F38*F41)/(E38) -> 125.4 | F41: =(G38*G41)/(F38) -> 156.75 | G41: =(H38*H41)/(G38) -> 160.76923 | H41: =(I38*I41)/(H38) -> 165 | I41: =(J38*J41)/(I38) -> 169.45946 | ... O41: =(P38*P41)/(O38) -> 202.25806 | P41: 209 | Q41: =(P38*P41)/(Q38) -> 216.2069 | R41: =(Q38*Q41)/(R38) -> 223.92857 | S41: =(R38*R41)/(S38) -> 232.22222 | T41: =(S38*S41)/(T38) -> 241.15385 | U41: =(T38*T41)/(U38) -> 250.8 | V41: =(U38*U41)/(V38) -> 261.25 | W41: =(V38*V41)/(W38) -> 272.6087 | X41: =(W38*W41)/(X38) -> 285 | ... AJ41: =(AI38*AI41)/(AJ38) -> 627
A42: 42 cm | B42: =(C38*C42)/(B38) -> 63.9 | C42: =(D38*D42)/(C38) -> 79.875 | D42: =(E38*E42)/(D38) -> 106.5 | E42: =(F38*F42)/(E38) -> 127.8 | F42: =(G38*G42)/(F38) -> 159.75 | G42: =(H38*H42)/(G38) -> 163.84615 | H42: =(I38*I42)/(H38) -> 168.15789 | I42: =(J38*J42)/(I38) -> 172.7027 | ... O42: =(P38*P42)/(O38) -> 206.12903 | P42: 213 | Q42: =(P38*P42)/(Q38) -> 220.34483 | R42: =(Q38*Q42)/(R38) -> 228.21429 | S42: =(R38*R42)/(S38) -> 236.66667 | T42: =(S38*S42)/(T38) -> 245.76923 | U42: =(T38*T42)/(U38) -> 255.6 | V42: =(U38*U42)/(V38) -> 266.25 | W42: =(V38*V42)/(W38) -> 277.82609 | X42: =(W38*W42)/(X38) -> 290.45455 | ... AJ42: =(AI38*AI42)/(AJ38) -> 639
A43: 41 cm | B43: =(C38*C43)/(B38) -> 65.4 | C43: =(D38*D43)/(C38) -> 81.75 | D43: =(E38*E43)/(D38) -> 109 | E43: =(F38*F43)/(E38) -> 130.8 | F43: =(G38*G43)/(F38) -> 163.5 | G43: =(H38*H43)/(G38) -> 167.69231 | H43: =(I38*I43)/(H38) -> 172.10526 | I43: =(J38*J43)/(I38) -> 176.75676 | ... O43: =(P38*P43)/(O38) -> 210.96774 | P43: 218 | Q43: =(P38*P43)/(Q38) -> 225.51724 | R43: =(Q38*Q43)/(R38) -> 233.57143 | S43: =(R38*R43)/(S38) -> 242.22222 | T43: =(S38*S43)/(T38) -> 251.53846 | U43: =(T38*T43)/(U38) -> 261.6 | V43: =(U38*U43)/(V38) -> 272.5 | W43: =(V38*V43)/(W38) -> 284.34783 | X43: =(W38*W43)/(X38) -> 297.27273 | ... AJ43: =(AI38*AI43)/(AJ38) -> 654
A44: 40 cm | B44: =(C38*C44)/(B38) -> 67.2 | C44: =(D38*D44)/(C38) -> 84 | D44: =(E38*E44)/(D38) -> 112 | E44: =(F38*F44)/(E38) -> 134.4 | F44: =(G38*G44)/(F38) -> 168 | G44: =(H38*H44)/(G38) -> 172.30769 | H44: =(I38*I44)/(H38) -> 176.84211 | I44: =(J38*J44)/(I38) -> 181.62162 | ... O44: =(P38*P44)/(O38) -> 216.77419 | P44: 224 | Q44: =(P38*P44)/(Q38) -> 231.72414 | R44: =(Q38*Q44)/(R38) -> 240 | S44: =(R38*R44)/(S38) -> 248.88889 | T44: =(S38*S44)/(T38) -> 258.46154 | U44: =(T38*T44)/(U38) -> 268.8 | V44: =(U38*U44)/(V38) -> 280 | W44: =(V38*V44)/(W38) -> 292.17391 | X44: =(W38*W44)/(X38) -> 305.45455 | ... AJ44: =(AI38*AI44)/(AJ38) -> 672
A45: 39 cm | B45: =(C38*C45)/(B38) -> 69 | C45: =(D38*D45)/(C38) -> 86.25 | D45: =(E38*E45)/(D38) -> 115 | E45: =(F38*F45)/(E38) -> 138 | F45: =(G38*G45)/(F38) -> 172.5 | G45: =(H38*H45)/(G38) -> 176.92308 | H45: =(I38*I45)/(H38) -> 181.57895 | I45: =(J38*J45)/(I38) -> 186.48649 | ... O45: =(P38*P45)/(O38) -> 222.58065 | P45: 230 | Q45: =(P38*P45)/(Q38) -> 237.93103 | R45: =(Q38*Q45)/(R38) -> 246.42857 | S45: =(R38*R45)/(S38) -> 255.55556 | T45: =(S38*S45)/(T38) -> 265.38462 | U45: =(T38*T45)/(U38) -> 276 | V45: =(U38*U45)/(V38) -> 287.5 | W45: =(V38*V45)/(W38) -> 300 | X45: =(W38*W45)/(X38) -> 313.63636 | ... AJ45: =(AI38*AI45)/(AJ38) -> 690
A46: 38 cm | B46: =(C38*C46)/(B38) -> 70.5 | C46: =(D38*D46)/(C38) -> 88.125 | D46: =(E38*E46)/(D38) -> 117.5 | E46: =(F38*F46)/(E38) -> 141 | F46: =(G38*G46)/(F38) -> 176.25 | G46: =(H38*H46)/(G38) -> 180.76923 | H46: =(I38*I46)/(H38) -> 185.52632 | I46: =(J38*J46)/(I38) -> 190.54054 | ... O46: =(P38*P46)/(O38) -> 227.41935 | P46: 235 | Q46: =(P38*P46)/(Q38) -> 243.10345 | R46: =(Q38*Q46)/(R38) -> 251.78571 | S46: =(R38*R46)/(S38) -> 261.11111 | T46: =(S38*S46)/(T38) -> 271.15385 | U46: =(T38*T46)/(U38) -> 282 | V46: =(U38*U46)/(V38) -> 293.75 | W46: =(V38*V46)/(W38) -> 306.52174 | X46: =(W38*W46)/(X38) -> 320.45455 | ... AJ46: =(AI38*AI46)/(AJ38) -> 705
A47: 37 cm | B47: =(C38*C47)/(B38) -> 72.6 | C47: =(D38*D47)/(C38) -> 90.75 | D47: =(E38*E47)/(D38) -> 121 | E47: =(F38*F47)/(E38) -> 145.2 | F47: =(G38*G47)/(F38) -> 181.5 | G47: =(H38*H47)/(G38) -> 186.15385 | H47: =(I38*I47)/(H38) -> 191.05263 | I47: =(J38*J47)/(I38) -> 196.21622 | ... O47: =(P38*P47)/(O38) -> 234.19355 | P47: 242 | Q47: =(P38*P47)/(Q38) -> 250.34483 | R47: =(Q38*Q47)/(R38) -> 259.28571 | S47: =(R38*R47)/(S38) -> 268.88889 | T47: =(S38*S47)/(T38) -> 279.23077 | U47: =(T38*T47)/(U38) -> 290.4 | V47: =(U38*U47)/(V38) -> 302.5 | W47: =(V38*V47)/(W38) -> 315.65217 | X47: =(W38*W47)/(X38) -> 330 | ... AJ47: =(AI38*AI47)/(AJ38) -> 726
A48: 36 cm | B48: =(C38*C48)/(B38) -> 74.7 | C48: =(D38*D48)/(C38) -> 93.375 | D48: =(E38*E48)/(D38) -> 124.5 | E48: =(F38*F48)/(E38) -> 149.4 | F48: =(G38*G48)/(F38) -> 186.75 | G48: =(H38*H48)/(G38) -> 191.53846 | H48: =(I38*I48)/(H38) -> 196.57895 | I48: =(J38*J48)/(I38) -> 201.89189 | ... O48: =(P38*P48)/(O38) -> 240.96774 | P48: 249 | Q48: =(P38*P48)/(Q38) -> 257.58621 | R48: =(Q38*Q48)/(R38) -> 266.78571 | S48: =(R38*R48)/(S38) -> 276.66667 | T48: =(S38*S48)/(T38) -> 287.30769 | U48: =(T38*T48)/(U38) -> 298.8 | V48: =(U38*U48)/(V38) -> 311.25 | W48: =(V38*V48)/(W38) -> 324.78261 | X48: =(W38*W48)/(X38) -> 339.54545 | ... AJ48: =(AI38*AI48)/(AJ38) -> 747
A49: 35 cm | B49: =(C38*C49)/(B38) -> 76.8 | C49: =(D38*D49)/(C38) -> 96 | D49: =(E38*E49)/(D38) -> 128 | E49: =(F38*F49)/(E38) -> 153.6 | F49: =(G38*G49)/(F38) -> 192 | G49: =(H38*H49)/(G38) -> 196.92308 | H49: =(I38*I49)/(H38) -> 202.10526 | I49: =(J38*J49)/(I38) -> 207.56757 | ... O49: =(P38*P49)/(O38) -> 247.74194 | P49: 256 | Q49: =(P38*P49)/(Q38) -> 264.82759 | R49: =(Q38*Q49)/(R38) -> 274.28571 | S49: =(R38*R49)/(S38) -> 284.44444 | T49: =(S38*S49)/(T38) -> 295.38462 | U49: =(T38*T49)/(U38) -> 307.2 | V49: =(U38*U49)/(V38) -> 320 | W49: =(V38*V49)/(W38) -> 333.91304 | X49: =(W38*W49)/(X38) -> 349.09091 | ... AJ49: =(AI38*AI49)/(AJ38) -> 768
A50: 34 cm | B50: =(C38*C50)/(B38) -> 79.5 | C50: =(D38*D50)/(C38) -> 99.375 | D50: =(E38*E50)/(D38) -> 132.5 | E50: =(F38*F50)/(E38) -> 159 | F50: =(G38*G50)/(F38) -> 198.75 | G50: =(H38*H50)/(G38) -> 203.84615 | H50: =(I38*I50)/(H38) -> 209.21053 | I50: =(J38*J50)/(I38) -> 214.86486 | ... O50: =(P38*P50)/(O38) -> 256.45161 | P50: 265 | Q50: =(P38*P50)/(Q38) -> 274.13793 | R50: =(Q38*Q50)/(R38) -> 283.92857 | S50: =(R38*R50)/(S38) -> 294.44444 | T50: =(S38*S50)/(T38) -> 305.76923 | U50: =(T38*T50)/(U38) -> 318 | V50: =(U38*U50)/(V38) -> 331.25 | W50: =(V38*V50)/(W38) -> 345.65217 | X50: =(W38*W50)/(X38) -> 361.36364 | ... AJ50: =(AI38*AI50)/(AJ38) -> 795
A51: 33 cm | B51: =(C38*C51)/(B38) -> 81.6 | C51: =(D38*D51)/(C38) -> 102 | D51: =(E38*E51)/(D38) -> 136 | E51: =(F38*F51)/(E38) -> 163.2 | F51: =(G38*G51)/(F38) -> 204 | G51: =(H38*H51)/(G38) -> 209.23077 | H51: =(I38*I51)/(H38) -> 214.73684 | I51: =(J38*J51)/(I38) -> 220.54054 | ... O51: =(P38*P51)/(O38) -> 263.22581 | P51: 272 | Q51: =(P38*P51)/(Q38) -> 281.37931 | R51: =(Q38*Q51)/(R38) -> 291.42857 | S51: =(R38*R51)/(S38) -> 302.22222 | T51: =(S38*S51)/(T38) -> 313.84615 | U51: =(T38*T51)/(U38) -> 326.4 | V51: =(U38*U51)/(V38) -> 340 | W51: =(V38*V51)/(W38) -> 354.78261 | X51: =(W38*W51)/(X38) -> 370.90909 | ... AJ51: =(AI38*AI51)/(AJ38) -> 816
A52: 32 cm | B52: =(C38*C52)/(B38) -> 84 | C52: =(D38*D52)/(C38) -> 105 | D52: =(E38*E52)/(D38) -> 140 | E52: =(F38*F52)/(E38) -> 168 | F52: =(G38*G52)/(F38) -> 210 | G52: =(H38*H52)/(G38) -> 215.38462 | H52: =(I38*I52)/(H38) -> 221.05263 | I52: =(J38*J52)/(I38) -> 227.02703 | ... O52: =(P38*P52)/(O38) -> 270.96774 | P52: 280 | Q52: =(P38*P52)/(Q38) -> 289.65517 | R52: =(Q38*Q52)/(R38) -> 300 | S52: =(R38*R52)/(S38) -> 311.11111 | T52: =(S38*S52)/(T38) -> 323.07692 | U52: =(T38*T52)/(U38) -> 336 | V52: =(U38*U52)/(V38) -> 350 | W52: =(V38*V52)/(W38) -> 365.21739 | X52: =(W38*W52)/(X38) -> 381.81818 | ... AJ52: =(AI38*AI52)/(AJ38) -> 840
A53: 31 cm | B53: =(C38*C53)/(B38) -> 87 | C53: =(D38*D53)/(C38) -> 108.75 | D53: =(E38*E53)/(D38) -> 145 | E53: =(F38*F53)/(E38) -> 174 | F53: =(G38*G53)/(F38) -> 217.5 | G53: =(H38*H53)/(G38) -> 223.07692 | H53: =(I38*I53)/(H38) -> 228.94737 | I53: =(J38*J53)/(I38) -> 235.13514 | ... O53: =(P38*P53)/(O38) -> 280.64516 | P53: 290 | Q53: =(P38*P53)/(Q38) -> 300 | R53: =(Q38*Q53)/(R38) -> 310.71429 | S53: =(R38*R53)/(S38) -> 322.22222 | T53: =(S38*S53)/(T38) -> 334.61538 | U53: =(T38*T53)/(U38) -> 348 | V53: =(U38*U53)/(V38) -> 362.5 | W53: =(V38*V53)/(W38) -> 378.26087 | X53: =(W38*W53)/(X38) -> 395.45455 | ... AJ53: =(AI38*AI53)/(AJ38) -> 870
A54: 30 cm | B54: =(C38*C54)/(B38) -> 90 | C54: =(D38*D54)/(C38) -> 112.5 | D54: =(E38*E54)/(D38) -> 150 | E54: =(F38*F54)/(E38) -> 180 | F54: =(G38*G54)/(F38) -> 225 | G54: =(H38*H54)/(G38) -> 230.76923 | H54: =(I38*I54)/(H38) -> 236.84211 | I54: =(J38*J54)/(I38) -> 243.24324 | ... O54: =(P38*P54)/(O38) -> 290.32258 | P54: 300 | Q54: =(P38*P54)/(Q38) -> 310.34483 | R54: =(Q38*Q54)/(R38) -> 321.42857 | S54: =(R38*R54)/(S38) -> 333.33333 | T54: =(S38*S54)/(T38) -> 346.15385 | U54: =(T38*T54)/(U38) -> 360 | V54: =(U38*U54)/(V38) -> 375 | W54: =(V38*V54)/(W38) -> 391.30435 | X54: =(W38*W54)/(X38) -> 409.09091 | ... AJ54: =(AI38*AI54)/(AJ38) -> 900
A55: 29 cm | B55: =(C38*C55)/(B38) -> 93 | C55: =(D38*D55)/(C38) -> 116.25 | D55: =(E38*E55)/(D38) -> 155 | E55: =(F38*F55)/(E38) -> 186 | F55: =(G38*G55)/(F38) -> 232.5 | G55: =(H38*H55)/(G38) -> 238.46154 | H55: =(I38*I55)/(H38) -> 244.73684 | I55: =(J38*J55)/(I38) -> 251.35135 | ... O55: =(P38*P55)/(O38) -> 300 | P55: 310 | Q55: =(P38*P55)/(Q38) -> 320.68966 | R55: =(Q38*Q55)/(R38) -> 332.14286 | S55: =(R38*R55)/(S38) -> 344.44444 | T55: =(S38*S55)/(T38) -> 357.69231 | U55: =(T38*T55)/(U38) -> 372 | V55: =(U38*U55)/(V38) -> 387.5 | W55: =(V38*V55)/(W38) -> 404.34783 | X55: =(W38*W55)/(X38) -> 422.72727 | ... AJ55: =(AI38*AI55)/(AJ38) -> 930
A56: 28 cm | B56: =(C38*C56)/(B38) -> 96 | C56: =(D38*D56)/(C38) -> 120 | D56: =(E38*E56)/(D38) -> 160 | E56: =(F38*F56)/(E38) -> 192 | F56: =(G38*G56)/(F38) -> 240 | G56: =(H38*H56)/(G38) -> 246.15385 | H56: =(I38*I56)/(H38) -> 252.63158 | I56: =(J38*J56)/(I38) -> 259.45946 | ... O56: =(P38*P56)/(O38) -> 309.67742 | P56: 320 | Q56: =(P38*P56)/(Q38) -> 331.03448 | R56: =(Q38*Q56)/(R38) -> 342.85714 | S56: =(R38*R56)/(S38) -> 355.55556 | T56: =(S38*S56)/(T38) -> 369.23077 | U56: =(T38*T56)/(U38) -> 384 | V56: =(U38*U56)/(V38) -> 400 | W56: =(V38*V56)/(W38) -> 417.3913 | X56: =(W38*W56)/(X38) -> 436.36364 | ... AJ56: =(AI38*AI56)/(AJ38) -> 960
A57: 27 cm | B57: =(C38*C57)/(B38) -> 99.6 | C57: =(D38*D57)/(C38) -> 124.5 | D57: =(E38*E57)/(D38) -> 166 | E57: =(F38*F57)/(E38) -> 199.2 | F57: =(G38*G57)/(F38) -> 249 | G57: =(H38*H57)/(G38) -> 255.38462 | H57: =(I38*I57)/(H38) -> 262.10526 | I57: =(J38*J57)/(I38) -> 269.18919 | ... O57: =(P38*P57)/(O38) -> 321.29032 | P57: 332 | Q57: =(P38*P57)/(Q38) -> 343.44828 | R57: =(Q38*Q57)/(R38) -> 355.71429 | S57: =(R38*R57)/(S38) -> 368.88889 | T57: =(S38*S57)/(T38) -> 383.07692 | U57: =(T38*T57)/(U38) -> 398.4 | V57: =(U38*U57)/(V38) -> 415 | W57: =(V38*V57)/(W38) -> 433.04348 | X57: =(W38*W57)/(X38) -> 452.72727 | ... AJ57: =(AI38*AI57)/(AJ38) -> 996
A58: 26 cm | B58: =(C38*C58)/(B38) -> 103.5 | C58: =(D38*D58)/(C38) -> 129.375 | D58: =(E38*E58)/(D38) -> 172.5 | E58: =(F38*F58)/(E38) -> 207 | F58: =(G38*G58)/(F38) -> 258.75 | G58: =(H38*H58)/(G38) -> 265.38462 | H58: =(I38*I58)/(H38) -> 272.36842 | I58: =(J38*J58)/(I38) -> 279.72973 | ... O58: =(P38*P58)/(O38) -> 333.87097 | P58: 345 | Q58: =(P38*P58)/(Q38) -> 356.89655 | R58: =(Q38*Q58)/(R38) -> 369.64286 | S58: =(R38*R58)/(S38) -> 383.33333 | T58: =(S38*S58)/(T38) -> 398.07692 | U58: =(T38*T58)/(U38) -> 414 | V58: =(U38*U58)/(V38) -> 431.25 | W58: =(V38*V58)/(W38) -> 450 | X58: =(W38*W58)/(X38) -> 470.45455 | ... AJ58: =(AI38*AI58)/(AJ38) -> 1035
A59: 25 cm | B59: =(C38*C59)/(B38) -> 107.4 | C59: =(D38*D59)/(C38) -> 134.25 | D59: =(E38*E59)/(D38) -> 179 | E59: =(F38*F59)/(E38) -> 214.8 | F59: =(G38*G59)/(F38) -> 268.5 | G59: =(H38*H59)/(G38) -> 275.38462 | H59: =(I38*I59)/(H38) -> 282.63158 | I59: =(J38*J59)/(I38) -> 290.27027 | ... O59: =(P38*P59)/(O38) -> 346.45161 | P59: 358 | Q59: =(P38*P59)/(Q38) -> 370.34483 | R59: =(Q38*Q59)/(R38) -> 383.57143 | S59: =(R38*R59)/(S38) -> 397.77778 | T59: =(S38*S59)/(T38) -> 413.07692 | U59: =(T38*T59)/(U38) -> 429.6 | V59: =(U38*U59)/(V38) -> 447.5 | W59: =(V38*V59)/(W38) -> 466.95652 | X59: =(W38*W59)/(X38) -> 488.18182 | ... AJ59: =(AI38*AI59)/(AJ38) -> 1074
A60: 24 cm | B60: =(C38*C60)/(B38) -> 111.9 | C60: =(D38*D60)/(C38) -> 139.875 | D60: =(E38*E60)/(D38) -> 186.5 | E60: =(F38*F60)/(E38) -> 223.8 | F60: =(G38*G60)/(F38) -> 279.75 | G60: =(H38*H60)/(G38) -> 286.92308 | H60: =(I38*I60)/(H38) -> 294.47368 | I60: =(J38*J60)/(I38) -> 302.43243 | ... O60: =(P38*P60)/(O38) -> 360.96774 | P60: 373 | Q60: =(P38*P60)/(Q38) -> 385.86207 | R60: =(Q38*Q60)/(R38) -> 399.64286 | S60: =(R38*R60)/(S38) -> 414.44444 | T60: =(S38*S60)/(T38) -> 430.38462 | U60: =(T38*T60)/(U38) -> 447.6 | V60: =(U38*U60)/(V38) -> 466.25 | W60: =(V38*V60)/(W38) -> 486.52174 | X60: =(W38*W60)/(X38) -> 508.63636 | ... AJ60: =(AI38*AI60)/(AJ38) -> 1119
A61: 23 cm | B61: =(C38*C61)/(B38) -> 117 | C61: =(D38*D61)/(C38) -> 146.25 | D61: =(E38*E61)/(D38) -> 195 | E61: =(F38*F61)/(E38) -> 234 | F61: =(G38*G61)/(F38) -> 292.5 | G61: =(H38*H61)/(G38) -> 300 | H61: =(I38*I61)/(H38) -> 307.89474 | I61: =(J38*J61)/(I38) -> 316.21622 | ... O61: =(P38*P61)/(O38) -> 377.41935 | P61: 390 | Q61: =(P38*P61)/(Q38) -> 403.44828 | R61: =(Q38*Q61)/(R38) -> 417.85714 | S61: =(R38*R61)/(S38) -> 433.33333 | T61: =(S38*S61)/(T38) -> 450 | U61: =(T38*T61)/(U38) -> 468 | V61: =(U38*U61)/(V38) -> 487.5 | W61: =(V38*V61)/(W38) -> 508.69565 | X61: =(W38*W61)/(X38) -> 531.81818 | ... AJ61: =(AI38*AI61)/(AJ38) -> 1170
A62: 22 cm | B62: =(C38*C62)/(B38) -> 122.1 | C62: =(D38*D62)/(C38) -> 152.625 | D62: =(E38*E62)/(D38) -> 203.5 | E62: =(F38*F62)/(E38) -> 244.2 | F62: =(G38*G62)/(F38) -> 305.25 | G62: =(H38*H62)/(G38) -> 313.07692 | H62: =(I38*I62)/(H38) -> 321.31579 | I62: =(J38*J62)/(I38) -> 330 | ... O62: =(P38*P62)/(O38) -> 393.87097 | P62: 407 | Q62: =(P38*P62)/(Q38) -> 421.03448 | R62: =(Q38*Q62)/(R38) -> 436.07143 | S62: =(R38*R62)/(S38) -> 452.22222 | T62: =(S38*S62)/(T38) -> 469.61538 | U62: =(T38*T62)/(U38) -> 488.4 | V62: =(U38*U62)/(V38) -> 508.75 | W62: =(V38*V62)/(W38) -> 530.86957 | X62: =(W38*W62)/(X38) -> 555 | ... AJ62: =(AI38*AI62)/(AJ38) -> 1221
A63: 21 cm | B63: =(C38*C63)/(B38) -> 128.1 | C63: =(D38*D63)/(C38) -> 160.125 | D63: =(E38*E63)/(D38) -> 213.5 | E63: =(F38*F63)/(E38) -> 256.2 | F63: =(G38*G63)/(F38) -> 320.25 | G63: =(H38*H63)/(G38) -> 328.46154 | H63: =(I38*I63)/(H38) -> 337.10526 | I63: =(J38*J63)/(I38) -> 346.21622 | ... O63: =(P38*P63)/(O38) -> 413.22581 | P63: 427 | Q63: =(P38*P63)/(Q38) -> 441.72414 | R63: =(Q38*Q63)/(R38) -> 457.5 | S63: =(R38*R63)/(S38) -> 474.44444 | T63: =(S38*S63)/(T38) -> 492.69231 | U63: =(T38*T63)/(U38) -> 512.4 | V63: =(U38*U63)/(V38) -> 533.75 | W63: =(V38*V63)/(W38) -> 556.95652 | X63: =(W38*W63)/(X38) -> 582.27273 | ... AJ63: =(AI38*AI63)/(AJ38) -> 1281
A64: 20 cm | B64: =(C38*C64)/(B38) -> 134.4 | C64: =(D38*D64)/(C38) -> 168 | D64: =(E38*E64)/(D38) -> 224 | E64: =(F38*F64)/(E38) -> 268.8 | F64: =(G38*G64)/(F38) -> 336 | G64: =(H38*H64)/(G38) -> 344.61538 | H64: =(I38*I64)/(H38) -> 353.68421 | I64: =(J38*J64)/(I38) -> 363.24324 | ... O64: =(P38*P64)/(O38) -> 433.54839 | P64: 448 | Q64: =(P38*P64)/(Q38) -> 463.44828 | R64: =(Q38*Q64)/(R38) -> 480 | S64: =(R38*R64)/(S38) -> 497.77778 | T64: =(S38*S64)/(T38) -> 516.92308 | U64: =(T38*T64)/(U38) -> 537.6 | V64: =(U38*U64)/(V38) -> 560 | W64: =(V38*V64)/(W38) -> 584.34783 | X64: =(W38*W64)/(X38) -> 610.90909 | ... AJ64: =(AI38*AI64)/(AJ38) -> 1344
A65: 19 cm | B65: =(C38*C65)/(B38) -> 141.6 | C65: =(D38*D65)/(C38) -> 177 | D65: =(E38*E65)/(D38) -> 236 | E65: =(F38*F65)/(E38) -> 283.2 | F65: =(G38*G65)/(F38) -> 354 | G65: =(H38*H65)/(G38) -> 363.07692 | H65: =(I38*I65)/(H38) -> 372.63158 | I65: =(J38*J65)/(I38) -> 382.7027 | ... O65: =(P38*P65)/(O38) -> 456.77419 | P65: 472 | Q65: =(P38*P65)/(Q38) -> 488.27586 | R65: =(Q38*Q65)/(R38) -> 505.71429 | S65: =(R38*R65)/(S38) -> 524.44444 | T65: =(S38*S65)/(T38) -> 544.61538 | U65: =(T38*T65)/(U38) -> 566.4 | V65: =(U38*U65)/(V38) -> 590 | W65: =(V38*V65)/(W38) -> 615.65217 | X65: =(W38*W65)/(X38) -> 643.63636 | ... AJ65: =(AI38*AI65)/(AJ38) -> 1416
A66: 18 cm | B66: =(C38*C66)/(B38) -> 149.4 | C66: =(D38*D66)/(C38) -> 186.75 | D66: =(E38*E66)/(D38) -> 249 | E66: =(F38*F66)/(E38) -> 298.8 | F66: =(G38*G66)/(F38) -> 373.5 | G66: =(H38*H66)/(G38) -> 383.07692 | H66: =(I38*I66)/(H38) -> 393.15789 | I66: =(J38*J66)/(I38) -> 403.78378 | ... O66: =(P38*P66)/(O38) -> 481.93548 | P66: 498 | Q66: =(P38*P66)/(Q38) -> 515.17241 | R66: =(Q38*Q66)/(R38) -> 533.57143 | S66: =(R38*R66)/(S38) -> 553.33333 | T66: =(S38*S66)/(T38) -> 574.61538 | U66: =(T38*T66)/(U38) -> 597.6 | V66: =(U38*U66)/(V38) -> 622.5 | W66: =(V38*V66)/(W38) -> 649.56522 | X66: =(W38*W66)/(X38) -> 679.09091 | ... AJ66: =(AI38*AI66)/(AJ38) -> 1494
A67: 17 cm | B67: =(C38*C67)/(B38) -> 158.1 | C67: =(D38*D67)/(C38) -> 197.625 | D67: =(E38*E67)/(D38) -> 263.5 | E67: =(F38*F67)/(E38) -> 316.2 | F67: =(G38*G67)/(F38) -> 395.25 | G67: =(H38*H67)/(G38) -> 405.38462 | H67: =(I38*I67)/(H38) -> 416.05263 | I67: =(J38*J67)/(I38) -> 427.2973 | ... O67: =(P38*P67)/(O38) -> 510 | P67: 527 | Q67: =(P38*P67)/(Q38) -> 545.17241 | R67: =(Q38*Q67)/(R38) -> 564.64286 | S67: =(R38*R67)/(S38) -> 585.55556 | T67: =(S38*S67)/(T38) -> 608.07692 | U67: =(T38*T67)/(U38) -> 632.4 | V67: =(U38*U67)/(V38) -> 658.75 | W67: =(V38*V67)/(W38) -> 687.3913 | X67: =(W38*W67)/(X38) -> 718.63636 | ... AJ67: =(AI38*AI67)/(AJ38) -> 1581
A68: 16 cm | B68: =(C38*C68)/(B38) -> 168 | C68: =(D38*D68)/(C38) -> 210 | D68: =(E38*E68)/(D38) -> 280 | E68: =(F38*F68)/(E38) -> 336 | F68: =(G38*G68)/(F38) -> 420 | G68: =(H38*H68)/(G38) -> 430.76923 | H68: =(I38*I68)/(H38) -> 442.10526 | I68: =(J38*J68)/(I38) -> 454.05405 | ... O68: =(P38*P68)/(O38) -> 541.93548 | P68: 560 | Q68: =(P38*P68)/(Q38) -> 579.31034 | R68: =(Q38*Q68)/(R38) -> 600 | S68: =(R38*R68)/(S38) -> 622.22222 | T68: =(S38*S68)/(T38) -> 646.15385 | U68: =(T38*T68)/(U38) -> 672 | V68: =(U38*U68)/(V38) -> 700 | W68: =(V38*V68)/(W38) -> 730.43478 | X68: =(W38*W68)/(X38) -> 763.63636 | ... AJ68: =(AI38*AI68)/(AJ38) -> 1680
A69: 15 cm | B69: =(C38*C69)/(B38) -> 179.1 | C69: =(D38*D69)/(C38) -> 223.875 | D69: =(E38*E69)/(D38) -> 298.5 | E69: =(F38*F69)/(E38) -> 358.2 | F69: =(G38*G69)/(F38) -> 447.75 | G69: =(H38*H69)/(G38) -> 459.23077 | H69: =(I38*I69)/(H38) -> 471.31579 | I69: =(J38*J69)/(I38) -> 484.05405 | ... O69: =(P38*P69)/(O38) -> 577.74194 | P69: 597 | Q69: =(P38*P69)/(Q38) -> 617.58621 | R69: =(Q38*Q69)/(R38) -> 639.64286 | S69: =(R38*R69)/(S38) -> 663.33333 | T69: =(S38*S69)/(T38) -> 688.84615 | U69: =(T38*T69)/(U38) -> 716.4 | V69: =(U38*U69)/(V38) -> 746.25 | W69: =(V38*V69)/(W38) -> 778.69565 | X69: =(W38*W69)/(X38) -> 814.09091 | ... AJ69: =(AI38*AI69)/(AJ38) -> 1791
C70: NOT:Çizelgede belirtilen iplik uzunluklarına;Orta renklerde 2mm,Koyu renklerde 4mm daha ilave ekle (hesaplama 18 fayna göre yapılmıştır)
B71: 40 DENYE FULL LYCRALI RİBANA; 100 MAYDAKİ İPLİK UZUNLUKLARINA GÖRE ORTALAMA MAMÜL GRAMAJLARI (tam dolu iğneli )
A72: 40 | B72: İPLİK NUMARALARI
A73: DENYELİ | B73: 100 | C73: 80 | D73: 60 | E73: 50 | F73: 40 | G73: 39 | H73: 38 | I73: 37 | J73: 36 | K73: 35 | L73: 34 | M73: 33 | N73: 32 | O73: 31 | P73: 30 | Q73: 29 | R73: 28 | S73: 27 | T73: 26 | U73: 25 | V73: 24 | W73: 23 | X73: 22 | Y73: 21 | Z73: 20 | AA73: 19 | AB73: 18 | AC73: 17 | AD73: 16 | AE73: 15 | AF73: 14 | AG73: 13 | AH73: 12 | AI73: 11 | AJ73: 10
A74: 45 cm | B74: =(C73*C74)/(B73) -> 66.3 | C74: =(D73*D74)/(C73) -> 82.875 | D74: =(E73*E74)/(D73) -> 110.5 | E74: =(F73*F74)/(E73) -> 132.6 | F74: =(G73*G74)/(F73) -> 165.75 | G74: =(H73*H74)/(G73) -> 170 | H74: =(I73*I74)/(H73) -> 174.47368 | I74: =(J73*J74)/(I73) -> 179.18919 | ... O74: =(P73*P74)/(O73) -> 213.87097 | P74: 221 | Q74: =(P73*P74)/(Q73) -> 228.62069 | R74: =(Q73*Q74)/(R73) -> 236.78571 | S74: =(R73*R74)/(S73) -> 245.55556 | T74: =(S73*S74)/(T73) -> 255 | U74: =(T73*T74)/(U73) -> 265.2 | V74: =(U73*U74)/(V73) -> 276.25 | W74: =(V73*V74)/(W73) -> 288.26087 | X74: =(W73*W74)/(X73) -> 301.36364 | ... AJ74: =(AI73*AI74)/(AJ73) -> 663
A75: 44 cm | B75: =(C73*C75)/(B73) -> 67.8 | C75: =(D73*D75)/(C73) -> 84.75 | D75: =(E73*E75)/(D73) -> 113 | E75: =(F73*F75)/(E73) -> 135.6 | F75: =(G73*G75)/(F73) -> 169.5 | G75: =(H73*H75)/(G73) -> 173.84615 | H75: =(I73*I75)/(H73) -> 178.42105 | I75: =(J73*J75)/(I73) -> 183.24324 | ... O75: =(P73*P75)/(O73) -> 218.70968 | P75: 226 | Q75: =(P73*P75)/(Q73) -> 233.7931 | R75: =(Q73*Q75)/(R73) -> 242.14286 | S75: =(R73*R75)/(S73) -> 251.11111 | T75: =(S73*S75)/(T73) -> 260.76923 | U75: =(T73*T75)/(U73) -> 271.2 | V75: =(U73*U75)/(V73) -> 282.5 | W75: =(V73*V75)/(W73) -> 294.78261 | X75: =(W73*W75)/(X73) -> 308.18182 | ... AJ75: =(AI73*AI75)/(AJ73) -> 678
A76: 43 cm | B76: =(C73*C76)/(B73) -> 69.3 | C76: =(D73*D76)/(C73) -> 86.625 | D76: =(E73*E76)/(D73) -> 115.5 | E76: =(F73*F76)/(E73) -> 138.6 | F76: =(G73*G76)/(F73) -> 173.25 | G76: =(H73*H76)/(G73) -> 177.69231 | H76: =(I73*I76)/(H73) -> 182.36842 | I76: =(J73*J76)/(I73) -> 187.2973 | ... O76: =(P73*P76)/(O73) -> 223.54839 | P76: 231 | Q76: =(P73*P76)/(Q73) -> 238.96552 | R76: =(Q73*Q76)/(R73) -> 247.5 | S76: =(R73*R76)/(S73) -> 256.66667 | T76: =(S73*S76)/(T73) -> 266.53846 | U76: =(T73*T76)/(U73) -> 277.2 | V76: =(U73*U76)/(V73) -> 288.75 | W76: =(V73*V76)/(W73) -> 301.30435 | X76: =(W73*W76)/(X73) -> 315 | ... AJ76: =(AI73*AI76)/(AJ73) -> 693
A77: 42 cm | B77: =(C73*C77)/(B73) -> 71.1 | C77: =(D73*D77)/(C73) -> 88.875 | D77: =(E73*E77)/(D73) -> 118.5 | E77: =(F73*F77)/(E73) -> 142.2 | F77: =(G73*G77)/(F73) -> 177.75 | G77: =(H73*H77)/(G73) -> 182.30769 | H77: =(I73*I77)/(H73) -> 187.10526 | I77: =(J73*J77)/(I73) -> 192.16216 | ... O77: =(P73*P77)/(O73) -> 229.35484 | P77: 237 | Q77: =(P73*P77)/(Q73) -> 245.17241 | R77: =(Q73*Q77)/(R73) -> 253.92857 | S77: =(R73*R77)/(S73) -> 263.33333 | T77: =(S73*S77)/(T73) -> 273.46154 | U77: =(T73*T77)/(U73) -> 284.4 | V77: =(U73*U77)/(V73) -> 296.25 | W77: =(V73*V77)/(W73) -> 309.13043 | X77: =(W73*W77)/(X73) -> 323.18182 | ... AJ77: =(AI73*AI77)/(AJ73) -> 711
A78: 41 cm | B78: =(C73*C78)/(B73) -> 72.6 | C78: =(D73*D78)/(C73) -> 90.75 | D78: =(E73*E78)/(D73) -> 121 | E78: =(F73*F78)/(E73) -> 145.2 | F78: =(G73*G78)/(F73) -> 181.5 | G78: =(H73*H78)/(G73) -> 186.15385 | H78: =(I73*I78)/(H73) -> 191.05263 | I78: =(J73*J78)/(I73) -> 196.21622 | ... O78: =(P73*P78)/(O73) -> 234.19355 | P78: 242 | Q78: =(P73*P78)/(Q73) -> 250.34483 | R78: =(Q73*Q78)/(R73) -> 259.28571 | S78: =(R73*R78)/(S73) -> 268.88889 | T78: =(S73*S78)/(T73) -> 279.23077 | U78: =(T73*T78)/(U73) -> 290.4 | V78: =(U73*U78)/(V73) -> 302.5 | W78: =(V73*V78)/(W73) -> 315.65217 | X78: =(W73*W78)/(X73) -> 330 | ... AJ78: =(AI73*AI78)/(AJ73) -> 726
A79: 40 cm | B79: =(C73*C79)/(B73) -> 74.7 | C79: =(D73*D79)/(C73) -> 93.375 | D79: =(E73*E79)/(D73) -> 124.5 | E79: =(F73*F79)/(E73) -> 149.4 | F79: =(G73*G79)/(F73) -> 186.75 | G79: =(H73*H79)/(G73) -> 191.53846 | H79: =(I73*I79)/(H73) -> 196.57895 | I79: =(J73*J79)/(I73) -> 201.89189 | ... O79: =(P73*P79)/(O73) -> 240.96774 | P79: 249 | Q79: =(P73*P79)/(Q73) -> 257.58621 | R79: =(Q73*Q79)/(R73) -> 266.78571 | S79: =(R73*R79)/(S73) -> 276.66667 | T79: =(S73*S79)/(T73) -> 287.30769 | U79: =(T73*T79)/(U73) -> 298.8 | V79: =(U73*U79)/(V73) -> 311.25 | W79: =(V73*V79)/(W73) -> 324.78261 | X79: =(W73*W79)/(X73) -> 339.54545 | ... AJ79: =(AI73*AI79)/(AJ73) -> 747
A80: 39 cm | B80: =(C73*C80)/(B73) -> 76.5 | C80: =(D73*D80)/(C73) -> 95.625 | D80: =(E73*E80)/(D73) -> 127.5 | E80: =(F73*F80)/(E73) -> 153 | F80: =(G73*G80)/(F73) -> 191.25 | G80: =(H73*H80)/(G73) -> 196.15385 | H80: =(I73*I80)/(H73) -> 201.31579 | I80: =(J73*J80)/(I73) -> 206.75676 | ... O80: =(P73*P80)/(O73) -> 246.77419 | P80: 255 | Q80: =(P73*P80)/(Q73) -> 263.7931 | R80: =(Q73*Q80)/(R73) -> 273.21429 | S80: =(R73*R80)/(S73) -> 283.33333 | T80: =(S73*S80)/(T73) -> 294.23077 | U80: =(T73*T80)/(U73) -> 306 | V80: =(U73*U80)/(V73) -> 318.75 | W80: =(V73*V80)/(W73) -> 332.6087 | X80: =(W73*W80)/(X73) -> 347.72727 | ... AJ80: =(AI73*AI80)/(AJ73) -> 765
A81: 38 cm | B81: =(C73*C81)/(B73) -> 78.6 | C81: =(D73*D81)/(C73) -> 98.25 | D81: =(E73*E81)/(D73) -> 131 | E81: =(F73*F81)/(E73) -> 157.2 | F81: =(G73*G81)/(F73) -> 196.5 | G81: =(H73*H81)/(G73) -> 201.53846 | H81: =(I73*I81)/(H73) -> 206.84211 | I81: =(J73*J81)/(I73) -> 212.43243 | ... O81: =(P73*P81)/(O73) -> 253.54839 | P81: 262 | Q81: =(P73*P81)/(Q73) -> 271.03448 | R81: =(Q73*Q81)/(R73) -> 280.71429 | S81: =(R73*R81)/(S73) -> 291.11111 | T81: =(S73*S81)/(T73) -> 302.30769 | U81: =(T73*T81)/(U73) -> 314.4 | V81: =(U73*U81)/(V73) -> 327.5 | W81: =(V73*V81)/(W73) -> 341.73913 | X81: =(W73*W81)/(X73) -> 357.27273 | ... AJ81: =(AI73*AI81)/(AJ73) -> 786
A82: 37 cm | B82: =(C73*C82)/(B73) -> 80.7 | C82: =(D73*D82)/(C73) -> 100.875 | D82: =(E73*E82)/(D73) -> 134.5 | E82: =(F73*F82)/(E73) -> 161.4 | F82: =(G73*G82)/(F73) -> 201.75 | G82: =(H73*H82)/(G73) -> 206.92308 | H82: =(I73*I82)/(H73) -> 212.36842 | I82: =(J73*J82)/(I73) -> 218.10811 | ... O82: =(P73*P82)/(O73) -> 260.32258 | P82: 269 | Q82: =(P73*P82)/(Q73) -> 278.27586 | R82: =(Q73*Q82)/(R73) -> 288.21429 | S82: =(R73*R82)/(S73) -> 298.88889 | T82: =(S73*S82)/(T73) -> 310.38462 | U82: =(T73*T82)/(U73) -> 322.8 | V82: =(U73*U82)/(V73) -> 336.25 | W82: =(V73*V82)/(W73) -> 350.86957 | X82: =(W73*W82)/(X73) -> 366.81818 | ... AJ82: =(AI73*AI82)/(AJ73) -> 807
A83: 36 cm | B83: =(C73*C83)/(B73) -> 85.2 | C83: =(D73*D83)/(C73) -> 106.5 | D83: =(E73*E83)/(D73) -> 142 | E83: =(F73*F83)/(E73) -> 170.4 | F83: =(G73*G83)/(F73) -> 213 | G83: =(H73*H83)/(G73) -> 218.46154 | H83: =(I73*I83)/(H73) -> 224.21053 | I83: =(J73*J83)/(I73) -> 230.27027 | ... O83: =(P73*P83)/(O73) -> 274.83871 | P83: 284 | Q83: =(P73*P83)/(Q73) -> 293.7931 | R83: =(Q73*Q83)/(R73) -> 304.28571 | S83: =(R73*R83)/(S73) -> 315.55556 | T83: =(S73*S83)/(T73) -> 327.69231 | U83: =(T73*T83)/(U73) -> 340.8 | V83: =(U73*U83)/(V73) -> 355 | W83: =(V73*V83)/(W73) -> 370.43478 | X83: =(W73*W83)/(X73) -> 387.27273 | ... AJ83: =(AI73*AI83)/(AJ73) -> 852
A84: 35 cm | B84: =(C73*C84)/(B73) -> 85.2 | C84: =(D73*D84)/(C73) -> 106.5 | D84: =(E73*E84)/(D73) -> 142 | E84: =(F73*F84)/(E73) -> 170.4 | F84: =(G73*G84)/(F73) -> 213 | G84: =(H73*H84)/(G73) -> 218.46154 | H84: =(I73*I84)/(H73) -> 224.21053 | I84: =(J73*J84)/(I73) -> 230.27027 | ... O84: =(P73*P84)/(O73) -> 274.83871 | P84: 284 | Q84: =(P73*P84)/(Q73) -> 293.7931 | R84: =(Q73*Q84)/(R73) -> 304.28571 | S84: =(R73*R84)/(S73) -> 315.55556 | T84: =(S73*S84)/(T73) -> 327.69231 | U84: =(T73*T84)/(U73) -> 340.8 | V84: =(U73*U84)/(V73) -> 355 | W84: =(V73*V84)/(W73) -> 370.43478 | X84: =(W73*W84)/(X73) -> 387.27273 | ... AJ84: =(AI73*AI84)/(AJ73) -> 852
A85: 34 cm | B85: =(C73*C85)/(B73) -> 87.6 | C85: =(D73*D85)/(C73) -> 109.5 | D85: =(E73*E85)/(D73) -> 146 | E85: =(F73*F85)/(E73) -> 175.2 | F85: =(G73*G85)/(F73) -> 219 | G85: =(H73*H85)/(G73) -> 224.61538 | H85: =(I73*I85)/(H73) -> 230.52632 | I85: =(J73*J85)/(I73) -> 236.75676 | ... O85: =(P73*P85)/(O73) -> 282.58065 | P85: 292 | Q85: =(P73*P85)/(Q73) -> 302.06897 | R85: =(Q73*Q85)/(R73) -> 312.85714 | S85: =(R73*R85)/(S73) -> 324.44444 | T85: =(S73*S85)/(T73) -> 336.92308 | U85: =(T73*T85)/(U73) -> 350.4 | V85: =(U73*U85)/(V73) -> 365 | W85: =(V73*V85)/(W73) -> 380.86957 | X85: =(W73*W85)/(X73) -> 398.18182 | ... AJ85: =(AI73*AI85)/(AJ73) -> 876
A86: 33 cm | B86: =(C73*C86)/(B73) -> 90.3 | C86: =(D73*D86)/(C73) -> 112.875 | D86: =(E73*E86)/(D73) -> 150.5 | E86: =(F73*F86)/(E73) -> 180.6 | F86: =(G73*G86)/(F73) -> 225.75 | G86: =(H73*H86)/(G73) -> 231.53846 | H86: =(I73*I86)/(H73) -> 237.63158 | I86: =(J73*J86)/(I73) -> 244.05405 | ... O86: =(P73*P86)/(O73) -> 291.29032 | P86: 301 | Q86: =(P73*P86)/(Q73) -> 311.37931 | R86: =(Q73*Q86)/(R73) -> 322.5 | S86: =(R73*R86)/(S73) -> 334.44444 | T86: =(S73*S86)/(T73) -> 347.30769 | U86: =(T73*T86)/(U73) -> 361.2 | V86: =(U73*U86)/(V73) -> 376.25 | W86: =(V73*V86)/(W73) -> 392.6087 | X86: =(W73*W86)/(X73) -> 410.45455 | ... AJ86: =(AI73*AI86)/(AJ73) -> 903
A87: 32 cm | B87: =(C73*C87)/(B73) -> 93.3 | C87: =(D73*D87)/(C73) -> 116.625 | D87: =(E73*E87)/(D73) -> 155.5 | E87: =(F73*F87)/(E73) -> 186.6 | F87: =(G73*G87)/(F73) -> 233.25 | G87: =(H73*H87)/(G73) -> 239.23077 | H87: =(I73*I87)/(H73) -> 245.52632 | I87: =(J73*J87)/(I73) -> 252.16216 | ... O87: =(P73*P87)/(O73) -> 300.96774 | P87: 311 | Q87: =(P73*P87)/(Q73) -> 321.72414 | R87: =(Q73*Q87)/(R73) -> 333.21429 | S87: =(R73*R87)/(S73) -> 345.55556 | T87: =(S73*S87)/(T73) -> 358.84615 | U87: =(T73*T87)/(U73) -> 373.2 | V87: =(U73*U87)/(V73) -> 388.75 | W87: =(V73*V87)/(W73) -> 405.65217 | X87: =(W73*W87)/(X73) -> 424.09091 | ... AJ87: =(AI73*AI87)/(AJ73) -> 933
