Workbook

Sheet 28 FAYN FULL LYC SÜPREM GRAMAJ
B1: 20 DENYE FULL LYCRALI SÜPREMLERİN GRAMAJLARINA GÖRE 100 MAYDAKİ ORTALAMA İPLİK UZUNLUKLARI
A2: 20 | B2: İPLİK NUMARALARI
A3: DENYELİ | B3: 100 | C3: 80 | D3: 60 | E3: 50 | F3: 40 | G3: 39 | H3: 38 | I3: 37 | J3: 36 | K3: 35 | L3: 34 | M3: 33 | N3: 32 | O3: 31 | P3: 30 | Q3: 29 | R3: 28 | S3: 27 | T3: 26 | U3: 25 | V3: 24 | W3: 23 | X3: 22 | Y3: 21 | Z3: 20 | AA3: 19 | AB3: 18 | AC3: 17 | AD3: 16 | AE3: 15 | AF3: 14 | AG3: 13 | AH3: 12 | AI3: 11 | AJ3: 10
A4: 45 cm | B4: =(C3*C4)/(B3) -> 43.8 | C4: =(D3*D4)/(C3) -> 54.75 | D4: =(E3*E4)/(D3) -> 73 | E4: =(F3*F4)/(E3) -> 87.6 | F4: =(G3*G4)/(F3) -> 109.5 | G4: =(H3*H4)/(G3) -> 112.30769 | H4: =(I3*I4)/(H3) -> 115.26316 | I4: =(J3*J4)/(I3) -> 118.37838 | ... O4: =(P3*P4)/(O3) -> 141.29032 | P4: 146 | Q4: =(P3*P4)/(Q3) -> 151.03448 | R4: =(Q3*Q4)/(R3) -> 156.42857 | S4: =(R3*R4)/(S3) -> 162.22222 | T4: =(S3*S4)/(T3) -> 168.46154 | U4: =(T3*T4)/(U3) -> 175.2 | V4: =(U3*U4)/(V3) -> 182.5 | W4: =(V3*V4)/(W3) -> 190.43478 | X4: =(W3*W4)/(X3) -> 199.09091 | ... AJ4: =(AI3*AI4)/(AJ3) -> 438
A5: 44 cm | B5: =(C3*C5)/(B3) -> 44.7 | C5: =(D3*D5)/(C3) -> 55.875 | D5: =(E3*E5)/(D3) -> 74.5 | E5: =(F3*F5)/(E3) -> 89.4 | F5: =(G3*G5)/(F3) -> 111.75 | G5: =(H3*H5)/(G3) -> 114.61538 | H5: =(I3*I5)/(H3) -> 117.63158 | I5: =(J3*J5)/(I3) -> 120.81081 | ... O5: =(P3*P5)/(O3) -> 144.19355 | P5: 149 | Q5: =(P3*P5)/(Q3) -> 154.13793 | R5: =(Q3*Q5)/(R3) -> 159.64286 | S5: =(R3*R5)/(S3) -> 165.55556 | T5: =(S3*S5)/(T3) -> 171.92308 | U5: =(T3*T5)/(U3) -> 178.8 | V5: =(U3*U5)/(V3) -> 186.25 | W5: =(V3*V5)/(W3) -> 194.34783 | X5: =(W3*W5)/(X3) -> 203.18182 | ... AJ5: =(AI3*AI5)/(AJ3) -> 447
A6: 43 cm | B6: =(C3*C6)/(B3) -> 45.9 | C6: =(D3*D6)/(C3) -> 57.375 | D6: =(E3*E6)/(D3) -> 76.5 | E6: =(F3*F6)/(E3) -> 91.8 | F6: =(G3*G6)/(F3) -> 114.75 | G6: =(H3*H6)/(G3) -> 117.69231 | H6: =(I3*I6)/(H3) -> 120.78947 | I6: =(J3*J6)/(I3) -> 124.05405 | ... O6: =(P3*P6)/(O3) -> 148.06452 | P6: 153 | Q6: =(P3*P6)/(Q3) -> 158.27586 | R6: =(Q3*Q6)/(R3) -> 163.92857 | S6: =(R3*R6)/(S3) -> 170 | T6: =(S3*S6)/(T3) -> 176.53846 | U6: =(T3*T6)/(U3) -> 183.6 | V6: =(U3*U6)/(V3) -> 191.25 | W6: =(V3*V6)/(W3) -> 199.56522 | X6: =(W3*W6)/(X3) -> 208.63636 | ... AJ6: =(AI3*AI6)/(AJ3) -> 459
A7: 42 cm | B7: =(C3*C7)/(B3) -> 47.7 | C7: =(D3*D7)/(C3) -> 59.625 | D7: =(E3*E7)/(D3) -> 79.5 | E7: =(F3*F7)/(E3) -> 95.4 | F7: =(G3*G7)/(F3) -> 119.25 | G7: =(H3*H7)/(G3) -> 122.30769 | H7: =(I3*I7)/(H3) -> 125.52632 | I7: =(J3*J7)/(I3) -> 128.91892 | ... O7: =(P3*P7)/(O3) -> 153.87097 | P7: 159 | Q7: =(P3*P7)/(Q3) -> 164.48276 | R7: =(Q3*Q7)/(R3) -> 170.35714 | S7: =(R3*R7)/(S3) -> 176.66667 | T7: =(S3*S7)/(T3) -> 183.46154 | U7: =(T3*T7)/(U3) -> 190.8 | V7: =(U3*U7)/(V3) -> 198.75 | W7: =(V3*V7)/(W3) -> 207.3913 | X7: =(W3*W7)/(X3) -> 216.81818 | ... AJ7: =(AI3*AI7)/(AJ3) -> 477
A8: 41 cm | B8: =(C3*C8)/(B3) -> 48 | C8: =(D3*D8)/(C3) -> 60 | D8: =(E3*E8)/(D3) -> 80 | E8: =(F3*F8)/(E3) -> 96 | F8: =(G3*G8)/(F3) -> 120 | G8: =(H3*H8)/(G3) -> 123.07692 | H8: =(I3*I8)/(H3) -> 126.31579 | I8: =(J3*J8)/(I3) -> 129.72973 | ... O8: =(P3*P8)/(O3) -> 154.83871 | P8: 160 | Q8: =(P3*P8)/(Q3) -> 165.51724 | R8: =(Q3*Q8)/(R3) -> 171.42857 | S8: =(R3*R8)/(S3) -> 177.77778 | T8: =(S3*S8)/(T3) -> 184.61538 | U8: =(T3*T8)/(U3) -> 192 | V8: =(U3*U8)/(V3) -> 200 | W8: =(V3*V8)/(W3) -> 208.69565 | X8: =(W3*W8)/(X3) -> 218.18182 | ... AJ8: =(AI3*AI8)/(AJ3) -> 480
A9: 40 cm | B9: =(C3*C9)/(B3) -> 49.2 | C9: =(D3*D9)/(C3) -> 61.5 | D9: =(E3*E9)/(D3) -> 82 | E9: =(F3*F9)/(E3) -> 98.4 | F9: =(G3*G9)/(F3) -> 123 | G9: =(H3*H9)/(G3) -> 126.15385 | H9: =(I3*I9)/(H3) -> 129.47368 | I9: =(J3*J9)/(I3) -> 132.97297 | ... O9: =(P3*P9)/(O3) -> 158.70968 | P9: 164 | Q9: =(P3*P9)/(Q3) -> 169.65517 | R9: =(Q3*Q9)/(R3) -> 175.71429 | S9: =(R3*R9)/(S3) -> 182.22222 | T9: =(S3*S9)/(T3) -> 189.23077 | U9: =(T3*T9)/(U3) -> 196.8 | V9: =(U3*U9)/(V3) -> 205 | W9: =(V3*V9)/(W3) -> 213.91304 | X9: =(W3*W9)/(X3) -> 223.63636 | ... AJ9: =(AI3*AI9)/(AJ3) -> 492
A10: 39 cm | B10: =(C3*C10)/(B3) -> 50.4 | C10: =(D3*D10)/(C3) -> 63 | D10: =(E3*E10)/(D3) -> 84 | E10: =(F3*F10)/(E3) -> 100.8 | F10: =(G3*G10)/(F3) -> 126 | G10: =(H3*H10)/(G3) -> 129.23077 | H10: =(I3*I10)/(H3) -> 132.63158 | I10: =(J3*J10)/(I3) -> 136.21622 | ... O10: =(P3*P10)/(O3) -> 162.58065 | P10: 168 | Q10: =(P3*P10)/(Q3) -> 173.7931 | R10: =(Q3*Q10)/(R3) -> 180 | S10: =(R3*R10)/(S3) -> 186.66667 | T10: =(S3*S10)/(T3) -> 193.84615 | U10: =(T3*T10)/(U3) -> 201.6 | V10: =(U3*U10)/(V3) -> 210 | W10: =(V3*V10)/(W3) -> 219.13043 | X10: =(W3*W10)/(X3) -> 229.09091 | ... AJ10: =(AI3*AI10)/(AJ3) -> 504
A11: 38 cm | B11: =(C3*C11)/(B3) -> 51.9 | C11: =(D3*D11)/(C3) -> 64.875 | D11: =(E3*E11)/(D3) -> 86.5 | E11: =(F3*F11)/(E3) -> 103.8 | F11: =(G3*G11)/(F3) -> 129.75 | G11: =(H3*H11)/(G3) -> 133.07692 | H11: =(I3*I11)/(H3) -> 136.57895 | I11: =(J3*J11)/(I3) -> 140.27027 | ... O11: =(P3*P11)/(O3) -> 167.41935 | P11: 173 | Q11: =(P3*P11)/(Q3) -> 178.96552 | R11: =(Q3*Q11)/(R3) -> 185.35714 | S11: =(R3*R11)/(S3) -> 192.22222 | T11: =(S3*S11)/(T3) -> 199.61538 | U11: =(T3*T11)/(U3) -> 207.6 | V11: =(U3*U11)/(V3) -> 216.25 | W11: =(V3*V11)/(W3) -> 225.65217 | X11: =(W3*W11)/(X3) -> 235.90909 | ... AJ11: =(AI3*AI11)/(AJ3) -> 519
A12: 37 cm | B12: =(C3*C12)/(B3) -> 53.1 | C12: =(D3*D12)/(C3) -> 66.375 | D12: =(E3*E12)/(D3) -> 88.5 | E12: =(F3*F12)/(E3) -> 106.2 | F12: =(G3*G12)/(F3) -> 132.75 | G12: =(H3*H12)/(G3) -> 136.15385 | H12: =(I3*I12)/(H3) -> 139.73684 | I12: =(J3*J12)/(I3) -> 143.51351 | ... O12: =(P3*P12)/(O3) -> 171.29032 | P12: 177 | Q12: =(P3*P12)/(Q3) -> 183.10345 | R12: =(Q3*Q12)/(R3) -> 189.64286 | S12: =(R3*R12)/(S3) -> 196.66667 | T12: =(S3*S12)/(T3) -> 204.23077 | U12: =(T3*T12)/(U3) -> 212.4 | V12: =(U3*U12)/(V3) -> 221.25 | W12: =(V3*V12)/(W3) -> 230.86957 | X12: =(W3*W12)/(X3) -> 241.36364 | ... AJ12: =(AI3*AI12)/(AJ3) -> 531
A13: 36 cm | B13: =(C3*C13)/(B3) -> 54.6 | C13: =(D3*D13)/(C3) -> 68.25 | D13: =(E3*E13)/(D3) -> 91 | E13: =(F3*F13)/(E3) -> 109.2 | F13: =(G3*G13)/(F3) -> 136.5 | G13: =(H3*H13)/(G3) -> 140 | H13: =(I3*I13)/(H3) -> 143.68421 | I13: =(J3*J13)/(I3) -> 147.56757 | ... O13: =(P3*P13)/(O3) -> 176.12903 | P13: 182 | Q13: =(P3*P13)/(Q3) -> 188.27586 | R13: =(Q3*Q13)/(R3) -> 195 | S13: =(R3*R13)/(S3) -> 202.22222 | T13: =(S3*S13)/(T3) -> 210 | U13: =(T3*T13)/(U3) -> 218.4 | V13: =(U3*U13)/(V3) -> 227.5 | W13: =(V3*V13)/(W3) -> 237.3913 | X13: =(W3*W13)/(X3) -> 248.18182 | ... AJ13: =(AI3*AI13)/(AJ3) -> 546
A14: 35 cm | B14: =(C3*C14)/(B3) -> 56.1 | C14: =(D3*D14)/(C3) -> 70.125 | D14: =(E3*E14)/(D3) -> 93.5 | E14: =(F3*F14)/(E3) -> 112.2 | F14: =(G3*G14)/(F3) -> 140.25 | G14: =(H3*H14)/(G3) -> 143.84615 | H14: =(I3*I14)/(H3) -> 147.63158 | I14: =(J3*J14)/(I3) -> 151.62162 | ... O14: =(P3*P14)/(O3) -> 180.96774 | P14: 187 | Q14: =(P3*P14)/(Q3) -> 193.44828 | R14: =(Q3*Q14)/(R3) -> 200.35714 | S14: =(R3*R14)/(S3) -> 207.77778 | T14: =(S3*S14)/(T3) -> 215.76923 | U14: =(T3*T14)/(U3) -> 224.4 | V14: =(U3*U14)/(V3) -> 233.75 | W14: =(V3*V14)/(W3) -> 243.91304 | X14: =(W3*W14)/(X3) -> 255 | ... AJ14: =(AI3*AI14)/(AJ3) -> 561
A15: 34 cm | B15: =(C3*C15)/(B3) -> 57.9 | C15: =(D3*D15)/(C3) -> 72.375 | D15: =(E3*E15)/(D3) -> 96.5 | E15: =(F3*F15)/(E3) -> 115.8 | F15: =(G3*G15)/(F3) -> 144.75 | G15: =(H3*H15)/(G3) -> 148.46154 | H15: =(I3*I15)/(H3) -> 152.36842 | I15: =(J3*J15)/(I3) -> 156.48649 | ... O15: =(P3*P15)/(O3) -> 186.77419 | P15: 193 | Q15: =(P3*P15)/(Q3) -> 199.65517 | R15: =(Q3*Q15)/(R3) -> 206.78571 | S15: =(R3*R15)/(S3) -> 214.44444 | T15: =(S3*S15)/(T3) -> 222.69231 | U15: =(T3*T15)/(U3) -> 231.6 | V15: =(U3*U15)/(V3) -> 241.25 | W15: =(V3*V15)/(W3) -> 251.73913 | X15: =(W3*W15)/(X3) -> 263.18182 | ... AJ15: =(AI3*AI15)/(AJ3) -> 579
A16: 33 cm | B16: =(C3*C16)/(B3) -> 59.7 | C16: =(D3*D16)/(C3) -> 74.625 | D16: =(E3*E16)/(D3) -> 99.5 | E16: =(F3*F16)/(E3) -> 119.4 | F16: =(G3*G16)/(F3) -> 149.25 | G16: =(H3*H16)/(G3) -> 153.07692 | H16: =(I3*I16)/(H3) -> 157.10526 | I16: =(J3*J16)/(I3) -> 161.35135 | ... O16: =(P3*P16)/(O3) -> 192.58065 | P16: 199 | Q16: =(P3*P16)/(Q3) -> 205.86207 | R16: =(Q3*Q16)/(R3) -> 213.21429 | S16: =(R3*R16)/(S3) -> 221.11111 | T16: =(S3*S16)/(T3) -> 229.61538 | U16: =(T3*T16)/(U3) -> 238.8 | V16: =(U3*U16)/(V3) -> 248.75 | W16: =(V3*V16)/(W3) -> 259.56522 | X16: =(W3*W16)/(X3) -> 271.36364 | ... AJ16: =(AI3*AI16)/(AJ3) -> 597
A17: 32 cm | B17: =(C3*C17)/(B3) -> 61.5 | C17: =(D3*D17)/(C3) -> 76.875 | D17: =(E3*E17)/(D3) -> 102.5 | E17: =(F3*F17)/(E3) -> 123 | F17: =(G3*G17)/(F3) -> 153.75 | G17: =(H3*H17)/(G3) -> 157.69231 | H17: =(I3*I17)/(H3) -> 161.84211 | I17: =(J3*J17)/(I3) -> 166.21622 | ... O17: =(P3*P17)/(O3) -> 198.3871 | P17: 205 | Q17: =(P3*P17)/(Q3) -> 212.06897 | R17: =(Q3*Q17)/(R3) -> 219.64286 | S17: =(R3*R17)/(S3) -> 227.77778 | T17: =(S3*S17)/(T3) -> 236.53846 | U17: =(T3*T17)/(U3) -> 246 | V17: =(U3*U17)/(V3) -> 256.25 | W17: =(V3*V17)/(W3) -> 267.3913 | X17: =(W3*W17)/(X3) -> 279.54545 | ... AJ17: =(AI3*AI17)/(AJ3) -> 615
A18: 31 cm | B18: =(C3*C18)/(B3) -> 63.6 | C18: =(D3*D18)/(C3) -> 79.5 | D18: =(E3*E18)/(D3) -> 106 | E18: =(F3*F18)/(E3) -> 127.2 | F18: =(G3*G18)/(F3) -> 159 | G18: =(H3*H18)/(G3) -> 163.07692 | H18: =(I3*I18)/(H3) -> 167.36842 | I18: =(J3*J18)/(I3) -> 171.89189 | ... O18: =(P3*P18)/(O3) -> 205.16129 | P18: 212 | Q18: =(P3*P18)/(Q3) -> 219.31034 | R18: =(Q3*Q18)/(R3) -> 227.14286 | S18: =(R3*R18)/(S3) -> 235.55556 | T18: =(S3*S18)/(T3) -> 244.61538 | U18: =(T3*T18)/(U3) -> 254.4 | V18: =(U3*U18)/(V3) -> 265 | W18: =(V3*V18)/(W3) -> 276.52174 | X18: =(W3*W18)/(X3) -> 289.09091 | ... AJ18: =(AI3*AI18)/(AJ3) -> 636
A19: 30 cm | B19: =(C3*C19)/(B3) -> 65.7 | C19: =(D3*D19)/(C3) -> 82.125 | D19: =(E3*E19)/(D3) -> 109.5 | E19: =(F3*F19)/(E3) -> 131.4 | F19: =(G3*G19)/(F3) -> 164.25 | G19: =(H3*H19)/(G3) -> 168.46154 | H19: =(I3*I19)/(H3) -> 172.89474 | I19: =(J3*J19)/(I3) -> 177.56757 | ... O19: =(P3*P19)/(O3) -> 211.93548 | P19: 219 | Q19: =(P3*P19)/(Q3) -> 226.55172 | R19: =(Q3*Q19)/(R3) -> 234.64286 | S19: =(R3*R19)/(S3) -> 243.33333 | T19: =(S3*S19)/(T3) -> 252.69231 | U19: =(T3*T19)/(U3) -> 262.8 | V19: =(U3*U19)/(V3) -> 273.75 | W19: =(V3*V19)/(W3) -> 285.65217 | X19: =(W3*W19)/(X3) -> 298.63636 | ... AJ19: =(AI3*AI19)/(AJ3) -> 657
A20: 29 cm | B20: =(C3*C20)/(B3) -> 67.8 | C20: =(D3*D20)/(C3) -> 84.75 | D20: =(E3*E20)/(D3) -> 113 | E20: =(F3*F20)/(E3) -> 135.6 | F20: =(G3*G20)/(F3) -> 169.5 | G20: =(H3*H20)/(G3) -> 173.84615 | H20: =(I3*I20)/(H3) -> 178.42105 | I20: =(J3*J20)/(I3) -> 183.24324 | ... O20: =(P3*P20)/(O3) -> 218.70968 | P20: 226 | Q20: =(P3*P20)/(Q3) -> 233.7931 | R20: =(Q3*Q20)/(R3) -> 242.14286 | S20: =(R3*R20)/(S3) -> 251.11111 | T20: =(S3*S20)/(T3) -> 260.76923 | U20: =(T3*T20)/(U3) -> 271.2 | V20: =(U3*U20)/(V3) -> 282.5 | W20: =(V3*V20)/(W3) -> 294.78261 | X20: =(W3*W20)/(X3) -> 308.18182 | ... AJ20: =(AI3*AI20)/(AJ3) -> 678
A21: 28 cm | B21: =(C3*C21)/(B3) -> 70.2 | C21: =(D3*D21)/(C3) -> 87.75 | D21: =(E3*E21)/(D3) -> 117 | E21: =(F3*F21)/(E3) -> 140.4 | F21: =(G3*G21)/(F3) -> 175.5 | G21: =(H3*H21)/(G3) -> 180 | H21: =(I3*I21)/(H3) -> 184.73684 | I21: =(J3*J21)/(I3) -> 189.72973 | ... O21: =(P3*P21)/(O3) -> 226.45161 | P21: 234 | Q21: =(P3*P21)/(Q3) -> 242.06897 | R21: =(Q3*Q21)/(R3) -> 250.71429 | S21: =(R3*R21)/(S3) -> 260 | T21: =(S3*S21)/(T3) -> 270 | U21: =(T3*T21)/(U3) -> 280.8 | V21: =(U3*U21)/(V3) -> 292.5 | W21: =(V3*V21)/(W3) -> 305.21739 | X21: =(W3*W21)/(X3) -> 319.09091 | ... AJ21: =(AI3*AI21)/(AJ3) -> 702
A22: 27 cm | B22: =(C3*C22)/(B3) -> 72.9 | C22: =(D3*D22)/(C3) -> 91.125 | D22: =(E3*E22)/(D3) -> 121.5 | E22: =(F3*F22)/(E3) -> 145.8 | F22: =(G3*G22)/(F3) -> 182.25 | G22: =(H3*H22)/(G3) -> 186.92308 | H22: =(I3*I22)/(H3) -> 191.84211 | I22: =(J3*J22)/(I3) -> 197.02703 | ... O22: =(P3*P22)/(O3) -> 235.16129 | P22: 243 | Q22: =(P3*P22)/(Q3) -> 251.37931 | R22: =(Q3*Q22)/(R3) -> 260.35714 | S22: =(R3*R22)/(S3) -> 270 | T22: =(S3*S22)/(T3) -> 280.38462 | U22: =(T3*T22)/(U3) -> 291.6 | V22: =(U3*U22)/(V3) -> 303.75 | W22: =(V3*V22)/(W3) -> 316.95652 | X22: =(W3*W22)/(X3) -> 331.36364 | ... AJ22: =(AI3*AI22)/(AJ3) -> 729
A23: 26 cm | B23: =(C3*C23)/(B3) -> 75.6 | C23: =(D3*D23)/(C3) -> 94.5 | D23: =(E3*E23)/(D3) -> 126 | E23: =(F3*F23)/(E3) -> 151.2 | F23: =(G3*G23)/(F3) -> 189 | G23: =(H3*H23)/(G3) -> 193.84615 | H23: =(I3*I23)/(H3) -> 198.94737 | I23: =(J3*J23)/(I3) -> 204.32432 | ... O23: =(P3*P23)/(O3) -> 243.87097 | P23: 252 | Q23: =(P3*P23)/(Q3) -> 260.68966 | R23: =(Q3*Q23)/(R3) -> 270 | S23: =(R3*R23)/(S3) -> 280 | T23: =(S3*S23)/(T3) -> 290.76923 | U23: =(T3*T23)/(U3) -> 302.4 | V23: =(U3*U23)/(V3) -> 315 | W23: =(V3*V23)/(W3) -> 328.69565 | X23: =(W3*W23)/(X3) -> 343.63636 | ... AJ23: =(AI3*AI23)/(AJ3) -> 756
A24: 25 cm | B24: =(C3*C24)/(B3) -> 78.6 | C24: =(D3*D24)/(C3) -> 98.25 | D24: =(E3*E24)/(D3) -> 131 | E24: =(F3*F24)/(E3) -> 157.2 | F24: =(G3*G24)/(F3) -> 196.5 | G24: =(H3*H24)/(G3) -> 201.53846 | H24: =(I3*I24)/(H3) -> 206.84211 | I24: =(J3*J24)/(I3) -> 212.43243 | ... O24: =(P3*P24)/(O3) -> 253.54839 | P24: 262 | Q24: =(P3*P24)/(Q3) -> 271.03448 | R24: =(Q3*Q24)/(R3) -> 280.71429 | S24: =(R3*R24)/(S3) -> 291.11111 | T24: =(S3*S24)/(T3) -> 302.30769 | U24: =(T3*T24)/(U3) -> 314.4 | V24: =(U3*U24)/(V3) -> 327.5 | W24: =(V3*V24)/(W3) -> 341.73913 | X24: =(W3*W24)/(X3) -> 357.27273 | ... AJ24: =(AI3*AI24)/(AJ3) -> 786
A25: 24 cm | B25: =(C3*C25)/(B3) -> 81.9 | C25: =(D3*D25)/(C3) -> 102.375 | D25: =(E3*E25)/(D3) -> 136.5 | E25: =(F3*F25)/(E3) -> 163.8 | F25: =(G3*G25)/(F3) -> 204.75 | G25: =(H3*H25)/(G3) -> 210 | H25: =(I3*I25)/(H3) -> 215.52632 | I25: =(J3*J25)/(I3) -> 221.35135 | ... O25: =(P3*P25)/(O3) -> 264.19355 | P25: 273 | Q25: =(P3*P25)/(Q3) -> 282.41379 | R25: =(Q3*Q25)/(R3) -> 292.5 | S25: =(R3*R25)/(S3) -> 303.33333 | T25: =(S3*S25)/(T3) -> 315 | U25: =(T3*T25)/(U3) -> 327.6 | V25: =(U3*U25)/(V3) -> 341.25 | W25: =(V3*V25)/(W3) -> 356.08696 | X25: =(W3*W25)/(X3) -> 372.27273 | ... AJ25: =(AI3*AI25)/(AJ3) -> 819
A26: 23 cm | B26: =(C3*C26)/(B3) -> 85.5 | C26: =(D3*D26)/(C3) -> 106.875 | D26: =(E3*E26)/(D3) -> 142.5 | E26: =(F3*F26)/(E3) -> 171 | F26: =(G3*G26)/(F3) -> 213.75 | G26: =(H3*H26)/(G3) -> 219.23077 | H26: =(I3*I26)/(H3) -> 225 | I26: =(J3*J26)/(I3) -> 231.08108 | ... O26: =(P3*P26)/(O3) -> 275.80645 | P26: 285 | Q26: =(P3*P26)/(Q3) -> 294.82759 | R26: =(Q3*Q26)/(R3) -> 305.35714 | S26: =(R3*R26)/(S3) -> 316.66667 | T26: =(S3*S26)/(T3) -> 328.84615 | U26: =(T3*T26)/(U3) -> 342 | V26: =(U3*U26)/(V3) -> 356.25 | W26: =(V3*V26)/(W3) -> 371.73913 | X26: =(W3*W26)/(X3) -> 388.63636 | ... AJ26: =(AI3*AI26)/(AJ3) -> 855
A27: 22 cm | B27: =(C3*C27)/(B3) -> 89.4 | C27: =(D3*D27)/(C3) -> 111.75 | D27: =(E3*E27)/(D3) -> 149 | E27: =(F3*F27)/(E3) -> 178.8 | F27: =(G3*G27)/(F3) -> 223.5 | G27: =(H3*H27)/(G3) -> 229.23077 | H27: =(I3*I27)/(H3) -> 235.26316 | I27: =(J3*J27)/(I3) -> 241.62162 | ... O27: =(P3*P27)/(O3) -> 288.3871 | P27: 298 | Q27: =(P3*P27)/(Q3) -> 308.27586 | R27: =(Q3*Q27)/(R3) -> 319.28571 | S27: =(R3*R27)/(S3) -> 331.11111 | T27: =(S3*S27)/(T3) -> 343.84615 | U27: =(T3*T27)/(U3) -> 357.6 | V27: =(U3*U27)/(V3) -> 372.5 | W27: =(V3*V27)/(W3) -> 388.69565 | X27: =(W3*W27)/(X3) -> 406.36364 | ... AJ27: =(AI3*AI27)/(AJ3) -> 894
A28: 21 cm | B28: =(C3*C28)/(B3) -> 93.6 | C28: =(D3*D28)/(C3) -> 117 | D28: =(E3*E28)/(D3) -> 156 | E28: =(F3*F28)/(E3) -> 187.2 | F28: =(G3*G28)/(F3) -> 234 | G28: =(H3*H28)/(G3) -> 240 | H28: =(I3*I28)/(H3) -> 246.31579 | I28: =(J3*J28)/(I3) -> 252.97297 | ... O28: =(P3*P28)/(O3) -> 301.93548 | P28: 312 | Q28: =(P3*P28)/(Q3) -> 322.75862 | R28: =(Q3*Q28)/(R3) -> 334.28571 | S28: =(R3*R28)/(S3) -> 346.66667 | T28: =(S3*S28)/(T3) -> 360 | U28: =(T3*T28)/(U3) -> 374.4 | V28: =(U3*U28)/(V3) -> 390 | W28: =(V3*V28)/(W3) -> 406.95652 | X28: =(W3*W28)/(X3) -> 425.45455 | ... AJ28: =(AI3*AI28)/(AJ3) -> 936
A29: 20 cm | B29: =(C3*C29)/(B3) -> 98.4 | C29: =(D3*D29)/(C3) -> 123 | D29: =(E3*E29)/(D3) -> 164 | E29: =(F3*F29)/(E3) -> 196.8 | F29: =(G3*G29)/(F3) -> 246 | G29: =(H3*H29)/(G3) -> 252.30769 | H29: =(I3*I29)/(H3) -> 258.94737 | I29: =(J3*J29)/(I3) -> 265.94595 | ... O29: =(P3*P29)/(O3) -> 317.41935 | P29: 328 | Q29: =(P3*P29)/(Q3) -> 339.31034 | R29: =(Q3*Q29)/(R3) -> 351.42857 | S29: =(R3*R29)/(S3) -> 364.44444 | T29: =(S3*S29)/(T3) -> 378.46154 | U29: =(T3*T29)/(U3) -> 393.6 | V29: =(U3*U29)/(V3) -> 410 | W29: =(V3*V29)/(W3) -> 427.82609 | X29: =(W3*W29)/(X3) -> 447.27273 | ... AJ29: =(AI3*AI29)/(AJ3) -> 984
A30: 19 cm | B30: =(C3*C30)/(B3) -> 103.5 | C30: =(D3*D30)/(C3) -> 129.375 | D30: =(E3*E30)/(D3) -> 172.5 | E30: =(F3*F30)/(E3) -> 207 | F30: =(G3*G30)/(F3) -> 258.75 | G30: =(H3*H30)/(G3) -> 265.38462 | H30: =(I3*I30)/(H3) -> 272.36842 | I30: =(J3*J30)/(I3) -> 279.72973 | ... O30: =(P3*P30)/(O3) -> 333.87097 | P30: 345 | Q30: =(P3*P30)/(Q3) -> 356.89655 | R30: =(Q3*Q30)/(R3) -> 369.64286 | S30: =(R3*R30)/(S3) -> 383.33333 | T30: =(S3*S30)/(T3) -> 398.07692 | U30: =(T3*T30)/(U3) -> 414 | V30: =(U3*U30)/(V3) -> 431.25 | W30: =(V3*V30)/(W3) -> 450 | X30: =(W3*W30)/(X3) -> 470.45455 | ... AJ30: =(AI3*AI30)/(AJ3) -> 1035
A31: 18 cm | B31: =(C3*C31)/(B3) -> 109.2 | C31: =(D3*D31)/(C3) -> 136.5 | D31: =(E3*E31)/(D3) -> 182 | E31: =(F3*F31)/(E3) -> 218.4 | F31: =(G3*G31)/(F3) -> 273 | G31: =(H3*H31)/(G3) -> 280 | H31: =(I3*I31)/(H3) -> 287.36842 | I31: =(J3*J31)/(I3) -> 295.13514 | ... O31: =(P3*P31)/(O3) -> 352.25806 | P31: 364 | Q31: =(P3*P31)/(Q3) -> 376.55172 | R31: =(Q3*Q31)/(R3) -> 390 | S31: =(R3*R31)/(S3) -> 404.44444 | T31: =(S3*S31)/(T3) -> 420 | U31: =(T3*T31)/(U3) -> 436.8 | V31: =(U3*U31)/(V3) -> 455 | W31: =(V3*V31)/(W3) -> 474.78261 | X31: =(W3*W31)/(X3) -> 496.36364 | ... AJ31: =(AI3*AI31)/(AJ3) -> 1092
A32: 17 cm | B32: =(C3*C32)/(B3) -> 115.8 | C32: =(D3*D32)/(C3) -> 144.75 | D32: =(E3*E32)/(D3) -> 193 | E32: =(F3*F32)/(E3) -> 231.6 | F32: =(G3*G32)/(F3) -> 289.5 | G32: =(H3*H32)/(G3) -> 296.92308 | H32: =(I3*I32)/(H3) -> 304.73684 | I32: =(J3*J32)/(I3) -> 312.97297 | ... O32: =(P3*P32)/(O3) -> 373.54839 | P32: 386 | Q32: =(P3*P32)/(Q3) -> 399.31034 | R32: =(Q3*Q32)/(R3) -> 413.57143 | S32: =(R3*R32)/(S3) -> 428.88889 | T32: =(S3*S32)/(T3) -> 445.38462 | U32: =(T3*T32)/(U3) -> 463.2 | V32: =(U3*U32)/(V3) -> 482.5 | W32: =(V3*V32)/(W3) -> 503.47826 | X32: =(W3*W32)/(X3) -> 526.36364 | ... AJ32: =(AI3*AI32)/(AJ3) -> 1158
A33: 16 cm | B33: =(C3*C33)/(B3) -> 123 | C33: =(D3*D33)/(C3) -> 153.75 | D33: =(E3*E33)/(D3) -> 205 | E33: =(F3*F33)/(E3) -> 246 | F33: =(G3*G33)/(F3) -> 307.5 | G33: =(H3*H33)/(G3) -> 315.38462 | H33: =(I3*I33)/(H3) -> 323.68421 | I33: =(J3*J33)/(I3) -> 332.43243 | ... O33: =(P3*P33)/(O3) -> 396.77419 | P33: 410 | Q33: =(P3*P33)/(Q3) -> 424.13793 | R33: =(Q3*Q33)/(R3) -> 439.28571 | S33: =(R3*R33)/(S3) -> 455.55556 | T33: =(S3*S33)/(T3) -> 473.07692 | U33: =(T3*T33)/(U3) -> 492 | V33: =(U3*U33)/(V3) -> 512.5 | W33: =(V3*V33)/(W3) -> 534.78261 | X33: =(W3*W33)/(X3) -> 559.09091 | ... AJ33: =(AI3*AI33)/(AJ3) -> 1230
A34: 15 cm | B34: =(C3*C34)/(B3) -> 131.1 | C34: =(D3*D34)/(C3) -> 163.875 | D34: =(E3*E34)/(D3) -> 218.5 | E34: =(F3*F34)/(E3) -> 262.2 | F34: =(G3*G34)/(F3) -> 327.75 | G34: =(H3*H34)/(G3) -> 336.15385 | H34: =(I3*I34)/(H3) -> 345 | I34: =(J3*J34)/(I3) -> 354.32432 | ... O34: =(P3*P34)/(O3) -> 422.90323 | P34: 437 | Q34: =(P3*P34)/(Q3) -> 452.06897 | R34: =(Q3*Q34)/(R3) -> 468.21429 | S34: =(R3*R34)/(S3) -> 485.55556 | T34: =(S3*S34)/(T3) -> 504.23077 | U34: =(T3*T34)/(U3) -> 524.4 | V34: =(U3*U34)/(V3) -> 546.25 | W34: =(V3*V34)/(W3) -> 570 | X34: =(W3*W34)/(X3) -> 595.90909 | ... AJ34: =(AI3*AI34)/(AJ3) -> 1311
C35: NOT:Çizelgede belirtilen iplik uzunluklarına;Orta renklerde 2mm,Koyu renklerde 4mm daha ilave ekle (hesaplama 28 fayna göre yapılmıştır)
B36: 30 DENYE FULL LYCRALI SÜPREMLERİN GRAMAJLARINA GÖRE 100 MAYDAKİ ORTALAMA İPLİK UZUNLUKLARI
A37: 30 | B37: İPLİK NUMARALARI
A38: DENYELİ | B38: 100 | C38: 80 | D38: 60 | E38: 50 | F38: 40 | G38: 39 | H38: 38 | I38: 37 | J38: 36 | K38: 35 | L38: 34 | M38: 33 | N38: 32 | O38: 31 | P38: 30 | Q38: 29 | R38: 28 | S38: 27 | T38: 26 | U38: 25 | V38: 24 | W38: 23 | X38: 22 | Y38: 21 | Z38: 20 | AA38: 19 | AB38: 18 | AC38: 17 | AD38: 16 | AE38: 15 | AF38: 14 | AG38: 13 | AH38: 12 | AI38: 11 | AJ38: 10
A39: 45 cm | B39: =(C38*C39)/(B38) -> 46.8 | C39: =(D38*D39)/(C38) -> 58.5 | D39: =(E38*E39)/(D38) -> 78 | E39: =(F38*F39)/(E38) -> 93.6 | F39: =(G38*G39)/(F38) -> 117 | G39: =(H38*H39)/(G38) -> 120 | H39: =(I38*I39)/(H38) -> 123.15789 | I39: =(J38*J39)/(I38) -> 126.48649 | ... O39: =(P38*P39)/(O38) -> 150.96774 | P39: 156 | Q39: =(P38*P39)/(Q38) -> 161.37931 | R39: =(Q38*Q39)/(R38) -> 167.14286 | S39: =(R38*R39)/(S38) -> 173.33333 | T39: =(S38*S39)/(T38) -> 180 | U39: =(T38*T39)/(U38) -> 187.2 | V39: =(U38*U39)/(V38) -> 195 | W39: =(V38*V39)/(W38) -> 203.47826 | X39: =(W38*W39)/(X38) -> 212.72727 | ... AJ39: =(AI38*AI39)/(AJ38) -> 468
A40: 44 cm | B40: =(C38*C40)/(B38) -> 48 | C40: =(D38*D40)/(C38) -> 60 | D40: =(E38*E40)/(D38) -> 80 | E40: =(F38*F40)/(E38) -> 96 | F40: =(G38*G40)/(F38) -> 120 | G40: =(H38*H40)/(G38) -> 123.07692 | H40: =(I38*I40)/(H38) -> 126.31579 | I40: =(J38*J40)/(I38) -> 129.72973 | ... O40: =(P38*P40)/(O38) -> 154.83871 | P40: 160 | Q40: =(P38*P40)/(Q38) -> 165.51724 | R40: =(Q38*Q40)/(R38) -> 171.42857 | S40: =(R38*R40)/(S38) -> 177.77778 | T40: =(S38*S40)/(T38) -> 184.61538 | U40: =(T38*T40)/(U38) -> 192 | V40: =(U38*U40)/(V38) -> 200 | W40: =(V38*V40)/(W38) -> 208.69565 | X40: =(W38*W40)/(X38) -> 218.18182 | ... AJ40: =(AI38*AI40)/(AJ38) -> 480
A41: 43 cm | B41: =(C38*C41)/(B38) -> 49.2 | C41: =(D38*D41)/(C38) -> 61.5 | D41: =(E38*E41)/(D38) -> 82 | E41: =(F38*F41)/(E38) -> 98.4 | F41: =(G38*G41)/(F38) -> 123 | G41: =(H38*H41)/(G38) -> 126.15385 | H41: =(I38*I41)/(H38) -> 129.47368 | I41: =(J38*J41)/(I38) -> 132.97297 | ... O41: =(P38*P41)/(O38) -> 158.70968 | P41: 164 | Q41: =(P38*P41)/(Q38) -> 169.65517 | R41: =(Q38*Q41)/(R38) -> 175.71429 | S41: =(R38*R41)/(S38) -> 182.22222 | T41: =(S38*S41)/(T38) -> 189.23077 | U41: =(T38*T41)/(U38) -> 196.8 | V41: =(U38*U41)/(V38) -> 205 | W41: =(V38*V41)/(W38) -> 213.91304 | X41: =(W38*W41)/(X38) -> 223.63636 | ... AJ41: =(AI38*AI41)/(AJ38) -> 492
A42: 42 cm | B42: =(C38*C42)/(B38) -> 50.4 | C42: =(D38*D42)/(C38) -> 63 | D42: =(E38*E42)/(D38) -> 84 | E42: =(F38*F42)/(E38) -> 100.8 | F42: =(G38*G42)/(F38) -> 126 | G42: =(H38*H42)/(G38) -> 129.23077 | H42: =(I38*I42)/(H38) -> 132.63158 | I42: =(J38*J42)/(I38) -> 136.21622 | ... O42: =(P38*P42)/(O38) -> 162.58065 | P42: 168 | Q42: =(P38*P42)/(Q38) -> 173.7931 | R42: =(Q38*Q42)/(R38) -> 180 | S42: =(R38*R42)/(S38) -> 186.66667 | T42: =(S38*S42)/(T38) -> 193.84615 | U42: =(T38*T42)/(U38) -> 201.6 | V42: =(U38*U42)/(V38) -> 210 | W42: =(V38*V42)/(W38) -> 219.13043 | X42: =(W38*W42)/(X38) -> 229.09091 | ... AJ42: =(AI38*AI42)/(AJ38) -> 504
A43: 41 cm | B43: =(C38*C43)/(B38) -> 51.6 | C43: =(D38*D43)/(C38) -> 64.5 | D43: =(E38*E43)/(D38) -> 86 | E43: =(F38*F43)/(E38) -> 103.2 | F43: =(G38*G43)/(F38) -> 129 | G43: =(H38*H43)/(G38) -> 132.30769 | H43: =(I38*I43)/(H38) -> 135.78947 | I43: =(J38*J43)/(I38) -> 139.45946 | ... O43: =(P38*P43)/(O38) -> 166.45161 | P43: 172 | Q43: =(P38*P43)/(Q38) -> 177.93103 | R43: =(Q38*Q43)/(R38) -> 184.28571 | S43: =(R38*R43)/(S38) -> 191.11111 | T43: =(S38*S43)/(T38) -> 198.46154 | U43: =(T38*T43)/(U38) -> 206.4 | V43: =(U38*U43)/(V38) -> 215 | W43: =(V38*V43)/(W38) -> 224.34783 | X43: =(W38*W43)/(X38) -> 234.54545 | ... AJ43: =(AI38*AI43)/(AJ38) -> 516
A44: 40 cm | B44: =(C38*C44)/(B38) -> 52.8 | C44: =(D38*D44)/(C38) -> 66 | D44: =(E38*E44)/(D38) -> 88 | E44: =(F38*F44)/(E38) -> 105.6 | F44: =(G38*G44)/(F38) -> 132 | G44: =(H38*H44)/(G38) -> 135.38462 | H44: =(I38*I44)/(H38) -> 138.94737 | I44: =(J38*J44)/(I38) -> 142.7027 | ... O44: =(P38*P44)/(O38) -> 170.32258 | P44: 176 | Q44: =(P38*P44)/(Q38) -> 182.06897 | R44: =(Q38*Q44)/(R38) -> 188.57143 | S44: =(R38*R44)/(S38) -> 195.55556 | T44: =(S38*S44)/(T38) -> 203.07692 | U44: =(T38*T44)/(U38) -> 211.2 | V44: =(U38*U44)/(V38) -> 220 | W44: =(V38*V44)/(W38) -> 229.56522 | X44: =(W38*W44)/(X38) -> 240 | ... AJ44: =(AI38*AI44)/(AJ38) -> 528
A45: 39 cm | B45: =(C38*C45)/(B38) -> 54.3 | C45: =(D38*D45)/(C38) -> 67.875 | D45: =(E38*E45)/(D38) -> 90.5 | E45: =(F38*F45)/(E38) -> 108.6 | F45: =(G38*G45)/(F38) -> 135.75 | G45: =(H38*H45)/(G38) -> 139.23077 | H45: =(I38*I45)/(H38) -> 142.89474 | I45: =(J38*J45)/(I38) -> 146.75676 | ... O45: =(P38*P45)/(O38) -> 175.16129 | P45: 181 | Q45: =(P38*P45)/(Q38) -> 187.24138 | R45: =(Q38*Q45)/(R38) -> 193.92857 | S45: =(R38*R45)/(S38) -> 201.11111 | T45: =(S38*S45)/(T38) -> 208.84615 | U45: =(T38*T45)/(U38) -> 217.2 | V45: =(U38*U45)/(V38) -> 226.25 | W45: =(V38*V45)/(W38) -> 236.08696 | X45: =(W38*W45)/(X38) -> 246.81818 | ... AJ45: =(AI38*AI45)/(AJ38) -> 543
A46: 38 cm | B46: =(C38*C46)/(B38) -> 55.5 | C46: =(D38*D46)/(C38) -> 69.375 | D46: =(E38*E46)/(D38) -> 92.5 | E46: =(F38*F46)/(E38) -> 111 | F46: =(G38*G46)/(F38) -> 138.75 | G46: =(H38*H46)/(G38) -> 142.30769 | H46: =(I38*I46)/(H38) -> 146.05263 | I46: =(J38*J46)/(I38) -> 150 | ... O46: =(P38*P46)/(O38) -> 179.03226 | P46: 185 | Q46: =(P38*P46)/(Q38) -> 191.37931 | R46: =(Q38*Q46)/(R38) -> 198.21429 | S46: =(R38*R46)/(S38) -> 205.55556 | T46: =(S38*S46)/(T38) -> 213.46154 | U46: =(T38*T46)/(U38) -> 222 | V46: =(U38*U46)/(V38) -> 231.25 | W46: =(V38*V46)/(W38) -> 241.30435 | X46: =(W38*W46)/(X38) -> 252.27273 | ... AJ46: =(AI38*AI46)/(AJ38) -> 555
A47: 37 cm | B47: =(C38*C47)/(B38) -> 57 | C47: =(D38*D47)/(C38) -> 71.25 | D47: =(E38*E47)/(D38) -> 95 | E47: =(F38*F47)/(E38) -> 114 | F47: =(G38*G47)/(F38) -> 142.5 | G47: =(H38*H47)/(G38) -> 146.15385 | H47: =(I38*I47)/(H38) -> 150 | I47: =(J38*J47)/(I38) -> 154.05405 | ... O47: =(P38*P47)/(O38) -> 183.87097 | P47: 190 | Q47: =(P38*P47)/(Q38) -> 196.55172 | R47: =(Q38*Q47)/(R38) -> 203.57143 | S47: =(R38*R47)/(S38) -> 211.11111 | T47: =(S38*S47)/(T38) -> 219.23077 | U47: =(T38*T47)/(U38) -> 228 | V47: =(U38*U47)/(V38) -> 237.5 | W47: =(V38*V47)/(W38) -> 247.82609 | X47: =(W38*W47)/(X38) -> 259.09091 | ... AJ47: =(AI38*AI47)/(AJ38) -> 570
A48: 36 cm | B48: =(C38*C48)/(B38) -> 58.8 | C48: =(D38*D48)/(C38) -> 73.5 | D48: =(E38*E48)/(D38) -> 98 | E48: =(F38*F48)/(E38) -> 117.6 | F48: =(G38*G48)/(F38) -> 147 | G48: =(H38*H48)/(G38) -> 150.76923 | H48: =(I38*I48)/(H38) -> 154.73684 | I48: =(J38*J48)/(I38) -> 158.91892 | ... O48: =(P38*P48)/(O38) -> 189.67742 | P48: 196 | Q48: =(P38*P48)/(Q38) -> 202.75862 | R48: =(Q38*Q48)/(R38) -> 210 | S48: =(R38*R48)/(S38) -> 217.77778 | T48: =(S38*S48)/(T38) -> 226.15385 | U48: =(T38*T48)/(U38) -> 235.2 | V48: =(U38*U48)/(V38) -> 245 | W48: =(V38*V48)/(W38) -> 255.65217 | X48: =(W38*W48)/(X38) -> 267.27273 | ... AJ48: =(AI38*AI48)/(AJ38) -> 588
A49: 35 cm | B49: =(C38*C49)/(B38) -> 60.3 | C49: =(D38*D49)/(C38) -> 75.375 | D49: =(E38*E49)/(D38) -> 100.5 | E49: =(F38*F49)/(E38) -> 120.6 | F49: =(G38*G49)/(F38) -> 150.75 | G49: =(H38*H49)/(G38) -> 154.61538 | H49: =(I38*I49)/(H38) -> 158.68421 | I49: =(J38*J49)/(I38) -> 162.97297 | ... O49: =(P38*P49)/(O38) -> 194.51613 | P49: 201 | Q49: =(P38*P49)/(Q38) -> 207.93103 | R49: =(Q38*Q49)/(R38) -> 215.35714 | S49: =(R38*R49)/(S38) -> 223.33333 | T49: =(S38*S49)/(T38) -> 231.92308 | U49: =(T38*T49)/(U38) -> 241.2 | V49: =(U38*U49)/(V38) -> 251.25 | W49: =(V38*V49)/(W38) -> 262.17391 | X49: =(W38*W49)/(X38) -> 274.09091 | ... AJ49: =(AI38*AI49)/(AJ38) -> 603
A50: 34 cm | B50: =(C38*C50)/(B38) -> 62.1 | C50: =(D38*D50)/(C38) -> 77.625 | D50: =(E38*E50)/(D38) -> 103.5 | E50: =(F38*F50)/(E38) -> 124.2 | F50: =(G38*G50)/(F38) -> 155.25 | G50: =(H38*H50)/(G38) -> 159.23077 | H50: =(I38*I50)/(H38) -> 163.42105 | I50: =(J38*J50)/(I38) -> 167.83784 | ... O50: =(P38*P50)/(O38) -> 200.32258 | P50: 207 | Q50: =(P38*P50)/(Q38) -> 214.13793 | R50: =(Q38*Q50)/(R38) -> 221.78571 | S50: =(R38*R50)/(S38) -> 230 | T50: =(S38*S50)/(T38) -> 238.84615 | U50: =(T38*T50)/(U38) -> 248.4 | V50: =(U38*U50)/(V38) -> 258.75 | W50: =(V38*V50)/(W38) -> 270 | X50: =(W38*W50)/(X38) -> 282.27273 | ... AJ50: =(AI38*AI50)/(AJ38) -> 621
A51: 33 cm | B51: =(C38*C51)/(B38) -> 63.9 | C51: =(D38*D51)/(C38) -> 79.875 | D51: =(E38*E51)/(D38) -> 106.5 | E51: =(F38*F51)/(E38) -> 127.8 | F51: =(G38*G51)/(F38) -> 159.75 | G51: =(H38*H51)/(G38) -> 163.84615 | H51: =(I38*I51)/(H38) -> 168.15789 | I51: =(J38*J51)/(I38) -> 172.7027 | ... O51: =(P38*P51)/(O38) -> 206.12903 | P51: 213 | Q51: =(P38*P51)/(Q38) -> 220.34483 | R51: =(Q38*Q51)/(R38) -> 228.21429 | S51: =(R38*R51)/(S38) -> 236.66667 | T51: =(S38*S51)/(T38) -> 245.76923 | U51: =(T38*T51)/(U38) -> 255.6 | V51: =(U38*U51)/(V38) -> 266.25 | W51: =(V38*V51)/(W38) -> 277.82609 | X51: =(W38*W51)/(X38) -> 290.45455 | ... AJ51: =(AI38*AI51)/(AJ38) -> 639
A52: 32 cm | B52: =(C38*C52)/(B38) -> 66 | C52: =(D38*D52)/(C38) -> 82.5 | D52: =(E38*E52)/(D38) -> 110 | E52: =(F38*F52)/(E38) -> 132 | F52: =(G38*G52)/(F38) -> 165 | G52: =(H38*H52)/(G38) -> 169.23077 | H52: =(I38*I52)/(H38) -> 173.68421 | I52: =(J38*J52)/(I38) -> 178.37838 | ... O52: =(P38*P52)/(O38) -> 212.90323 | P52: 220 | Q52: =(P38*P52)/(Q38) -> 227.58621 | R52: =(Q38*Q52)/(R38) -> 235.71429 | S52: =(R38*R52)/(S38) -> 244.44444 | T52: =(S38*S52)/(T38) -> 253.84615 | U52: =(T38*T52)/(U38) -> 264 | V52: =(U38*U52)/(V38) -> 275 | W52: =(V38*V52)/(W38) -> 286.95652 | X52: =(W38*W52)/(X38) -> 300 | ... AJ52: =(AI38*AI52)/(AJ38) -> 660
A53: 31 cm | B53: =(C38*C53)/(B38) -> 68.1 | C53: =(D38*D53)/(C38) -> 85.125 | D53: =(E38*E53)/(D38) -> 113.5 | E53: =(F38*F53)/(E38) -> 136.2 | F53: =(G38*G53)/(F38) -> 170.25 | G53: =(H38*H53)/(G38) -> 174.61538 | H53: =(I38*I53)/(H38) -> 179.21053 | I53: =(J38*J53)/(I38) -> 184.05405 | ... O53: =(P38*P53)/(O38) -> 219.67742 | P53: 227 | Q53: =(P38*P53)/(Q38) -> 234.82759 | R53: =(Q38*Q53)/(R38) -> 243.21429 | S53: =(R38*R53)/(S38) -> 252.22222 | T53: =(S38*S53)/(T38) -> 261.92308 | U53: =(T38*T53)/(U38) -> 272.4 | V53: =(U38*U53)/(V38) -> 283.75 | W53: =(V38*V53)/(W38) -> 296.08696 | X53: =(W38*W53)/(X38) -> 309.54545 | ... AJ53: =(AI38*AI53)/(AJ38) -> 681
A54: 30 cm | B54: =(C38*C54)/(B38) -> 70.5 | C54: =(D38*D54)/(C38) -> 88.125 | D54: =(E38*E54)/(D38) -> 117.5 | E54: =(F38*F54)/(E38) -> 141 | F54: =(G38*G54)/(F38) -> 176.25 | G54: =(H38*H54)/(G38) -> 180.76923 | H54: =(I38*I54)/(H38) -> 185.52632 | I54: =(J38*J54)/(I38) -> 190.54054 | ... O54: =(P38*P54)/(O38) -> 227.41935 | P54: 235 | Q54: =(P38*P54)/(Q38) -> 243.10345 | R54: =(Q38*Q54)/(R38) -> 251.78571 | S54: =(R38*R54)/(S38) -> 261.11111 | T54: =(S38*S54)/(T38) -> 271.15385 | U54: =(T38*T54)/(U38) -> 282 | V54: =(U38*U54)/(V38) -> 293.75 | W54: =(V38*V54)/(W38) -> 306.52174 | X54: =(W38*W54)/(X38) -> 320.45455 | ... AJ54: =(AI38*AI54)/(AJ38) -> 705
A55: 29 cm | B55: =(C38*C55)/(B38) -> 72.9 | C55: =(D38*D55)/(C38) -> 91.125 | D55: =(E38*E55)/(D38) -> 121.5 | E55: =(F38*F55)/(E38) -> 145.8 | F55: =(G38*G55)/(F38) -> 182.25 | G55: =(H38*H55)/(G38) -> 186.92308 | H55: =(I38*I55)/(H38) -> 191.84211 | I55: =(J38*J55)/(I38) -> 197.02703 | ... O55: =(P38*P55)/(O38) -> 235.16129 | P55: 243 | Q55: =(P38*P55)/(Q38) -> 251.37931 | R55: =(Q38*Q55)/(R38) -> 260.35714 | S55: =(R38*R55)/(S38) -> 270 | T55: =(S38*S55)/(T38) -> 280.38462 | U55: =(T38*T55)/(U38) -> 291.6 | V55: =(U38*U55)/(V38) -> 303.75 | W55: =(V38*V55)/(W38) -> 316.95652 | X55: =(W38*W55)/(X38) -> 331.36364 | ... AJ55: =(AI38*AI55)/(AJ38) -> 729
A56: 28 cm | B56: =(C38*C56)/(B38) -> 75.3 | C56: =(D38*D56)/(C38) -> 94.125 | D56: =(E38*E56)/(D38) -> 125.5 | E56: =(F38*F56)/(E38) -> 150.6 | F56: =(G38*G56)/(F38) -> 188.25 | G56: =(H38*H56)/(G38) -> 193.07692 | H56: =(I38*I56)/(H38) -> 198.15789 | I56: =(J38*J56)/(I38) -> 203.51351 | ... O56: =(P38*P56)/(O38) -> 242.90323 | P56: 251 | Q56: =(P38*P56)/(Q38) -> 259.65517 | R56: =(Q38*Q56)/(R38) -> 268.92857 | S56: =(R38*R56)/(S38) -> 278.88889 | T56: =(S38*S56)/(T38) -> 289.61538 | U56: =(T38*T56)/(U38) -> 301.2 | V56: =(U38*U56)/(V38) -> 313.75 | W56: =(V38*V56)/(W38) -> 327.3913 | X56: =(W38*W56)/(X38) -> 342.27273 | ... AJ56: =(AI38*AI56)/(AJ38) -> 753
A57: 27 cm | B57: =(C38*C57)/(B38) -> 78.3 | C57: =(D38*D57)/(C38) -> 97.875 | D57: =(E38*E57)/(D38) -> 130.5 | E57: =(F38*F57)/(E38) -> 156.6 | F57: =(G38*G57)/(F38) -> 195.75 | G57: =(H38*H57)/(G38) -> 200.76923 | H57: =(I38*I57)/(H38) -> 206.05263 | I57: =(J38*J57)/(I38) -> 211.62162 | ... O57: =(P38*P57)/(O38) -> 252.58065 | P57: 261 | Q57: =(P38*P57)/(Q38) -> 270 | R57: =(Q38*Q57)/(R38) -> 279.64286 | S57: =(R38*R57)/(S38) -> 290 | T57: =(S38*S57)/(T38) -> 301.15385 | U57: =(T38*T57)/(U38) -> 313.2 | V57: =(U38*U57)/(V38) -> 326.25 | W57: =(V38*V57)/(W38) -> 340.43478 | X57: =(W38*W57)/(X38) -> 355.90909 | ... AJ57: =(AI38*AI57)/(AJ38) -> 783
A58: 26 cm | B58: =(C38*C58)/(B38) -> 81.3 | C58: =(D38*D58)/(C38) -> 101.625 | D58: =(E38*E58)/(D38) -> 135.5 | E58: =(F38*F58)/(E38) -> 162.6 | F58: =(G38*G58)/(F38) -> 203.25 | G58: =(H38*H58)/(G38) -> 208.46154 | H58: =(I38*I58)/(H38) -> 213.94737 | I58: =(J38*J58)/(I38) -> 219.72973 | ... O58: =(P38*P58)/(O38) -> 262.25806 | P58: 271 | Q58: =(P38*P58)/(Q38) -> 280.34483 | R58: =(Q38*Q58)/(R38) -> 290.35714 | S58: =(R38*R58)/(S38) -> 301.11111 | T58: =(S38*S58)/(T38) -> 312.69231 | U58: =(T38*T58)/(U38) -> 325.2 | V58: =(U38*U58)/(V38) -> 338.75 | W58: =(V38*V58)/(W38) -> 353.47826 | X58: =(W38*W58)/(X38) -> 369.54545 | ... AJ58: =(AI38*AI58)/(AJ38) -> 813
A59: 25 cm | B59: =(C38*C59)/(B38) -> 84.6 | C59: =(D38*D59)/(C38) -> 105.75 | D59: =(E38*E59)/(D38) -> 141 | E59: =(F38*F59)/(E38) -> 169.2 | F59: =(G38*G59)/(F38) -> 211.5 | G59: =(H38*H59)/(G38) -> 216.92308 | H59: =(I38*I59)/(H38) -> 222.63158 | I59: =(J38*J59)/(I38) -> 228.64865 | ... O59: =(P38*P59)/(O38) -> 272.90323 | P59: 282 | Q59: =(P38*P59)/(Q38) -> 291.72414 | R59: =(Q38*Q59)/(R38) -> 302.14286 | S59: =(R38*R59)/(S38) -> 313.33333 | T59: =(S38*S59)/(T38) -> 325.38462 | U59: =(T38*T59)/(U38) -> 338.4 | V59: =(U38*U59)/(V38) -> 352.5 | W59: =(V38*V59)/(W38) -> 367.82609 | X59: =(W38*W59)/(X38) -> 384.54545 | ... AJ59: =(AI38*AI59)/(AJ38) -> 846
A60: 24 cm | B60: =(C38*C60)/(B38) -> 87.9 | C60: =(D38*D60)/(C38) -> 109.875 | D60: =(E38*E60)/(D38) -> 146.5 | E60: =(F38*F60)/(E38) -> 175.8 | F60: =(G38*G60)/(F38) -> 219.75 | G60: =(H38*H60)/(G38) -> 225.38462 | H60: =(I38*I60)/(H38) -> 231.31579 | I60: =(J38*J60)/(I38) -> 237.56757 | ... O60: =(P38*P60)/(O38) -> 283.54839 | P60: 293 | Q60: =(P38*P60)/(Q38) -> 303.10345 | R60: =(Q38*Q60)/(R38) -> 313.92857 | S60: =(R38*R60)/(S38) -> 325.55556 | T60: =(S38*S60)/(T38) -> 338.07692 | U60: =(T38*T60)/(U38) -> 351.6 | V60: =(U38*U60)/(V38) -> 366.25 | W60: =(V38*V60)/(W38) -> 382.17391 | X60: =(W38*W60)/(X38) -> 399.54545 | ... AJ60: =(AI38*AI60)/(AJ38) -> 879
A61: 23 cm | B61: =(C38*C61)/(B38) -> 91.8 | C61: =(D38*D61)/(C38) -> 114.75 | D61: =(E38*E61)/(D38) -> 153 | E61: =(F38*F61)/(E38) -> 183.6 | F61: =(G38*G61)/(F38) -> 229.5 | G61: =(H38*H61)/(G38) -> 235.38462 | H61: =(I38*I61)/(H38) -> 241.57895 | I61: =(J38*J61)/(I38) -> 248.10811 | ... O61: =(P38*P61)/(O38) -> 296.12903 | P61: 306 | Q61: =(P38*P61)/(Q38) -> 316.55172 | R61: =(Q38*Q61)/(R38) -> 327.85714 | S61: =(R38*R61)/(S38) -> 340 | T61: =(S38*S61)/(T38) -> 353.07692 | U61: =(T38*T61)/(U38) -> 367.2 | V61: =(U38*U61)/(V38) -> 382.5 | W61: =(V38*V61)/(W38) -> 399.13043 | X61: =(W38*W61)/(X38) -> 417.27273 | ... AJ61: =(AI38*AI61)/(AJ38) -> 918
A62: 22 cm | B62: =(C38*C62)/(B38) -> 96 | C62: =(D38*D62)/(C38) -> 120 | D62: =(E38*E62)/(D38) -> 160 | E62: =(F38*F62)/(E38) -> 192 | F62: =(G38*G62)/(F38) -> 240 | G62: =(H38*H62)/(G38) -> 246.15385 | H62: =(I38*I62)/(H38) -> 252.63158 | I62: =(J38*J62)/(I38) -> 259.45946 | ... O62: =(P38*P62)/(O38) -> 309.67742 | P62: 320 | Q62: =(P38*P62)/(Q38) -> 331.03448 | R62: =(Q38*Q62)/(R38) -> 342.85714 | S62: =(R38*R62)/(S38) -> 355.55556 | T62: =(S38*S62)/(T38) -> 369.23077 | U62: =(T38*T62)/(U38) -> 384 | V62: =(U38*U62)/(V38) -> 400 | W62: =(V38*V62)/(W38) -> 417.3913 | X62: =(W38*W62)/(X38) -> 436.36364 | ... AJ62: =(AI38*AI62)/(AJ38) -> 960
A63: 21 cm | B63: =(C38*C63)/(B38) -> 100.5 | C63: =(D38*D63)/(C38) -> 125.625 | D63: =(E38*E63)/(D38) -> 167.5 | E63: =(F38*F63)/(E38) -> 201 | F63: =(G38*G63)/(F38) -> 251.25 | G63: =(H38*H63)/(G38) -> 257.69231 | H63: =(I38*I63)/(H38) -> 264.47368 | I63: =(J38*J63)/(I38) -> 271.62162 | ... O63: =(P38*P63)/(O38) -> 324.19355 | P63: 335 | Q63: =(P38*P63)/(Q38) -> 346.55172 | R63: =(Q38*Q63)/(R38) -> 358.92857 | S63: =(R38*R63)/(S38) -> 372.22222 | T63: =(S38*S63)/(T38) -> 386.53846 | U63: =(T38*T63)/(U38) -> 402 | V63: =(U38*U63)/(V38) -> 418.75 | W63: =(V38*V63)/(W38) -> 436.95652 | X63: =(W38*W63)/(X38) -> 456.81818 | ... AJ63: =(AI38*AI63)/(AJ38) -> 1005
A64: 20 cm | B64: =(C38*C64)/(B38) -> 105.6 | C64: =(D38*D64)/(C38) -> 132 | D64: =(E38*E64)/(D38) -> 176 | E64: =(F38*F64)/(E38) -> 211.2 | F64: =(G38*G64)/(F38) -> 264 | G64: =(H38*H64)/(G38) -> 270.76923 | H64: =(I38*I64)/(H38) -> 277.89474 | I64: =(J38*J64)/(I38) -> 285.40541 | ... O64: =(P38*P64)/(O38) -> 340.64516 | P64: 352 | Q64: =(P38*P64)/(Q38) -> 364.13793 | R64: =(Q38*Q64)/(R38) -> 377.14286 | S64: =(R38*R64)/(S38) -> 391.11111 | T64: =(S38*S64)/(T38) -> 406.15385 | U64: =(T38*T64)/(U38) -> 422.4 | V64: =(U38*U64)/(V38) -> 440 | W64: =(V38*V64)/(W38) -> 459.13043 | X64: =(W38*W64)/(X38) -> 480 | ... AJ64: =(AI38*AI64)/(AJ38) -> 1056
A65: 19 cm | B65: =(C38*C65)/(B38) -> 111.3 | C65: =(D38*D65)/(C38) -> 139.125 | D65: =(E38*E65)/(D38) -> 185.5 | E65: =(F38*F65)/(E38) -> 222.6 | F65: =(G38*G65)/(F38) -> 278.25 | G65: =(H38*H65)/(G38) -> 285.38462 | H65: =(I38*I65)/(H38) -> 292.89474 | I65: =(J38*J65)/(I38) -> 300.81081 | ... O65: =(P38*P65)/(O38) -> 359.03226 | P65: 371 | Q65: =(P38*P65)/(Q38) -> 383.7931 | R65: =(Q38*Q65)/(R38) -> 397.5 | S65: =(R38*R65)/(S38) -> 412.22222 | T65: =(S38*S65)/(T38) -> 428.07692 | U65: =(T38*T65)/(U38) -> 445.2 | V65: =(U38*U65)/(V38) -> 463.75 | W65: =(V38*V65)/(W38) -> 483.91304 | X65: =(W38*W65)/(X38) -> 505.90909 | ... AJ65: =(AI38*AI65)/(AJ38) -> 1113
A66: 18 cm | B66: =(C38*C66)/(B38) -> 117.3 | C66: =(D38*D66)/(C38) -> 146.625 | D66: =(E38*E66)/(D38) -> 195.5 | E66: =(F38*F66)/(E38) -> 234.6 | F66: =(G38*G66)/(F38) -> 293.25 | G66: =(H38*H66)/(G38) -> 300.76923 | H66: =(I38*I66)/(H38) -> 308.68421 | I66: =(J38*J66)/(I38) -> 317.02703 | ... O66: =(P38*P66)/(O38) -> 378.3871 | P66: 391 | Q66: =(P38*P66)/(Q38) -> 404.48276 | R66: =(Q38*Q66)/(R38) -> 418.92857 | S66: =(R38*R66)/(S38) -> 434.44444 | T66: =(S38*S66)/(T38) -> 451.15385 | U66: =(T38*T66)/(U38) -> 469.2 | V66: =(U38*U66)/(V38) -> 488.75 | W66: =(V38*V66)/(W38) -> 510 | X66: =(W38*W66)/(X38) -> 533.18182 | ... AJ66: =(AI38*AI66)/(AJ38) -> 1173
A67: 17 cm | B67: =(C38*C67)/(B38) -> 124.2 | C67: =(D38*D67)/(C38) -> 155.25 | D67: =(E38*E67)/(D38) -> 207 | E67: =(F38*F67)/(E38) -> 248.4 | F67: =(G38*G67)/(F38) -> 310.5 | G67: =(H38*H67)/(G38) -> 318.46154 | H67: =(I38*I67)/(H38) -> 326.84211 | I67: =(J38*J67)/(I38) -> 335.67568 | ... O67: =(P38*P67)/(O38) -> 400.64516 | P67: 414 | Q67: =(P38*P67)/(Q38) -> 428.27586 | R67: =(Q38*Q67)/(R38) -> 443.57143 | S67: =(R38*R67)/(S38) -> 460 | T67: =(S38*S67)/(T38) -> 477.69231 | U67: =(T38*T67)/(U38) -> 496.8 | V67: =(U38*U67)/(V38) -> 517.5 | W67: =(V38*V67)/(W38) -> 540 | X67: =(W38*W67)/(X38) -> 564.54545 | ... AJ67: =(AI38*AI67)/(AJ38) -> 1242
A68: 16 cm | B68: =(C38*C68)/(B38) -> 132 | C68: =(D38*D68)/(C38) -> 165 | D68: =(E38*E68)/(D38) -> 220 | E68: =(F38*F68)/(E38) -> 264 | F68: =(G38*G68)/(F38) -> 330 | G68: =(H38*H68)/(G38) -> 338.46154 | H68: =(I38*I68)/(H38) -> 347.36842 | I68: =(J38*J68)/(I38) -> 356.75676 | ... O68: =(P38*P68)/(O38) -> 425.80645 | P68: 440 | Q68: =(P38*P68)/(Q38) -> 455.17241 | R68: =(Q38*Q68)/(R38) -> 471.42857 | S68: =(R38*R68)/(S38) -> 488.88889 | T68: =(S38*S68)/(T38) -> 507.69231 | U68: =(T38*T68)/(U38) -> 528 | V68: =(U38*U68)/(V38) -> 550 | W68: =(V38*V68)/(W38) -> 573.91304 | X68: =(W38*W68)/(X38) -> 600 | ... AJ68: =(AI38*AI68)/(AJ38) -> 1320
A69: 15 cm | B69: =(C38*C69)/(B38) -> 140.7 | C69: =(D38*D69)/(C38) -> 175.875 | D69: =(E38*E69)/(D38) -> 234.5 | E69: =(F38*F69)/(E38) -> 281.4 | F69: =(G38*G69)/(F38) -> 351.75 | G69: =(H38*H69)/(G38) -> 360.76923 | H69: =(I38*I69)/(H38) -> 370.26316 | I69: =(J38*J69)/(I38) -> 380.27027 | ... O69: =(P38*P69)/(O38) -> 453.87097 | P69: 469 | Q69: =(P38*P69)/(Q38) -> 485.17241 | R69: =(Q38*Q69)/(R38) -> 502.5 | S69: =(R38*R69)/(S38) -> 521.11111 | T69: =(S38*S69)/(T38) -> 541.15385 | U69: =(T38*T69)/(U38) -> 562.8 | V69: =(U38*U69)/(V38) -> 586.25 | W69: =(V38*V69)/(W38) -> 611.73913 | X69: =(W38*W69)/(X38) -> 639.54545 | ... AJ69: =(AI38*AI69)/(AJ38) -> 1407
C70: NOT:Çizelgede belirtilen iplik uzunluklarına;Orta renklerde 2mm,Koyu renklerde 4mm daha ilave ekle (hesaplama 28 fayna göre yapılmıştır)
B71: 40 DENYE FULL LYCRALI SÜPREMLERİN GRAMAJLARINA GÖRE 100 MAYDAKİ ORTALAMA İPLİK UZUNLUKLARI
A72: 40 | B72: İPLİK NUMARALARI
A73: DENYELİ | B73: 100 | C73: 80 | D73: 60 | E73: 50 | F73: 40 | G73: 39 | H73: 38 | I73: 37 | J73: 36 | K73: 35 | L73: 34 | M73: 33 | N73: 32 | O73: 31 | P73: 30 | Q73: 29 | R73: 28 | S73: 27 | T73: 26 | U73: 25 | V73: 24 | W73: 23 | X73: 22 | Y73: 21 | Z73: 20 | AA73: 19 | AB73: 18 | AC73: 17 | AD73: 16 | AE73: 15 | AF73: 14 | AG73: 13 | AH73: 12 | AI73: 11 | AJ73: 10
A74: 45 cm | B74: =(C73*C74)/(B73) -> 51.3 | C74: =(D73*D74)/(C73) -> 64.125 | D74: =(E73*E74)/(D73) -> 85.5 | E74: =(F73*F74)/(E73) -> 102.6 | F74: =(G73*G74)/(F73) -> 128.25 | G74: =(H73*H74)/(G73) -> 131.53846 | H74: =(I73*I74)/(H73) -> 135 | I74: =(J73*J74)/(I73) -> 138.64865 | ... O74: =(P73*P74)/(O73) -> 165.48387 | P74: 171 | Q74: =(P73*P74)/(Q73) -> 176.89655 | R74: =(Q73*Q74)/(R73) -> 183.21429 | S74: =(R73*R74)/(S73) -> 190 | T74: =(S73*S74)/(T73) -> 197.30769 | U74: =(T73*T74)/(U73) -> 205.2 | V74: =(U73*U74)/(V73) -> 213.75 | W74: =(V73*V74)/(W73) -> 223.04348 | X74: =(W73*W74)/(X73) -> 233.18182 | ... AJ74: =(AI73*AI74)/(AJ73) -> 513
A75: 44 cm | B75: =(C73*C75)/(B73) -> 52.5 | C75: =(D73*D75)/(C73) -> 65.625 | D75: =(E73*E75)/(D73) -> 87.5 | E75: =(F73*F75)/(E73) -> 105 | F75: =(G73*G75)/(F73) -> 131.25 | G75: =(H73*H75)/(G73) -> 134.61538 | H75: =(I73*I75)/(H73) -> 138.15789 | I75: =(J73*J75)/(I73) -> 141.89189 | ... O75: =(P73*P75)/(O73) -> 169.35484 | P75: 175 | Q75: =(P73*P75)/(Q73) -> 181.03448 | R75: =(Q73*Q75)/(R73) -> 187.5 | S75: =(R73*R75)/(S73) -> 194.44444 | T75: =(S73*S75)/(T73) -> 201.92308 | U75: =(T73*T75)/(U73) -> 210 | V75: =(U73*U75)/(V73) -> 218.75 | W75: =(V73*V75)/(W73) -> 228.26087 | X75: =(W73*W75)/(X73) -> 238.63636 | ... AJ75: =(AI73*AI75)/(AJ73) -> 525
A76: 43 cm | B76: =(C73*C76)/(B73) -> 53.7 | C76: =(D73*D76)/(C73) -> 67.125 | D76: =(E73*E76)/(D73) -> 89.5 | E76: =(F73*F76)/(E73) -> 107.4 | F76: =(G73*G76)/(F73) -> 134.25 | G76: =(H73*H76)/(G73) -> 137.69231 | H76: =(I73*I76)/(H73) -> 141.31579 | I76: =(J73*J76)/(I73) -> 145.13514 | ... O76: =(P73*P76)/(O73) -> 173.22581 | P76: 179 | Q76: =(P73*P76)/(Q73) -> 185.17241 | R76: =(Q73*Q76)/(R73) -> 191.78571 | S76: =(R73*R76)/(S73) -> 198.88889 | T76: =(S73*S76)/(T73) -> 206.53846 | U76: =(T73*T76)/(U73) -> 214.8 | V76: =(U73*U76)/(V73) -> 223.75 | W76: =(V73*V76)/(W73) -> 233.47826 | X76: =(W73*W76)/(X73) -> 244.09091 | ... AJ76: =(AI73*AI76)/(AJ73) -> 537
A77: 42 cm | B77: =(C73*C77)/(B73) -> 54.9 | C77: =(D73*D77)/(C73) -> 68.625 | D77: =(E73*E77)/(D73) -> 91.5 | E77: =(F73*F77)/(E73) -> 109.8 | F77: =(G73*G77)/(F73) -> 137.25 | G77: =(H73*H77)/(G73) -> 140.76923 | H77: =(I73*I77)/(H73) -> 144.47368 | I77: =(J73*J77)/(I73) -> 148.37838 | ... O77: =(P73*P77)/(O73) -> 177.09677 | P77: 183 | Q77: =(P73*P77)/(Q73) -> 189.31034 | R77: =(Q73*Q77)/(R73) -> 196.07143 | S77: =(R73*R77)/(S73) -> 203.33333 | T77: =(S73*S77)/(T73) -> 211.15385 | U77: =(T73*T77)/(U73) -> 219.6 | V77: =(U73*U77)/(V73) -> 228.75 | W77: =(V73*V77)/(W73) -> 238.69565 | X77: =(W73*W77)/(X73) -> 249.54545 | ... AJ77: =(AI73*AI77)/(AJ73) -> 549
A78: 41 cm | B78: =(C73*C78)/(B73) -> 56.1 | C78: =(D73*D78)/(C73) -> 70.125 | D78: =(E73*E78)/(D73) -> 93.5 | E78: =(F73*F78)/(E73) -> 112.2 | F78: =(G73*G78)/(F73) -> 140.25 | G78: =(H73*H78)/(G73) -> 143.84615 | H78: =(I73*I78)/(H73) -> 147.63158 | I78: =(J73*J78)/(I73) -> 151.62162 | ... O78: =(P73*P78)/(O73) -> 180.96774 | P78: 187 | Q78: =(P73*P78)/(Q73) -> 193.44828 | R78: =(Q73*Q78)/(R73) -> 200.35714 | S78: =(R73*R78)/(S73) -> 207.77778 | T78: =(S73*S78)/(T73) -> 215.76923 | U78: =(T73*T78)/(U73) -> 224.4 | V78: =(U73*U78)/(V73) -> 233.75 | W78: =(V73*V78)/(W73) -> 243.91304 | X78: =(W73*W78)/(X73) -> 255 | ... AJ78: =(AI73*AI78)/(AJ73) -> 561
A79: 40 cm | B79: =(C73*C79)/(B73) -> 57.6 | C79: =(D73*D79)/(C73) -> 72 | D79: =(E73*E79)/(D73) -> 96 | E79: =(F73*F79)/(E73) -> 115.2 | F79: =(G73*G79)/(F73) -> 144 | G79: =(H73*H79)/(G73) -> 147.69231 | H79: =(I73*I79)/(H73) -> 151.57895 | I79: =(J73*J79)/(I73) -> 155.67568 | ... O79: =(P73*P79)/(O73) -> 185.80645 | P79: 192 | Q79: =(P73*P79)/(Q73) -> 198.62069 | R79: =(Q73*Q79)/(R73) -> 205.71429 | S79: =(R73*R79)/(S73) -> 213.33333 | T79: =(S73*S79)/(T73) -> 221.53846 | U79: =(T73*T79)/(U73) -> 230.4 | V79: =(U73*U79)/(V73) -> 240 | W79: =(V73*V79)/(W73) -> 250.43478 | X79: =(W73*W79)/(X73) -> 261.81818 | ... AJ79: =(AI73*AI79)/(AJ73) -> 576
A80: 39 cm | B80: =(C73*C80)/(B73) -> 59.1 | C80: =(D73*D80)/(C73) -> 73.875 | D80: =(E73*E80)/(D73) -> 98.5 | E80: =(F73*F80)/(E73) -> 118.2 | F80: =(G73*G80)/(F73) -> 147.75 | G80: =(H73*H80)/(G73) -> 151.53846 | H80: =(I73*I80)/(H73) -> 155.52632 | I80: =(J73*J80)/(I73) -> 159.72973 | ... O80: =(P73*P80)/(O73) -> 190.64516 | P80: 197 | Q80: =(P73*P80)/(Q73) -> 203.7931 | R80: =(Q73*Q80)/(R73) -> 211.07143 | S80: =(R73*R80)/(S73) -> 218.88889 | T80: =(S73*S80)/(T73) -> 227.30769 | U80: =(T73*T80)/(U73) -> 236.4 | V80: =(U73*U80)/(V73) -> 246.25 | W80: =(V73*V80)/(W73) -> 256.95652 | X80: =(W73*W80)/(X73) -> 268.63636 | ... AJ80: =(AI73*AI80)/(AJ73) -> 591
A81: 38 cm | B81: =(C73*C81)/(B73) -> 60.6 | C81: =(D73*D81)/(C73) -> 75.75 | D81: =(E73*E81)/(D73) -> 101 | E81: =(F73*F81)/(E73) -> 121.2 | F81: =(G73*G81)/(F73) -> 151.5 | G81: =(H73*H81)/(G73) -> 155.38462 | H81: =(I73*I81)/(H73) -> 159.47368 | I81: =(J73*J81)/(I73) -> 163.78378 | ... O81: =(P73*P81)/(O73) -> 195.48387 | P81: 202 | Q81: =(P73*P81)/(Q73) -> 208.96552 | R81: =(Q73*Q81)/(R73) -> 216.42857 | S81: =(R73*R81)/(S73) -> 224.44444 | T81: =(S73*S81)/(T73) -> 233.07692 | U81: =(T73*T81)/(U73) -> 242.4 | V81: =(U73*U81)/(V73) -> 252.5 | W81: =(V73*V81)/(W73) -> 263.47826 | X81: =(W73*W81)/(X73) -> 275.45455 | ... AJ81: =(AI73*AI81)/(AJ73) -> 606
A82: 37 cm | B82: =(C73*C82)/(B73) -> 62.4 | C82: =(D73*D82)/(C73) -> 78 | D82: =(E73*E82)/(D73) -> 104 | E82: =(F73*F82)/(E73) -> 124.8 | F82: =(G73*G82)/(F73) -> 156 | G82: =(H73*H82)/(G73) -> 160 | H82: =(I73*I82)/(H73) -> 164.21053 | I82: =(J73*J82)/(I73) -> 168.64865 | ... O82: =(P73*P82)/(O73) -> 201.29032 | P82: 208 | Q82: =(P73*P82)/(Q73) -> 215.17241 | R82: =(Q73*Q82)/(R73) -> 222.85714 | S82: =(R73*R82)/(S73) -> 231.11111 | T82: =(S73*S82)/(T73) -> 240 | U82: =(T73*T82)/(U73) -> 249.6 | V82: =(U73*U82)/(V73) -> 260 | W82: =(V73*V82)/(W73) -> 271.30435 | X82: =(W73*W82)/(X73) -> 283.63636 | ... AJ82: =(AI73*AI82)/(AJ73) -> 624
A83: 36 cm | B83: =(C73*C83)/(B73) -> 63.9 | C83: =(D73*D83)/(C73) -> 79.875 | D83: =(E73*E83)/(D73) -> 106.5 | E83: =(F73*F83)/(E73) -> 127.8 | F83: =(G73*G83)/(F73) -> 159.75 | G83: =(H73*H83)/(G73) -> 163.84615 | H83: =(I73*I83)/(H73) -> 168.15789 | I83: =(J73*J83)/(I73) -> 172.7027 | ... O83: =(P73*P83)/(O73) -> 206.12903 | P83: 213 | Q83: =(P73*P83)/(Q73) -> 220.34483 | R83: =(Q73*Q83)/(R73) -> 228.21429 | S83: =(R73*R83)/(S73) -> 236.66667 | T83: =(S73*S83)/(T73) -> 245.76923 | U83: =(T73*T83)/(U73) -> 255.6 | V83: =(U73*U83)/(V73) -> 266.25 | W83: =(V73*V83)/(W73) -> 277.82609 | X83: =(W73*W83)/(X73) -> 290.45455 | ... AJ83: =(AI73*AI83)/(AJ73) -> 639
A84: 35 cm | B84: =(C73*C84)/(B73) -> 65.7 | C84: =(D73*D84)/(C73) -> 82.125 | D84: =(E73*E84)/(D73) -> 109.5 | E84: =(F73*F84)/(E73) -> 131.4 | F84: =(G73*G84)/(F73) -> 164.25 | G84: =(H73*H84)/(G73) -> 168.46154 | H84: =(I73*I84)/(H73) -> 172.89474 | I84: =(J73*J84)/(I73) -> 177.56757 | ... O84: =(P73*P84)/(O73) -> 211.93548 | P84: 219 | Q84: =(P73*P84)/(Q73) -> 226.55172 | R84: =(Q73*Q84)/(R73) -> 234.64286 | S84: =(R73*R84)/(S73) -> 243.33333 | T84: =(S73*S84)/(T73) -> 252.69231 | U84: =(T73*T84)/(U73) -> 262.8 | V84: =(U73*U84)/(V73) -> 273.75 | W84: =(V73*V84)/(W73) -> 285.65217 | X84: =(W73*W84)/(X73) -> 298.63636 | ... AJ84: =(AI73*AI84)/(AJ73) -> 657
A85: 34 cm | B85: =(C73*C85)/(B73) -> 67.8 | C85: =(D73*D85)/(C73) -> 84.75 | D85: =(E73*E85)/(D73) -> 113 | E85: =(F73*F85)/(E73) -> 135.6 | F85: =(G73*G85)/(F73) -> 169.5 | G85: =(H73*H85)/(G73) -> 173.84615 | H85: =(I73*I85)/(H73) -> 178.42105 | I85: =(J73*J85)/(I73) -> 183.24324 | ... O85: =(P73*P85)/(O73) -> 218.70968 | P85: 226 | Q85: =(P73*P85)/(Q73) -> 233.7931 | R85: =(Q73*Q85)/(R73) -> 242.14286 | S85: =(R73*R85)/(S73) -> 251.11111 | T85: =(S73*S85)/(T73) -> 260.76923 | U85: =(T73*T85)/(U73) -> 271.2 | V85: =(U73*U85)/(V73) -> 282.5 | W85: =(V73*V85)/(W73) -> 294.78261 | X85: =(W73*W85)/(X73) -> 308.18182 | ... AJ85: =(AI73*AI85)/(AJ73) -> 678
A86: 33 cm | B86: =(C73*C86)/(B73) -> 69.9 | C86: =(D73*D86)/(C73) -> 87.375 | D86: =(E73*E86)/(D73) -> 116.5 | E86: =(F73*F86)/(E73) -> 139.8 | F86: =(G73*G86)/(F73) -> 174.75 | G86: =(H73*H86)/(G73) -> 179.23077 | H86: =(I73*I86)/(H73) -> 183.94737 | I86: =(J73*J86)/(I73) -> 188.91892 | ... O86: =(P73*P86)/(O73) -> 225.48387 | P86: 233 | Q86: =(P73*P86)/(Q73) -> 241.03448 | R86: =(Q73*Q86)/(R73) -> 249.64286 | S86: =(R73*R86)/(S73) -> 258.88889 | T86: =(S73*S86)/(T73) -> 268.84615 | U86: =(T73*T86)/(U73) -> 279.6 | V86: =(U73*U86)/(V73) -> 291.25 | W86: =(V73*V86)/(W73) -> 303.91304 | X86: =(W73*W86)/(X73) -> 317.72727 | ... AJ86: =(AI73*AI86)/(AJ73) -> 699
A87: 32 cm | B87: =(C73*C87)/(B73) -> 72 | C87: =(D73*D87)/(C73) -> 90 | D87: =(E73*E87)/(D73) -> 120 | E87: =(F73*F87)/(E73) -> 144 | F87: =(G73*G87)/(F73) -> 180 | G87: =(H73*H87)/(G73) -> 184.61538 | H87: =(I73*I87)/(H73) -> 189.47368 | I87: =(J73*J87)/(I73) -> 194.59459 | ... O87: =(P73*P87)/(O73) -> 232.25806 | P87: 240 | Q87: =(P73*P87)/(Q73) -> 248.27586 | R87: =(Q73*Q87)/(R73) -> 257.14286 | S87: =(R73*R87)/(S73) -> 266.66667 | T87: =(S73*S87)/(T73) -> 276.92308 | U87: =(T73*T87)/(U73) -> 288 | V87: =(U73*U87)/(V73) -> 300 | W87: =(V73*V87)/(W73) -> 313.04348 | X87: =(W73*W87)/(X73) -> 327.27273 | ... AJ87: =(AI73*AI87)/(AJ73) -> 720
A88: 31 cm | B88: =(C73*C88)/(B73) -> 74.4 | C88: =(D73*D88)/(C73) -> 93 | D88: =(E73*E88)/(D73) -> 124 | E88: =(F73*F88)/(E73) -> 148.8 | F88: =(G73*G88)/(F73) -> 186 | G88: =(H73*H88)/(G73) -> 190.76923 | H88: =(I73*I88)/(H73) -> 195.78947 | I88: =(J73*J88)/(I73) -> 201.08108 | ... O88: =(P73*P88)/(O73) -> 240 | P88: 248 | Q88: =(P73*P88)/(Q73) -> 256.55172 | R88: =(Q73*Q88)/(R73) -> 265.71429 | S88: =(R73*R88)/(S73) -> 275.55556 | T88: =(S73*S88)/(T73) -> 286.15385 | U88: =(T73*T88)/(U73) -> 297.6 | V88: =(U73*U88)/(V73) -> 310 | W88: =(V73*V88)/(W73) -> 323.47826 | X88: =(W73*W88)/(X73) -> 338.18182 | ... AJ88: =(AI73*AI88)/(AJ73) -> 744
A89: 30 cm | B89: =(C73*C89)/(B73) -> 76.8 | C89: =(D73*D89)/(C73) -> 96 | D89: =(E73*E89)/(D73) -> 128 | E89: =(F73*F89)/(E73) -> 153.6 | F89: =(G73*G89)/(F73) -> 192 | G89: =(H73*H89)/(G73) -> 196.92308 | H89: =(I73*I89)/(H73) -> 202.10526 | I89: =(J73*J89)/(I73) -> 207.56757 | ... O89: =(P73*P89)/(O73) -> 247.74194 | P89: 256 | Q89: =(P73*P89)/(Q73) -> 264.82759 | R89: =(Q73*Q89)/(R73) -> 274.28571 | S89: =(R73*R89)/(S73) -> 284.44444 | T89: =(S73*S89)/(T73) -> 295.38462 | U89: =(T73*T89)/(U73) -> 307.2 | V89: =(U73*U89)/(V73) -> 320 | W89: =(V73*V89)/(W73) -> 333.91304 | X89: =(W73*W89)/(X73) -> 349.09091 | ... AJ89: =(AI73*AI89)/(AJ73) -> 768
A90: 29 cm | B90: =(C73*C90)/(B73) -> 79.5 | C90: =(D73*D90)/(C73) -> 99.375 | D90: =(E73*E90)/(D73) -> 132.5 | E90: =(F73*F90)/(E73) -> 159 | F90: =(G73*G90)/(F73) -> 198.75 | G90: =(H73*H90)/(G73) -> 203.84615 | H90: =(I73*I90)/(H73) -> 209.21053 | I90: =(J73*J90)/(I73) -> 214.86486 | ... O90: =(P73*P90)/(O73) -> 256.45161 | P90: 265 | Q90: =(P73*P90)/(Q73) -> 274.13793 | R90: =(Q73*Q90)/(R73) -> 283.92857 | S90: =(R73*R90)/(S73) -> 294.44444 | T90: =(S73*S90)/(T73) -> 305.76923 | U90: =(T73*T90)/(U73) -> 318 | V90: =(U73*U90)/(V73) -> 331.25 | W90: =(V73*V90)/(W73) -> 345.65217 | X90: =(W73*W90)/(X73) -> 361.36364 | ... AJ90: =(AI73*AI90)/(AJ73) -> 795
A91: 28 cm | B91: =(C73*C91)/(B73) -> 82.2 | C91: =(D73*D91)/(C73) -> 102.75 | D91: =(E73*E91)/(D73) -> 137 | E91: =(F73*F91)/(E73) -> 164.4 | F91: =(G73*G91)/(F73) -> 205.5 | G91: =(H73*H91)/(G73) -> 210.76923 | H91: =(I73*I91)/(H73) -> 216.31579 | I91: =(J73*J91)/(I73) -> 222.16216 | ... O91: =(P73*P91)/(O73) -> 265.16129 | P91: 274 | Q91: =(P73*P91)/(Q73) -> 283.44828 | R91: =(Q73*Q91)/(R73) -> 293.57143 | S91: =(R73*R91)/(S73) -> 304.44444 | T91: =(S73*S91)/(T73) -> 316.15385 | U91: =(T73*T91)/(U73) -> 328.8 | V91: =(U73*U91)/(V73) -> 342.5 | W91: =(V73*V91)/(W73) -> 357.3913 | X91: =(W73*W91)/(X73) -> 373.63636 | ... AJ91: =(AI73*AI91)/(AJ73) -> 822
A92: 27 cm | B92: =(C73*C92)/(B73) -> 85.2 | C92: =(D73*D92)/(C73) -> 106.5 | D92: =(E73*E92)/(D73) -> 142 | E92: =(F73*F92)/(E73) -> 170.4 | F92: =(G73*G92)/(F73) -> 213 | G92: =(H73*H92)/(G73) -> 218.46154 | H92: =(I73*I92)/(H73) -> 224.21053 | I92: =(J73*J92)/(I73) -> 230.27027 | ... O92: =(P73*P92)/(O73) -> 274.83871 | P92: 284 | Q92: =(P73*P92)/(Q73) -> 293.7931 | R92: =(Q73*Q92)/(R73) -> 304.28571 | S92: =(R73*R92)/(S73) -> 315.55556 | T92: =(S73*S92)/(T73) -> 327.69231 | U92: =(T73*T92)/(U73) -> 340.8 | V92: =(U73*U92)/(V73) -> 355 | W92: =(V73*V92)/(W73) -> 370.43478 | X92: =(W73*W92)/(X73) -> 387.27273 | ... AJ92: =(AI73*AI92)/(AJ73) -> 852
A93: 26 cm | B93: =(C73*C93)/(B73) -> 88.5 | C93: =(D73*D93)/(C73) -> 110.625 | D93: =(E73*E93)/(D73) -> 147.5 | E93: =(F73*F93)/(E73) -> 177 | F93: =(G73*G93)/(F73) -> 221.25 | G93: =(H73*H93)/(G73) -> 226.92308 | H93: =(I73*I93)/(H73) -> 232.89474 | I93: =(J73*J93)/(I73) -> 239.18919 | ... O93: =(P73*P93)/(O73) -> 285.48387 | P93: 295 | Q93: =(P73*P93)/(Q73) -> 305.17241 | R93: =(Q73*Q93)/(R73) -> 316.07143 | S93: =(R73*R93)/(S73) -> 327.77778 | T93: =(S73*S93)/(T73) -> 340.38462 | U93: =(T73*T93)/(U73) -> 354 | V93: =(U73*U93)/(V73) -> 368.75 | W93: =(V73*V93)/(W73) -> 384.78261 | X93: =(W73*W93)/(X73) -> 402.27273 | ... AJ93: =(AI73*AI93)/(AJ73) -> 885
A94: 25 cm | B94: =(C73*C94)/(B73) -> 92.1 | C94: =(D73*D94)/(C73) -> 115.125 | D94: =(E73*E94)/(D73) -> 153.5 | E94: =(F73*F94)/(E73) -> 184.2 | F94: =(G73*G94)/(F73) -> 230.25 | G94: =(H73*H94)/(G73) -> 236.15385 | H94: =(I73*I94)/(H73) -> 242.36842 | I94: =(J73*J94)/(I73) -> 248.91892 | ... O94: =(P73*P94)/(O73) -> 297.09677 | P94: 307 | Q94: =(P73*P94)/(Q73) -> 317.58621 | R94: =(Q73*Q94)/(R73) -> 328.92857 | S94: =(R73*R94)/(S73) -> 341.11111 | T94: =(S73*S94)/(T73) -> 354.23077 | U94: =(T73*T94)/(U73) -> 368.4 | V94: =(U73*U94)/(V73) -> 383.75 | W94: =(V73*V94)/(W73) -> 400.43478 | X94: =(W73*W94)/(X73) -> 418.63636 | ... AJ94: =(AI73*AI94)/(AJ73) -> 921
A95: 24 cm | B95: =(C73*C95)/(B73) -> 96 | C95: =(D73*D95)/(C73) -> 120 | D95: =(E73*E95)/(D73) -> 160 | E95: =(F73*F95)/(E73) -> 192 | F95: =(G73*G95)/(F73) -> 240 | G95: =(H73*H95)/(G73) -> 246.15385 | H95: =(I73*I95)/(H73) -> 252.63158 | I95: =(J73*J95)/(I73) -> 259.45946 | ... O95: =(P73*P95)/(O73) -> 309.67742 | P95: 320 | Q95: =(P73*P95)/(Q73) -> 331.03448 | R95: =(Q73*Q95)/(R73) -> 342.85714 | S95: =(R73*R95)/(S73) -> 355.55556 | T95: =(S73*S95)/(T73) -> 369.23077 | U95: =(T73*T95)/(U73) -> 384 | V95: =(U73*U95)/(V73) -> 400 | W95: =(V73*V95)/(W73) -> 417.3913 | X95: =(W73*W95)/(X73) -> 436.36364 | ... AJ95: =(AI73*AI95)/(AJ73) -> 960
A96: 23 cm | B96: =(C73*C96)/(B73) -> 100.2 | C96: =(D73*D96)/(C73) -> 125.25 | D96: =(E73*E96)/(D73) -> 167 | E96: =(F73*F96)/(E73) -> 200.4 | F96: =(G73*G96)/(F73) -> 250.5 | G96: =(H73*H96)/(G73) -> 256.92308 | H96: =(I73*I96)/(H73) -> 263.68421 | I96: =(J73*J96)/(I73) -> 270.81081 | ... O96: =(P73*P96)/(O73) -> 323.22581 | P96: 334 | Q96: =(P73*P96)/(Q73) -> 345.51724 | R96: =(Q73*Q96)/(R73) -> 357.85714 | S96: =(R73*R96)/(S73) -> 371.11111 | T96: =(S73*S96)/(T73) -> 385.38462 | U96: =(T73*T96)/(U73) -> 400.8 | V96: =(U73*U96)/(V73) -> 417.5 | W96: =(V73*V96)/(W73) -> 435.65217 | X96: =(W73*W96)/(X73) -> 455.45455 | ... AJ96: =(AI73*AI96)/(AJ73) -> 1002
A97: 22 cm | B97: =(C73*C97)/(B73) -> 104.7 | C97: =(D73*D97)/(C73) -> 130.875 | D97: =(E73*E97)/(D73) -> 174.5 | E97: =(F73*F97)/(E73) -> 209.4 | F97: =(G73*G97)/(F73) -> 261.75 | G97: =(H73*H97)/(G73) -> 268.46154 | H97: =(I73*I97)/(H73) -> 275.52632 | I97: =(J73*J97)/(I73) -> 282.97297 | ... O97: =(P73*P97)/(O73) -> 337.74194 | P97: 349 | Q97: =(P73*P97)/(Q73) -> 361.03448 | R97: =(Q73*Q97)/(R73) -> 373.92857 | S97: =(R73*R97)/(S73) -> 387.77778 | T97: =(S73*S97)/(T73) -> 402.69231 | U97: =(T73*T97)/(U73) -> 418.8 | V97: =(U73*U97)/(V73) -> 436.25 | W97: =(V73*V97)/(W73) -> 455.21739 | X97: =(W73*W97)/(X73) -> 475.90909 | ... AJ97: =(AI73*AI97)/(AJ73) -> 1047
A98: 21 cm | B98: =(C73*C98)/(B73) -> 109.8 | C98: =(D73*D98)/(C73) -> 137.25 | D98: =(E73*E98)/(D73) -> 183 | E98: =(F73*F98)/(E73) -> 219.6 | F98: =(G73*G98)/(F73) -> 274.5 | G98: =(H73*H98)/(G73) -> 281.53846 | H98: =(I73*I98)/(H73) -> 288.94737 | I98: =(J73*J98)/(I73) -> 296.75676 | ... O98: =(P73*P98)/(O73) -> 354.19355 | P98: 366 | Q98: =(P73*P98)/(Q73) -> 378.62069 | R98: =(Q73*Q98)/(R73) -> 392.14286 | S98: =(R73*R98)/(S73) -> 406.66667 | T98: =(S73*S98)/(T73) -> 422.30769 | U98: =(T73*T98)/(U73) -> 439.2 | V98: =(U73*U98)/(V73) -> 457.5 | W98: =(V73*V98)/(W73) -> 477.3913 | X98: =(W73*W98)/(X73) -> 499.09091 | ... AJ98: =(AI73*AI98)/(AJ73) -> 1098
A99: 20 cm | B99: =(C73*C99)/(B73) -> 115.2 | C99: =(D73*D99)/(C73) -> 144 | D99: =(E73*E99)/(D73) -> 192 | E99: =(F73*F99)/(E73) -> 230.4 | F99: =(G73*G99)/(F73) -> 288 | G99: =(H73*H99)/(G73) -> 295.38462 | H99: =(I73*I99)/(H73) -> 303.15789 | I99: =(J73*J99)/(I73) -> 311.35135 | ... O99: =(P73*P99)/(O73) -> 371.6129 | P99: 384 | Q99: =(P73*P99)/(Q73) -> 397.24138 | R99: =(Q73*Q99)/(R73) -> 411.42857 | S99: =(R73*R99)/(S73) -> 426.66667 | T99: =(S73*S99)/(T73) -> 443.07692 | U99: =(T73*T99)/(U73) -> 460.8 | V99: =(U73*U99)/(V73) -> 480 | W99: =(V73*V99)/(W73) -> 500.86957 | X99: =(W73*W99)/(X73) -> 523.63636 | ... AJ99: =(AI73*AI99)/(AJ73) -> 1152
A100: 19 cm | B100: =(C73*C100)/(B73) -> 121.2 | C100: =(D73*D100)/(C73) -> 151.5 | D100: =(E73*E100)/(D73) -> 202 | E100: =(F73*F100)/(E73) -> 242.4 | F100: =(G73*G100)/(F73) -> 303 | G100: =(H73*H100)/(G73) -> 310.76923 | H100: =(I73*I100)/(H73) -> 318.94737 | I100: =(J73*J100)/(I73) -> 327.56757 | ... O100: =(P73*P100)/(O73) -> 390.96774 | P100: 404 | Q100: =(P73*P100)/(Q73) -> 417.93103 | R100: =(Q73*Q100)/(R73) -> 432.85714 | S100: =(R73*R100)/(S73) -> 448.88889 | T100: =(S73*S100)/(T73) -> 466.15385 | U100: =(T73*T100)/(U73) -> 484.8 | V100: =(U73*U100)/(V73) -> 505 | W100: =(V73*V100)/(W73) -> 526.95652 | X100: =(W73*W100)/(X73) -> 550.90909 | ... AJ100: =(AI73*AI100)/(AJ73) -> 1212
...

Sheet FULL LYC SÜPREM ENLERİ
A1: FULL LYCRALI SÜPREMLERİN; LYCRA , PUSS ve FAYNA GÖRE ORTALAMA MAMÜL AÇIK ENLERİ
A2: 36 PUSS
B3: Mk. | C3: 20 Dny | D3: 30 Dny | E3: 40 Dny | F3: 70 Dny | G3: 32 Fayn | L3: Mk. | M3: 20 Dny | N3: 30 Dny | O3: 40 Dny | P3: 70 Dny | Q3: 30 Fayn | V3: Mk. | W3: 20 Dny | X3: 30 Dny | Y3: 40 Dny | Z3: 70 Dny | AA3: 28 Fayn | AF3: Mk. | AG3: 20 Dny | AH3: 30 Dny | AI3: 40 Dny | AJ3: 70 Dny | AK3: 27 Fayn | AP3: Mk. | AQ3: 20 Dny | AR3: 30 Dny | AS3: 40 Dny | AT3: 70 Dny | AU3: 26 Fayn | AZ3: Mk. | BA3: 20 Dny | BB3: 30 Dny | BC3: 40 Dny | BD3: 70 Dny | BE3: 24 Fayn
A4: KUMAŞ CİNSİ | B4: İğne | C4: May | D4: May | E4: May | F4: May | G4: 20 | H4: 30 | I4: 40 | J4: 70 | L4: İğne | M4: May | N4: May | O4: May | P4: May | Q4: 20 | R4: 30 | S4: 40 | T4: 70 | V4: İğne | W4: May | X4: May | Y4: May | Z4: May | AA4: 20 | AB4: 30 | AC4: 40 | AD4: 70 | AF4: İğne | AG4: May | AH4: May | AI4: May | AJ4: May | AK4: 20 | AL4: 30 | AM4: 40 | AN4: 70 | AP4: İğne | AQ4: May | AR4: May | AS4: May | AT4: May | AU4: 20 | AV4: 30 | AW4: 40 | AX4: 70 | AZ4: İğne | BA4: May | BB4: May | BC4: May | BD4: May | BE4: 20 | BF4: 30 | BG4: 40 | BH4: 70
B5: Sayısı | C5: Genişliği | D5: Genişliği | E5: Genişliği | F5: Genişliği | G5: Dny | H5: Dny | I5: Dny | J5: Dny | L5: Sayısı | M5: Genişliği | N5: Genişliği | O5: Genişliği | P5: Genişliği | Q5: Dny | R5: Dny | S5: Dny | T5: Dny | V5: Sayısı | W5: Genişliği | X5: Genişliği | Y5: Genişliği | Z5: Genişliği | AA5: Dny | AB5: Dny | AC5: Dny | AD5: Dny | AF5: Sayısı | AG5: Genişliği | AH5: Genişliği | AI5: Genişliği | AJ5: Genişliği | AK5: Dny | AL5: Dny | AM5: Dny | AN5: Dny | AP5: Sayısı | AQ5: Genişliği | AR5: Genişliği | AS5: Genişliği | AT5: Genişliği | AU5: Dny | AV5: Dny | AW5: Dny | AX5: Dny | AZ5: Sayısı | BA5: Genişliği | BB5: Genişliği | BC5: Genişliği | BD5: Genişliği | BE5: Dny | BF5: Dny | BG5: Dny | BH5: Dny
A6: 80/1 FULL LYCRALI SÜPREM | B6: 3600 | C6: 0.0359 | D6: 0.035 | E6: 0.0338 | F6: 0.029 | G6: =(B6*C6) -> 129.24 | H6: =(B6*D6) -> 126 | I6: =(B6*E6) -> 121.68 | J6: =(B6*F6) -> 104.4 | L6: 3384 | M6: 0.0336 | N6: 0.0328 | O6: 0.0317 | P6: 0.0272 | Q6: =(L6*M6) -> 113.7024 | R6: =(L6*N6) -> 110.9952 | S6: =(L6*O6) -> 107.2728 | T6: =(L6*P6) -> 92.0448 | V6: 3168 | W6: 0.0314 | X6: 0.0306 | Y6: 0.0296 | Z6: 0.0254 | AA6: =(V6*W6) -> 99.4752 | AB6: =(V6*X6) -> 96.9408 | AC6: =(V6*Y6) -> 93.7728 | AD6: =(V6*Z6) -> 80.4672 | AF6: 3052 | AK6: =(AF6*AG6) -> 0 | AL6: =(AF6*AH6) -> 0 | AM6: =(AF6*AI6) -> 0 | AN6: =(AF6*AJ6) -> 0 | AP6: 2928 | AU6: =(AP6*AQ6) -> 0 | AV6: =(AP6*AR6) -> 0 | AW6: =(AP6*AS6) -> 0 | AX6: =(AP6*AT6) -> 0 | AZ6: 2712 | BE6: =(AZ6*BA6) -> 0 | BF6: =(AZ6*BB6) -> 0 | BG6: =(AZ6*BC6) -> 0 | BH6: =(AZ6*BD6) -> 0
A7: 60/1 FULL LYCRALI SÜPREM | B7: 3600 | C7: 0.0478 | D7: 0.0466 | E7: 0.045 | F7: 0.0387 | G7: =(B7*C7) -> 172.08 | H7: =(B7*D7) -> 167.76 | I7: =(B7*E7) -> 162 | J7: =(B7*F7) -> 139.32 | L7: 3384 | M7: 0.0448 | N7: 0.0437 | O7: 0.0422 | P7: 0.0363 | Q7: =(L7*M7) -> 151.6032 | R7: =(L7*N7) -> 147.8808 | S7: =(L7*O7) -> 142.8048 | T7: =(L7*P7) -> 122.8392 | V7: 3168 | W7: 0.0418 | X7: 0.0407 | Y7: 0.0394 | Z7: 0.0339 | AA7: =(V7*W7) -> 132.4224 | AB7: =(V7*X7) -> 128.9376 | AC7: =(V7*Y7) -> 124.8192 | AD7: =(V7*Z7) -> 107.3952 | AF7: 3052 | AK7: =(AF7*AG7) -> 0 | AL7: =(AF7*AH7) -> 0 | AM7: =(AF7*AI7) -> 0 | AN7: =(AF7*AJ7) -> 0 | AP7: 2928 | AU7: =(AP7*AQ7) -> 0 | AV7: =(AP7*AR7) -> 0 | AW7: =(AP7*AS7) -> 0 | AX7: =(AP7*AT7) -> 0 | AZ7: 2712 | BE7: =(AZ7*BA7) -> 0 | BF7: =(AZ7*BB7) -> 0 | BG7: =(AZ7*BC7) -> 0 | BH7: =(AZ7*BD7) -> 0
A8: 50/1 FULL LYCRALI SÜPREM | B8: 3600 | C8: 0.0574 | D8: 0.0559 | E8: 0.054 | F8: 0.0465 | G8: =(B8*C8) -> 206.64 | H8: =(B8*D8) -> 201.24 | I8: =(B8*E8) -> 194.4 | J8: =(B8*F8) -> 167.4 | L8: 3384 | M8: 0.0538 | N8: 0.0524 | O8: 0.0507 | P8: 0.0443 | Q8: =(L8*M8) -> 182.0592 | R8: =(L8*N8) -> 177.3216 | S8: =(L8*O8) -> 171.5688 | T8: =(L8*P8) -> 149.9112 | V8: 3168 | W8: 0.0502 | X8: 0.0489 | Y8: 0.0473 | Z8: 0.0414 | AA8: =(V8*W8) -> 159.0336 | AB8: =(V8*X8) -> 154.9152 | AC8: =(V8*Y8) -> 149.8464 | AD8: =(V8*Z8) -> 131.1552 | AF8: 3052 | AG8: 0.0484 | AH8: 0.0471 | AI8: 0.0456 | AJ8: 0.0399 | AK8: =(AF8*AG8) -> 147.7168 | AL8: =(AF8*AH8) -> 143.7492 | AM8: =(AF8*AI8) -> 139.1712 | AN8: =(AF8*AJ8) -> 121.7748 | AP8: 2928 | AU8: =(AP8*AQ8) -> 0 | AV8: =(AP8*AR8) -> 0 | AW8: =(AP8*AS8) -> 0 | AX8: =(AP8*AT8) -> 0 | AZ8: 2712 | BE8: =(AZ8*BA8) -> 0 | BF8: =(AZ8*BB8) -> 0 | BG8: =(AZ8*BC8) -> 0 | BH8: =(AZ8*BD8) -> 0
A9: 40/1 FULL LYCRALI SÜPREM | B9: 3600 | G9: =(B9*C9) -> 0 | H9: =(B9*D9) -> 0 | I9: =(B9*E9) -> 0 | J9: =(B9*F9) -> 0 | L9: 3384 | M9: 0.0672 | N9: 0.0655 | O9: 0.0633 | P9: 0.0554 | Q9: =(L9*M9) -> 227.4048 | R9: =(L9*N9) -> 221.652 | S9: =(L9*O9) -> 214.2072 | T9: =(L9*P9) -> 187.4736 | V9: 3168 | W9: 0.0627 | X9: 0.0611 | Y9: 0.0591 | Z9: 0.0517 | AA9: =(V9*W9) -> 198.6336 | AB9: =(V9*X9) -> 193.5648 | AC9: =(V9*Y9) -> 187.2288 | AD9: =(V9*Z9) -> 163.7856 | AF9: 3052 | AG9: 0.0605 | AH9: 0.0588 | AI9: 0.057 | AJ9: 0.0499 | AK9: =(AF9*AG9) -> 184.646 | AL9: =(AF9*AH9) -> 179.4576 | AM9: =(AF9*AI9) -> 173.964 | AN9: =(AF9*AJ9) -> 152.2948 | AP9: 2928 | AQ9: 0.0583 | AR9: 0.0566 | AS9: 0.0549 | AT9: 0.0481 | AU9: =(AP9*AQ9) -> 170.7024 | AV9: =(AP9*AR9) -> 165.7248 | AW9: =(AP9*AS9) -> 160.7472 | AX9: =(AP9*AT9) -> 140.8368 | AZ9: 2712 | BA9: 0.0538 | BB9: 0.0522 | BC9: 0.0507 | BD9: 0.0444 | BE9: =(AZ9*BA9) -> 145.9056 | BF9: =(AZ9*BB9) -> 141.5664 | BG9: =(AZ9*BC9) -> 137.4984 | BH9: =(AZ9*BD9) -> 120.4128
A10: 36/1 FULL LYCRALI SÜPREM | B10: 3600 | G10: =(B10*C10) -> 0 | H10: =(B10*D10) -> 0 | I10: =(B10*E10) -> 0 | J10: =(B10*F10) -> 0 | L10: 3384 | Q10: =(L10*M10) -> 0 | R10: =(L10*N10) -> 0 | S10: =(L10*O10) -> 0 | T10: =(L10*P10) -> 0 | V10: 3168 | W10: 0.0642 | X10: 0.0624 | Y10: 0.0606 | Z10: 0.0539 | AA10: =(V10*W10) -> 203.3856 | AB10: =(V10*X10) -> 197.6832 | AC10: =(V10*Y10) -> 191.9808 | AD10: =(V10*Z10) -> 170.7552 | AF10: 3052 | AG10: 0.0619 | AH10: 0.0602 | AI10: 0.0584 | AJ10: 0.052 | AK10: =(AF10*AG10) -> 188.9188 | AL10: =(AF10*AH10) -> 183.7304 | AM10: =(AF10*AI10) -> 178.2368 | AN10: =(AF10*AJ10) -> 158.704 | AP10: 2928 | AQ10: 0.0596 | AR10: 0.058 | AS10: 0.0562 | AT10: 0.0501 | AU10: =(AP10*AQ10) -> 174.5088 | AV10: =(AP10*AR10) -> 169.824 | AW10: =(AP10*AS10) -> 164.5536 | AX10: =(AP10*AT10) -> 146.6928 | AZ10: 2712 | BA10: 0.055 | BB10: 0.0535 | BC10: 0.0519 | BD10: 0.0462 | BE10: =(AZ10*BA10) -> 149.16 | BF10: =(AZ10*BB10) -> 145.092 | BG10: =(AZ10*BC10) -> 140.7528 | BH10: =(AZ10*BD10) -> 125.2944
A11: 34/1 FULL LYCRALI SÜPREM | B11: 3600 | G11: =(B11*C11) -> 0 | H11: =(B11*D11) -> 0 | I11: =(B11*E11) -> 0 | J11: =(B11*F11) -> 0 | L11: 3384 | Q11: =(L11*M11) -> 0 | R11: =(L11*N11) -> 0 | S11: =(L11*O11) -> 0 | T11: =(L11*P11) -> 0 | V11: 3168 | W11: 0.065 | X11: 0.0632 | Y11: 0.0613 | Z11: 0.0551 | AA11: =(V11*W11) -> 205.92 | AB11: =(V11*X11) -> 200.2176 | AC11: =(V11*Y11) -> 194.1984 | AD11: =(V11*Z11) -> 174.5568 | AF11: 3052 | AG11: 0.0627 | AH11: 0.0609 | AI11: 0.0591 | AJ11: 0.0531 | AK11: =(AF11*AG11) -> 191.3604 | AL11: =(AF11*AH11) -> 185.8668 | AM11: =(AF11*AI11) -> 180.3732 | AN11: =(AF11*AJ11) -> 162.0612 | AP11: 2928 | AQ11: 0.0604 | AR11: 0.0586 | AS11: 0.0569 | AT11: 0.0511 | AU11: =(AP11*AQ11) -> 176.8512 | AV11: =(AP11*AR11) -> 171.5808 | AW11: =(AP11*AS11) -> 166.6032 | AX11: =(AP11*AT11) -> 149.6208 | AZ11: 2712 | BA11: 0.0558 | BB11: 0.0541 | BC11: 0.0525 | BD11: 0.0472 | BE11: =(AZ11*BA11) -> 151.3296 | BF11: =(AZ11*BB11) -> 146.7192 | BG11: =(AZ11*BC11) -> 142.38 | BH11: =(AZ11*BD11) -> 128.0064
A12: 32/1 FULL LYCRALI SÜPREM | B12: 3600 | G12: =(B12*C12) -> 0 | H12: =(B12*D12) -> 0 | I12: =(B12*E12) -> 0 | J12: =(B12*F12) -> 0 | L12: 3384 | Q12: =(L12*M12) -> 0 | R12: =(L12*N12) -> 0 | S12: =(L12*O12) -> 0 | T12: =(L12*P12) -> 0 | V12: 3168 | W12: 0.0657 | X12: 0.0639 | Y12: 0.0624 | Z12: 0.0568 | AA12: =(V12*W12) -> 208.1376 | AB12: =(V12*X12) -> 202.4352 | AC12: =(V12*Y12) -> 197.6832 | AD12: =(V12*Z12) -> 179.9424 | AF12: 3052 | AG12: 0.0634 | AH12: 0.0616 | AI12: 0.0602 | AJ12: 0.0548 | AK12: =(AF12*AG12) -> 193.4968 | AL12: =(AF12*AH12) -> 188.0032 | AM12: =(AF12*AI12) -> 183.7304 | AN12: =(AF12*AJ12) -> 167.2496 | AP12: 2928 | AQ12: 0.0611 | AR12: 0.0593 | AS12: 0.058 | AT12: 0.0528 | AU12: =(AP12*AQ12) -> 178.9008 | AV12: =(AP12*AR12) -> 173.6304 | AW12: =(AP12*AS12) -> 169.824 | AX12: =(AP12*AT12) -> 154.5984 | AZ12: 2712 | BA12: 0.0564 | BB12: 0.0547 | BC12: 0.0535 | BD12: 0.0487 | BE12: =(AZ12*BA12) -> 152.9568 | BF12: =(AZ12*BB12) -> 148.3464 | BG12: =(AZ12*BC12) -> 145.092 | BH12: =(AZ12*BD12) -> 132.0744
A13: 30/1 FULL LYCRALI SÜPREM | B13: 3600 | G13: =(B13*C13) -> 0 | H13: =(B13*D13) -> 0 | I13: =(B13*E13) -> 0 | J13: =(B13*F13) -> 0 | L13: 3384 | Q13: =(L13*M13) -> 0 | R13: =(L13*N13) -> 0 | S13: =(L13*O13) -> 0 | T13: =(L13*P13) -> 0 | V13: 3168 | W13: 0.0665 | X13: 0.0646 | Y13: 0.0627 | Z13: 0.0572 | AA13: =(V13*W13) -> 210.672 | AB13: =(V13*X13) -> 204.6528 | AC13: =(V13*Y13) -> 198.6336 | AD13: =(V13*Z13) -> 181.2096 | AF13: 3052 | AG13: 0.0641 | AH13: 0.0623 | AI13: 0.0605 | AJ13: 0.0552 | AK13: =(AF13*AG13) -> 195.6332 | AL13: =(AF13*AH13) -> 190.1396 | AM13: =(AF13*AI13) -> 184.646 | AN13: =(AF13*AJ13) -> 168.4704 | AP13: 2928 | AQ13: 0.0617 | AR13: 0.06 | AS13: 0.0583 | AT13: 0.0532 | AU13: =(AP13*AQ13) -> 180.6576 | AV13: =(AP13*AR13) -> 175.68 | AW13: =(AP13*AS13) -> 170.7024 | AX13: =(AP13*AT13) -> 155.7696 | AZ13: 2712 | BA13: 0.057 | BB13: 0.0554 | BC13: 0.0538 | BD13: 0.0491 | BE13: =(AZ13*BA13) -> 154.584 | BF13: =(AZ13*BB13) -> 150.2448 | BG13: =(AZ13*BC13) -> 145.9056 | BH13: =(AZ13*BD13) -> 133.1592
A14: 28/1 FULL LYCRALI SÜPREM | B14: 3600 | G14: =(B14*C14) -> 0 | H14: =(B14*D14) -> 0 | I14: =(B14*E14) -> 0 | J14: =(B14*F14) -> 0 | L14: 3384 | Q14: =(L14*M14) -> 0 | R14: =(L14*N14) -> 0 | S14: =(L14*O14) -> 0 | T14: =(L14*P14) -> 0 | V14: 3168 | W14: 0.0713 | X14: 0.0693 | Y14: 0.0672 | Z14: 0.0613 | AA14: =(V14*W14) -> 225.8784 | AB14: =(V14*X14) -> 219.5424 | AC14: =(V14*Y14) -> 212.8896 | AD14: =(V14*Z14) -> 194.1984 | AF14: 3052 | AG14: 0.0688 | AH14: 0.0668 | AI14: 0.0648 | AJ14: 0.0591 | AK14: =(AF14*AG14) -> 209.9776 | AL14: =(AF14*AH14) -> 203.8736 | AM14: =(AF14*AI14) -> 197.7696 | AN14: =(AF14*AJ14) -> 180.3732 | AP14: 2928 | AQ14: 0.0663 | AR14: 0.0643 | AS14: 0.0624 | AT14: 0.0569 | AU14: =(AP14*AQ14) -> 194.1264 | AV14: =(AP14*AR14) -> 188.2704 | AW14: =(AP14*AS14) -> 182.7072 | AX14: =(AP14*AT14) -> 166.6032 | AZ14: 2712 | BA14: 0.0612 | BB14: 0.0594 | BC14: 0.0576 | BD14: 0.0525 | BE14: =(AZ14*BA14) -> 165.9744 | BF14: =(AZ14*BB14) -> 161.0928 | BG14: =(AZ14*BC14) -> 156.2112 | BH14: =(AZ14*BD14) -> 142.38
A15: 26/1 FULL LYCRALI SÜPREM | B15: 3600 | G15: =(B15*C15) -> 0 | H15: =(B15*D15) -> 0 | I15: =(B15*E15) -> 0 | J15: =(B15*F15) -> 0 | L15: 3384 | Q15: =(L15*M15) -> 0 | R15: =(L15*N15) -> 0 | S15: =(L15*O15) -> 0 | T15: =(L15*P15) -> 0 | V15: 3168 | W15: 0.0767 | X15: 0.0746 | Y15: 0.0724 | Z15: 0.0661 | AA15: =(V15*W15) -> 242.9856 | AB15: =(V15*X15) -> 236.3328 | AC15: =(V15*Y15) -> 229.3632 | AD15: =(V15*Z15) -> 209.4048 | AF15: 3052 | AG15: 0.074 | AH15: 0.0719 | AI15: 0.0698 | AJ15: 0.0637 | AK15: =(AF15*AG15) -> 225.848 | AL15: =(AF15*AH15) -> 219.4388 | AM15: =(AF15*AI15) -> 213.0296 | AN15: =(AF15*AJ15) -> 194.4124 | AP15: 2928 | AQ15: 0.0713 | AR15: 0.0692 | AS15: 0.0672 | AT15: 0.0613 | AU15: =(AP15*AQ15) -> 208.7664 | AV15: =(AP15*AR15) -> 202.6176 | AW15: =(AP15*AS15) -> 196.7616 | AX15: =(AP15*AT15) -> 179.4864 | AZ15: 2712 | BA15: 0.0658 | BB15: 0.0639 | BC15: 0.062 | BD15: 0.0566 | BE15: =(AZ15*BA15) -> 178.4496 | BF15: =(AZ15*BB15) -> 173.2968 | BG15: =(AZ15*BC15) -> 168.144 | BH15: =(AZ15*BD15) -> 153.4992
A16: 24/1 FULL LYCRALI SÜPREM | B16: 3600 | G16: =(B16*C16) -> 0 | H16: =(B16*D16) -> 0 | I16: =(B16*E16) -> 0 | J16: =(B16*F16) -> 0 | L16: 3384 | Q16: =(L16*M16) -> 0 | R16: =(L16*N16) -> 0 | S16: =(L16*O16) -> 0 | T16: =(L16*P16) -> 0 | V16: 3168 | W16: 0.0832 | X16: 0.0808 | Y16: 0.0784 | Z16: 0.0716 | AA16: =(V16*W16) -> 263.5776 | AB16: =(V16*X16) -> 255.9744 | AC16: =(V16*Y16) -> 248.3712 | AD16: =(V16*Z16) -> 226.8288 | AF16: 3052 | AG16: 0.0802 | AH16: 0.0779 | AI16: 0.0756 | AJ16: 0.069 | AK16: =(AF16*AG16) -> 244.7704 | AL16: =(AF16*AH16) -> 237.7508 | AM16: =(AF16*AI16) -> 230.7312 | AN16: =(AF16*AJ16) -> 210.588 | AP16: 2928 | AQ16: 0.0772 | AR16: 0.075 | AS16: 0.0728 | AT16: 0.0664 | AU16: =(AP16*AQ16) -> 226.0416 | AV16: =(AP16*AR16) -> 219.6 | AW16: =(AP16*AS16) -> 213.1584 | AX16: =(AP16*AT16) -> 194.4192 | AZ16: 2712 | BA16: 0.0713 | BB16: 0.0692 | BC16: 0.0672 | BD16: 0.0613 | BE16: =(AZ16*BA16) -> 193.3656 | BF16: =(AZ16*BB16) -> 187.6704 | BG16: =(AZ16*BC16) -> 182.2464 | BH16: =(AZ16*BD16) -> 166.2456
A17: 34 PUSS
B18: Mk. | C18: 20 Dny | D18: 30 Dny | E18: 40 Dny | F18: 70 Dny | G18: 32 Fayn | L18: Mk. | M18: 20 Dny | N18: 30 Dny | O18: 40 Dny | P18: 70 Dny | Q18: 30 Fayn | V18: Mk. | W18: 20 Dny | X18: 30 Dny | Y18: 40 Dny | Z18: 70 Dny | AA18: 28 Fayn | AF18: Mk. | AG18: 20 Dny | AH18: 30 Dny | AI18: 40 Dny | AJ18: 70 Dny | AK18: 27 Fayn | AP18: Mk. | AQ18: 20 Dny | AR18: 30 Dny | AS18: 40 Dny | AT18: 70 Dny | AU18: 26 Fayn | AZ18: Mk. | BA18: 20 Dny | BB18: 30 Dny | BC18: 40 Dny | BD18: 70 Dny | BE18: 24 Fayn
A19: KUMAŞ CİNSİ | B19: İğne | C19: May | D19: May | E19: May | F19: May | G19: 20 | H19: 30 | I19: 40 | J19: 70 | L19: İğne | M19: May | N19: May | O19: May | P19: May | Q19: 20 | R19: 30 | S19: 40 | T19: 70 | V19: İğne | W19: May | X19: May | Y19: May | Z19: May | AA19: 20 | AB19: 30 | AC19: 40 | AD19: 70 | AF19: İğne | AG19: May | AH19: May | AI19: May | AJ19: May | AK19: 20 | AL19: 30 | AM19: 40 | AN19: 70 | AP19: İğne | AQ19: May | AR19: May | AS19: May | AT19: May | AU19: 20 | AV19: 30 | AW19: 40 | AX19: 70 | AZ19: İğne | BA19: May | BB19: May | BC19: May | BD19: May | BE19: 20 | BF19: 30 | BG19: 40 | BH19: 70
B20: Sayısı | C20: Genişliği | D20: Genişliği | E20: Genişliği | F20: Genişliği | G20: Dny | H20: Dny | I20: Dny | J20: Dny | L20: Sayısı | M20: Genişliği | N20: Genişliği | O20: Genişliği | P20: Genişliği | Q20: Dny | R20: Dny | S20: Dny | T20: Dny | V20: Sayısı | W20: Genişliği | X20: Genişliği | Y20: Genişliği | Z20: Genişliği | AA20: Dny | AB20: Dny | AC20: Dny | AD20: Dny | AF20: Sayısı | AG20: Genişliği | AH20: Genişliği | AI20: Genişliği | AJ20: Genişliği | AK20: Dny | AL20: Dny | AM20: Dny | AN20: Dny | AP20: Sayısı | AQ20: Genişliği | AR20: Genişliği | AS20: Genişliği | AT20: Genişliği | AU20: Dny | AV20: Dny | AW20: Dny | AX20: Dny | AZ20: Sayısı | BA20: Genişliği | BB20: Genişliği | BC20: Genişliği | BD20: Genişliği | BE20: Dny | BF20: Dny | BG20: Dny | BH20: Dny
A21: 80/1 FULL LYCRALI SÜPREM | B21: 3408 | C21: 0.0359 | D21: 0.035 | E21: 0.0338 | F21: 0.029 | G21: =(B21*C21) -> 122.3472 | H21: =(B21*D21) -> 119.28 | I21: =(B21*E21) -> 115.1904 | J21: =(B21*F21) -> 98.832 | L21: 3192 | M21: 0.0336 | N21: 0.0328 | O21: 0.0317 | P21: 0.0272 | Q21: =(L21*M21) -> 107.2512 | R21: =(L21*N21) -> 104.6976 | S21: =(L21*O21) -> 101.1864 | T21: =(L21*P21) -> 86.8224 | V21: 2976 | W21: 0.0314 | X21: 0.0306 | Y21: 0.0296 | Z21: 0.0254 | AA21: =(V21*W21) -> 93.4464 | AB21: =(V21*X21) -> 91.0656 | AC21: =(V21*Y21) -> 88.0896 | AD21: =(V21*Z21) -> 75.5904 | AF21: 2880 | AK21: =(AF21*AG21) -> 0 | AL21: =(AF21*AH21) -> 0 | AM21: =(AF21*AI21) -> 0 | AN21: =(AF21*AJ21) -> 0 | AP21: 2760 | AU21: =(AP21*AQ21) -> 0 | AV21: =(AP21*AR21) -> 0 | AW21: =(AP21*AS21) -> 0 | AX21: =(AP21*AT21) -> 0 | AZ21: 2544 | BE21: =(AZ21*BA21) -> 0 | BF21: =(AZ21*BB21) -> 0 | BG21: =(AZ21*BC21) -> 0 | BH21: =(AZ21*BD21) -> 0
A22: 60/1 FULL LYCRALI SÜPREM | B22: 3408 | C22: 0.0478 | D22: 0.0466 | E22: 0.045 | F22: 0.0387 | G22: =(B22*C22) -> 162.9024 | H22: =(B22*D22) -> 158.8128 | I22: =(B22*E22) -> 153.36 | J22: =(B22*F22) -> 131.8896 | L22: 3192 | M22: 0.0448 | N22: 0.0437 | O22: 0.0422 | P22: 0.0363 | Q22: =(L22*M22) -> 143.0016 | R22: =(L22*N22) -> 139.4904 | S22: =(L22*O22) -> 134.7024 | T22: =(L22*P22) -> 115.8696 | V22: 2976 | W22: 0.0418 | X22: 0.0407 | Y22: 0.0394 | Z22: 0.0339 | AA22: =(V22*W22) -> 124.3968 | AB22: =(V22*X22) -> 121.1232 | AC22: =(V22*Y22) -> 117.2544 | AD22: =(V22*Z22) -> 100.8864 | AF22: 2880 | AK22: =(AF22*AG22) -> 0 | AL22: =(AF22*AH22) -> 0 | AM22: =(AF22*AI22) -> 0 | AN22: =(AF22*AJ22) -> 0 | AP22: 2760 | AU22: =(AP22*AQ22) -> 0 | AV22: =(AP22*AR22) -> 0 | AW22: =(AP22*AS22) -> 0 | AX22: =(AP22*AT22) -> 0 | AZ22: 2544 | BE22: =(AZ22*BA22) -> 0 | BF22: =(AZ22*BB22) -> 0 | BG22: =(AZ22*BC22) -> 0 | BH22: =(AZ22*BD22) -> 0
A23: 50/1 FULL LYCRALI SÜPREM | B23: 3408 | C23: 0.0574 | D23: 0.0559 | E23: 0.054 | F23: 0.0465 | G23: =(B23*C23) -> 195.6192 | H23: =(B23*D23) -> 190.5072 | I23: =(B23*E23) -> 184.032 | J23: =(B23*F23) -> 158.472 | L23: 3192 | M23: 0.0538 | N23: 0.0524 | O23: 0.0507 | P23: 0.0443 | Q23: =(L23*M23) -> 171.7296 | R23: =(L23*N23) -> 167.2608 | S23: =(L23*O23) -> 161.8344 | T23: =(L23*P23) -> 141.4056 | V23: 2976 | W23: 0.0502 | X23: 0.0489 | Y23: 0.0473 | Z23: 0.0414 | AA23: =(V23*W23) -> 149.3952 | AB23: =(V23*X23) -> 145.5264 | AC23: =(V23*Y23) -> 140.7648 | AD23: =(V23*Z23) -> 123.2064 | AF23: 2880 | AG23: 0.0484 | AH23: 0.0471 | AI23: 0.0456 | AJ23: 0.0399 | AK23: =(AF23*AG23) -> 139.392 | AL23: =(AF23*AH23) -> 135.648 | AM23: =(AF23*AI23) -> 131.328 | AN23: =(AF23*AJ23) -> 114.912 | AP23: 2760 | AU23: =(AP23*AQ23) -> 0 | AV23: =(AP23*AR23) -> 0 | AW23: =(AP23*AS23) -> 0 | AX23: =(AP23*AT23) -> 0 | AZ23: 2544 | BE23: =(AZ23*BA23) -> 0 | BF23: =(AZ23*BB23) -> 0 | BG23: =(AZ23*BC23) -> 0 | BH23: =(AZ23*BD23) -> 0
A24: 40/1 FULL LYCRALI SÜPREM | B24: 3408 | G24: =(B24*C24) -> 0 | H24: =(B24*D24) -> 0 | I24: =(B24*E24) -> 0 | J24: =(B24*F24) -> 0 | L24: 3192 | M24: 0.0672 | N24: 0.0655 | O24: 0.0633 | P24: 0.0554 | Q24: =(L24*M24) -> 214.5024 | R24: =(L24*N24) -> 209.076 | S24: =(L24*O24) -> 202.0536 | T24: =(L24*P24) -> 176.8368 | V24: 2976 | W24: 0.0627 | X24: 0.0611 | Y24: 0.0591 | Z24: 0.0517 | AA24: =(V24*W24) -> 186.5952 | AB24: =(V24*X24) -> 181.8336 | AC24: =(V24*Y24) -> 175.8816 | AD24: =(V24*Z24) -> 153.8592 | AF24: 2880 | AG24: 0.0605 | AH24: 0.0588 | AI24: 0.057 | AJ24: 0.0499 | AK24: =(AF24*AG24) -> 174.24 | AL24: =(AF24*AH24) -> 169.344 | AM24: =(AF24*AI24) -> 164.16 | AN24: =(AF24*AJ24) -> 143.712 | AP24: 2760 | AQ24: 0.0583 | AR24: 0.0566 | AS24: 0.0549 | AT24: 0.0481 | AU24: =(AP24*AQ24) -> 160.908 | AV24: =(AP24*AR24) -> 156.216 | AW24: =(AP24*AS24) -> 151.524 | AX24: =(AP24*AT24) -> 132.756 | AZ24: 2544 | BA24: 0.0538 | BB24: 0.0522 | BC24: 0.0507 | BD24: 0.0444 | BE24: =(AZ24*BA24) -> 136.8672 | BF24: =(AZ24*BB24) -> 132.7968 | BG24: =(AZ24*BC24) -> 128.9808 | BH24: =(AZ24*BD24) -> 112.9536
A25: 36/1 FULL LYCRALI SÜPREM | B25: 3408 | G25: =(B25*C25) -> 0 | H25: =(B25*D25) -> 0 | I25: =(B25*E25) -> 0 | J25: =(B25*F25) -> 0 | L25: 3192 | Q25: =(L25*M25) -> 0 | R25: =(L25*N25) -> 0 | S25: =(L25*O25) -> 0 | T25: =(L25*P25) -> 0 | V25: 2976 | W25: 0.0642 | X25: 0.0624 | Y25: 0.0606 | Z25: 0.0539 | AA25: =(V25*W25) -> 191.0592 | AB25: =(V25*X25) -> 185.7024 | AC25: =(V25*Y25) -> 180.3456 | AD25: =(V25*Z25) -> 160.4064 | AF25: 2880 | AG25: 0.0619 | AH25: 0.0602 | AI25: 0.0584 | AJ25: 0.052 | AK25: =(AF25*AG25) -> 178.272 | AL25: =(AF25*AH25) -> 173.376 | AM25: =(AF25*AI25) -> 168.192 | AN25: =(AF25*AJ25) -> 149.76 | AP25: 2760 | AQ25: 0.0596 | AR25: 0.058 | AS25: 0.0562 | AT25: 0.0501 | AU25: =(AP25*AQ25) -> 164.496 | AV25: =(AP25*AR25) -> 160.08 | AW25: =(AP25*AS25) -> 155.112 | AX25: =(AP25*AT25) -> 138.276 | AZ25: 2544 | BA25: 0.055 | BB25: 0.0535 | BC25: 0.0519 | BD25: 0.0462 | BE25: =(AZ25*BA25) -> 139.92 | BF25: =(AZ25*BB25) -> 136.104 | BG25: =(AZ25*BC25) -> 132.0336 | BH25: =(AZ25*BD25) -> 117.5328
A26: 34/1 FULL LYCRALI SÜPREM | B26: 3408 | G26: =(B26*C26) -> 0 | H26: =(B26*D26) -> 0 | I26: =(B26*E26) -> 0 | J26: =(B26*F26) -> 0 | L26: 3192 | Q26: =(L26*M26) -> 0 | R26: =(L26*N26) -> 0 | S26: =(L26*O26) -> 0 | T26: =(L26*P26) -> 0 | V26: 2976 | W26: 0.065 | X26: 0.0632 | Y26: 0.0613 | Z26: 0.0551 | AA26: =(V26*W26) -> 193.44 | AB26: =(V26*X26) -> 188.0832 | AC26: =(V26*Y26) -> 182.4288 | AD26: =(V26*Z26) -> 163.9776 | AF26: 2880 | AG26: 0.0627 | AH26: 0.0609 | AI26: 0.0591 | AJ26: 0.0531 | AK26: =(AF26*AG26) -> 180.576 | AL26: =(AF26*AH26) -> 175.392 | AM26: =(AF26*AI26) -> 170.208 | AN26: =(AF26*AJ26) -> 152.928 | AP26: 2760 | AQ26: 0.0604 | AR26: 0.0586 | AS26: 0.0569 | AT26: 0.0511 | AU26: =(AP26*AQ26) -> 166.704 | AV26: =(AP26*AR26) -> 161.736 | AW26: =(AP26*AS26) -> 157.044 | AX26: =(AP26*AT26) -> 141.036 | AZ26: 2544 | BA26: 0.0558 | BB26: 0.0541 | BC26: 0.0525 | BD26: 0.0472 | BE26: =(AZ26*BA26) -> 141.9552 | BF26: =(AZ26*BB26) -> 137.6304 | BG26: =(AZ26*BC26) -> 133.56 | BH26: =(AZ26*BD26) -> 120.0768
A27: 32/1 FULL LYCRALI SÜPREM | B27: 3408 | G27: =(B27*C27) -> 0 | H27: =(B27*D27) -> 0 | I27: =(B27*E27) -> 0 | J27: =(B27*F27) -> 0 | L27: 3192 | Q27: =(L27*M27) -> 0 | R27: =(L27*N27) -> 0 | S27: =(L27*O27) -> 0 | T27: =(L27*P27) -> 0 | V27: 2976 | W27: 0.0657 | X27: 0.0639 | Y27: 0.0624 | Z27: 0.0568 | AA27: =(V27*W27) -> 195.5232 | AB27: =(V27*X27) -> 190.1664 | AC27: =(V27*Y27) -> 185.7024 | AD27: =(V27*Z27) -> 169.0368 | AF27: 2880 | AG27: 0.0634 | AH27: 0.0616 | AI27: 0.0602 | AJ27: 0.0548 | AK27: =(AF27*AG27) -> 182.592 | AL27: =(AF27*AH27) -> 177.408 | AM27: =(AF27*AI27) -> 173.376 | AN27: =(AF27*AJ27) -> 157.824 | AP27: 2760 | AQ27: 0.0611 | AR27: 0.0593 | AS27: 0.058 | AT27: 0.0528 | AU27: =(AP27*AQ27) -> 168.636 | AV27: =(AP27*AR27) -> 163.668 | AW27: =(AP27*AS27) -> 160.08 | AX27: =(AP27*AT27) -> 145.728 | AZ27: 2544 | BA27: 0.0564 | BB27: 0.0547 | BC27: 0.0535 | BD27: 0.0487 | BE27: =(AZ27*BA27) -> 143.4816 | BF27: =(AZ27*BB27) -> 139.1568 | BG27: =(AZ27*BC27) -> 136.104 | BH27: =(AZ27*BD27) -> 123.8928
A28: 30/1 FULL LYCRALI SÜPREM | B28: 3408 | G28: =(B28*C28) -> 0 | H28: =(B28*D28) -> 0 | I28: =(B28*E28) -> 0 | J28: =(B28*F28) -> 0 | L28: 3192 | Q28: =(L28*M28) -> 0 | R28: =(L28*N28) -> 0 | S28: =(L28*O28) -> 0 | T28: =(L28*P28) -> 0 | V28: 2976 | W28: 0.0665 | X28: 0.0646 | Y28: 0.0627 | Z28: 0.0572 | AA28: =(V28*W28) -> 197.904 | AB28: =(V28*X28) -> 192.2496 | AC28: =(V28*Y28) -> 186.5952 | AD28: =(V28*Z28) -> 170.2272 | AF28: 2880 | AG28: 0.0641 | AH28: 0.0623 | AI28: 0.0605 | AJ28: 0.0552 | AK28: =(AF28*AG28) -> 184.608 | AL28: =(AF28*AH28) -> 179.424 | AM28: =(AF28*AI28) -> 174.24 | AN28: =(AF28*AJ28) -> 158.976 | AP28: 2760 | AQ28: 0.0617 | AR28: 0.06 | AS28: 0.0583 | AT28: 0.0532 | AU28: =(AP28*AQ28) -> 170.292 | AV28: =(AP28*AR28) -> 165.6 | AW28: =(AP28*AS28) -> 160.908 | AX28: =(AP28*AT28) -> 146.832 | AZ28: 2544 | BA28: 0.057 | BB28: 0.0554 | BC28: 0.0538 | BD28: 0.0491 | BE28: =(AZ28*BA28) -> 145.008 | BF28: =(AZ28*BB28) -> 140.9376 | BG28: =(AZ28*BC28) -> 136.8672 | BH28: =(AZ28*BD28) -> 124.9104
A29: 28/1 FULL LYCRALI SÜPREM | B29: 3408 | G29: =(B29*C29) -> 0 | H29: =(B29*D29) -> 0 | I29: =(B29*E29) -> 0 | J29: =(B29*F29) -> 0 | L29: 3192 | Q29: =(L29*M29) -> 0 | R29: =(L29*N29) -> 0 | S29: =(L29*O29) -> 0 | T29: =(L29*P29) -> 0 | V29: 2976 | W29: 0.0713 | X29: 0.0693 | Y29: 0.0672 | Z29: 0.0613 | AA29: =(V29*W29) -> 212.1888 | AB29: =(V29*X29) -> 206.2368 | AC29: =(V29*Y29) -> 199.9872 | AD29: =(V29*Z29) -> 182.4288 | AF29: 2880 | AG29: 0.0688 | AH29: 0.0668 | AI29: 0.0648 | AJ29: 0.0591 | AK29: =(AF29*AG29) -> 198.144 | AL29: =(AF29*AH29) -> 192.384 | AM29: =(AF29*AI29) -> 186.624 | AN29: =(AF29*AJ29) -> 170.208 | AP29: 2760 | AQ29: 0.0663 | AR29: 0.0643 | AS29: 0.0624 | AT29: 0.0569 | AU29: =(AP29*AQ29) -> 182.988 | AV29: =(AP29*AR29) -> 177.468 | AW29: =(AP29*AS29) -> 172.224 | AX29: =(AP29*AT29) -> 157.044 | AZ29: 2522 | BA29: 0.0612 | BB29: 0.0594 | BC29: 0.0576 | BD29: 0.0525 | BE29: =(AZ29*BA29) -> 154.3464 | BF29: =(AZ29*BB29) -> 149.8068 | BG29: =(AZ29*BC29) -> 145.2672 | BH29: =(AZ29*BD29) -> 132.405
A30: 26/1 FULL LYCRALI SÜPREM | B30: 3408 | G30: =(B30*C30) -> 0 | H30: =(B30*D30) -> 0 | I30: =(B30*E30) -> 0 | J30: =(B30*F30) -> 0 | L30: 3192 | Q30: =(L30*M30) -> 0 | R30: =(L30*N30) -> 0 | S30: =(L30*O30) -> 0 | T30: =(L30*P30) -> 0 | V30: 2976 | W30: 0.0767 | X30: 0.0746 | Y30: 0.0724 | Z30: 0.0661 | AA30: =(V30*W30) -> 228.2592 | AB30: =(V30*X30) -> 222.0096 | AC30: =(V30*Y30) -> 215.4624 | AD30: =(V30*Z30) -> 196.7136 | AF30: 2880 | AG30: 0.074 | AH30: 0.0719 | AI30: 0.0698 | AJ30: 0.0637 | AK30: =(AF30*AG30) -> 213.12 | AL30: =(AF30*AH30) -> 207.072 | AM30: =(AF30*AI30) -> 201.024 | AN30: =(AF30*AJ30) -> 183.456 | AP30: 2760 | AQ30: 0.0713 | AR30: 0.0692 | AS30: 0.0672 | AT30: 0.0613 | AU30: =(AP30*AQ30) -> 196.788 | AV30: =(AP30*AR30) -> 190.992 | AW30: =(AP30*AS30) -> 185.472 | AX30: =(AP30*AT30) -> 169.188 | AZ30: 2544 | BA30: 0.0658 | BB30: 0.0639 | BC30: 0.062 | BD30: 0.0566 | BE30: =(AZ30*BA30) -> 167.3952 | BF30: =(AZ30*BB30) -> 162.5616 | BG30: =(AZ30*BC30) -> 157.728 | BH30: =(AZ30*BD30) -> 143.9904
A31: 24/1 FULL LYCRALI SÜPREM | B31: 3408 | G31: =(B31*C31) -> 0 | H31: =(B31*D31) -> 0 | I31: =(B31*E31) -> 0 | J31: =(B31*F31) -> 0 | L31: 3192 | Q31: =(L31*M31) -> 0 | R31: =(L31*N31) -> 0 | S31: =(L31*O31) -> 0 | T31: =(L31*P31) -> 0 | V31: 2976 | W31: 0.0832 | X31: 0.0808 | Y31: 0.0784 | Z31: 0.0716 | AA31: =(V31*W31) -> 247.6032 | AB31: =(V31*X31) -> 240.4608 | AC31: =(V31*Y31) -> 233.3184 | AD31: =(V31*Z31) -> 213.0816 | AF31: 2880 | AG31: 0.0802 | AH31: 0.0779 | AI31: 0.0756 | AJ31: 0.069 | AK31: =(AF31*AG31) -> 230.976 | AL31: =(AF31*AH31) -> 224.352 | AM31: =(AF31*AI31) -> 217.728 | AN31: =(AF31*AJ31) -> 198.72 | AP31: 2760 | AQ31: 0.0772 | AR31: 0.075 | AS31: 0.0728 | AT31: 0.0664 | AU31: =(AP31*AQ31) -> 213.072 | AV31: =(AP31*AR31) -> 207 | AW31: =(AP31*AS31) -> 200.928 | AX31: =(AP31*AT31) -> 183.264 | AZ31: 2544 | BA31: 0.0713 | BB31: 0.0692 | BC31: 0.0672 | BD31: 0.0613 | BE31: =(AZ31*BA31) -> 181.3872 | BF31: =(AZ31*BB31) -> 176.0448 | BG31: =(AZ31*BC31) -> 170.9568 | BH31: =(AZ31*BD31) -> 155.9472
A32: 32 PUSS
B33: Mk. | C33: 20 Dny | D33: 30 Dny | E33: 40 Dny | F33: 70 Dny | G33: 32 Fayn | L33: Mk. | M33: 20 Dny | N33: 30 Dny | O33: 40 Dny | P33: 70 Dny | Q33: 30 Fayn | V33: Mk. | W33: 20 Dny | X33: 30 Dny | Y33: 40 Dny | Z33: 70 Dny | AA33: 28 Fayn | AF33: Mk. | AG33: 20 Dny | AH33: 30 Dny | AI33: 40 Dny | AJ33: 70 Dny | AK33: 27 Fayn | AP33: Mk. | AQ33: 20 Dny | AR33: 30 Dny | AS33: 40 Dny | AT33: 70 Dny | AU33: 26 Fayn | AZ33: Mk. | BA33: 20 Dny | BB33: 30 Dny | BC33: 40 Dny | BD33: 70 Dny | BE33: 24 Fayn
A34: KUMAŞ CİNSİ | B34: İğne | C34: May | D34: May | E34: May | F34: May | G34: 20 | H34: 30 | I34: 40 | J34: 70 | L34: İğne | M34: May | N34: May | O34: May | P34: May | Q34: 20 | R34: 30 | S34: 40 | T34: 70 | V34: İğne | W34: May | X34: May | Y34: May | Z34: May | AA34: 20 | AB34: 30 | AC34: 40 | AD34: 70 | AF34: İğne | AG34: May | AH34: May | AI34: May | AJ34: May | AK34: 20 | AL34: 30 | AM34: 40 | AN34: 70 | AP34: İğne | AQ34: May | AR34: May | AS34: May | AT34: May | AU34: 20 | AV34: 30 | AW34: 40 | AX34: 70 | AZ34: İğne | BA34: May | BB34: May | BC34: May | BD34: May | BE34: 20 | BF34: 30 | BG34: 40 | BH34: 70
B35: Sayısı | C35: Genişliği | D35: Genişliği | E35: Genişliği | F35: Genişliği | G35: Dny | H35: Dny | I35: Dny | J35: Dny | L35: Sayısı | M35: Genişliği | N35: Genişliği | O35: Genişliği | P35: Genişliği | Q35: Dny | R35: Dny | S35: Dny | T35: Dny | V35: Sayısı | W35: Genişliği | X35: Genişliği | Y35: Genişliği | Z35: Genişliği | AA35: Dny | AB35: Dny | AC35: Dny | AD35: Dny | AF35: Sayısı | AG35: Genişliği | AH35: Genişliği | AI35: Genişliği | AJ35: Genişliği | AK35: Dny | AL35: Dny | AM35: Dny | AN35: Dny | AP35: Sayısı | AQ35: Genişliği | AR35: Genişliği | AS35: Genişliği | AT35: Genişliği | AU35: Dny | AV35: Dny | AW35: Dny | AX35: Dny | AZ35: Sayısı | BA35: Genişliği | BB35: Genişliği | BC35: Genişliği | BD35: Genişliği | BE35: Dny | BF35: Dny | BG35: Dny | BH35: Dny
A36: 80/1 FULL LYCRALI SÜPREM | B36: 3216 | C36: 0.0359 | D36: 0.035 | E36: 0.0338 | F36: 0.029 | G36: =(B36*C36) -> 115.4544 | H36: =(B36*D36) -> 112.56 | I36: =(B36*E36) -> 108.7008 | J36: =(B36*F36) -> 93.264 | L36: 3000 | M36: 0.0336 | N36: 0.0328 | O36: 0.0317 | P36: 0.0272 | Q36: =(L36*M36) -> 100.8 | R36: =(L36*N36) -> 98.4 | S36: =(L36*O36) -> 95.1 | T36: =(L36*P36) -> 81.6 | V36: 2808 | W36: 0.0314 | X36: 0.0306 | Y36: 0.0296 | Z36: 0.0254 | AA36: =(V36*W36) -> 88.1712 | AB36: =(V36*X36) -> 85.9248 | AC36: =(V36*Y36) -> 83.1168 | AD36: =(V36*Z36) -> 71.3232 | AF36: 2760 | AK36: =(AF36*AG36) -> 0 | AL36: =(AF36*AH36) -> 0 | AM36: =(AF36*AI36) -> 0 | AN36: =(AF36*AJ36) -> 0 | AP36: 2616 | AU36: =(AP36*AQ36) -> 0 | AV36: =(AP36*AR36) -> 0 | AW36: =(AP36*AS36) -> 0 | AX36: =(AP36*AT36) -> 0 | AZ36: 2400 | BE36: =(AZ36*BA36) -> 0 | BF36: =(AZ36*BB36) -> 0 | BG36: =(AZ36*BC36) -> 0 | BH36: =(AZ36*BD36) -> 0
A37: 60/1 FULL LYCRALI SÜPREM | B37: 3216 | C37: 0.0478 | D37: 0.0466 | E37: 0.045 | F37: 0.0387 | G37: =(B37*C37) -> 153.7248 | H37: =(B37*D37) -> 149.8656 | I37: =(B37*E37) -> 144.72 | J37: =(B37*F37) -> 124.4592 | L37: 3000 | M37: 0.0448 | N37: 0.0437 | O37: 0.0422 | P37: 0.0363 | Q37: =(L37*M37) -> 134.4 | R37: =(L37*N37) -> 131.1 | S37: =(L37*O37) -> 126.6 | T37: =(L37*P37) -> 108.9 | V37: 2808 | W37: 0.0418 | X37: 0.0407 | Y37: 0.0394 | Z37: 0.0339 | AA37: =(V37*W37) -> 117.3744 | AB37: =(V37*X37) -> 114.2856 | AC37: =(V37*Y37) -> 110.6352 | AD37: =(V37*Z37) -> 95.1912 | AF37: 2760 | AK37: =(AF37*AG37) -> 0 | AL37: =(AF37*AH37) -> 0 | AM37: =(AF37*AI37) -> 0 | AN37: =(AF37*AJ37) -> 0 | AP37: 2616 | AU37: =(AP37*AQ37) -> 0 | AV37: =(AP37*AR37) -> 0 | AW37: =(AP37*AS37) -> 0 | AX37: =(AP37*AT37) -> 0 | AZ37: 2400 | BE37: =(AZ37*BA37) -> 0 | BF37: =(AZ37*BB37) -> 0 | BG37: =(AZ37*BC37) -> 0 | BH37: =(AZ37*BD37) -> 0
A38: 50/1 FULL LYCRALI SÜPREM | B38: 3216 | C38: 0.0574 | D38: 0.0559 | E38: 0.054 | F38: 0.0465 | G38: =(B38*C38) -> 184.5984 | H38: =(B38*D38) -> 179.7744 | I38: =(B38*E38) -> 173.664 | J38: =(B38*F38) -> 149.544 | L38: 3000 | M38: 0.0538 | N38: 0.0524 | O38: 0.0507 | P38: 0.0443 | Q38: =(L38*M38) -> 161.4 | R38: =(L38*N38) -> 157.2 | S38: =(L38*O38) -> 152.1 | T38: =(L38*P38) -> 132.9 | V38: 2808 | W38: 0.0502 | X38: 0.0489 | Y38: 0.0473 | Z38: 0.0414 | AA38: =(V38*W38) -> 140.9616 | AB38: =(V38*X38) -> 137.3112 | AC38: =(V38*Y38) -> 132.8184 | AD38: =(V38*Z38) -> 116.2512 | AF38: 2760 | AG38: 0.0484 | AH38: 0.0471 | AI38: 0.0456 | AJ38: 0.0399 | AK38: =(AF38*AG38) -> 133.584 | AL38: =(AF38*AH38) -> 129.996 | AM38: =(AF38*AI38) -> 125.856 | AN38: =(AF38*AJ38) -> 110.124 | AP38: 2616 | AU38: =(AP38*AQ38) -> 0 | AV38: =(AP38*AR38) -> 0 | AW38: =(AP38*AS38) -> 0 | AX38: =(AP38*AT38) -> 0 | AZ38: 2400 | BE38: =(AZ38*BA38) -> 0 | BF38: =(AZ38*BB38) -> 0 | BG38: =(AZ38*BC38) -> 0 | BH38: =(AZ38*BD38) -> 0
A39: 40/1 FULL LYCRALI SÜPREM | B39: 3216 | G39: =(B39*C39) -> 0 | H39: =(B39*D39) -> 0 | I39: =(B39*E39) -> 0 | J39: =(B39*F39) -> 0 | L39: 3000 | M39: 0.0672 | N39: 0.0655 | O39: 0.0633 | P39: 0.0554 | Q39: =(L39*M39) -> 201.6 | R39: =(L39*N39) -> 196.5 | S39: =(L39*O39) -> 189.9 | T39: =(L39*P39) -> 166.2 | V39: 2808 | W39: 0.0627 | X39: 0.0611 | Y39: 0.0591 | Z39: 0.0517 | AA39: =(V39*W39) -> 176.0616 | AB39: =(V39*X39) -> 171.5688 | AC39: =(V39*Y39) -> 165.9528 | AD39: =(V39*Z39) -> 145.1736 | AF39: 2760 | AG39: 0.0605 | AH39: 0.0588 | AI39: 0.057 | AJ39: 0.0499 | AK39: =(AF39*AG39) -> 166.98 | AL39: =(AF39*AH39) -> 162.288 | AM39: =(AF39*AI39) -> 157.32 | AN39: =(AF39*AJ39) -> 137.724 | AP39: 2616 | AQ39: 0.0583 | AR39: 0.0566 | AS39: 0.0549 | AT39: 0.0481 | AU39: =(AP39*AQ39) -> 152.5128 | AV39: =(AP39*AR39) -> 148.0656 | AW39: =(AP39*AS39) -> 143.6184 | AX39: =(AP39*AT39) -> 125.8296 | AZ39: 2400 | BA39: 0.0538 | BB39: 0.0522 | BC39: 0.0507 | BD39: 0.0444 | BE39: =(AZ39*BA39) -> 129.12 | BF39: =(AZ39*BB39) -> 125.28 | BG39: =(AZ39*BC39) -> 121.68 | BH39: =(AZ39*BD39) -> 106.56
A40: 36/1 FULL LYCRALI SÜPREM | B40: 3216 | G40: =(B40*C40) -> 0 | H40: =(B40*D40) -> 0 | I40: =(B40*E40) -> 0 | J40: =(B40*F40) -> 0 | L40: 3000 | Q40: =(L40*M40) -> 0 | R40: =(L40*N40) -> 0 | S40: =(L40*O40) -> 0 | T40: =(L40*P40) -> 0 | V40: 2808 | W40: 0.0642 | X40: 0.0624 | Y40: 0.0606 | Z40: 0.0539 | AA40: =(V40*W40) -> 180.2736 | AB40: =(V40*X40) -> 175.2192 | AC40: =(V40*Y40) -> 170.1648 | AD40: =(V40*Z40) -> 151.3512 | AF40: 2760 | AG40: 0.0619 | AH40: 0.0602 | AI40: 0.0584 | AJ40: 0.052 | AK40: =(AF40*AG40) -> 170.844 | AL40: =(AF40*AH40) -> 166.152 | AM40: =(AF40*AI40) -> 161.184 | AN40: =(AF40*AJ40) -> 143.52 | AP40: 2616 | AQ40: 0.0596 | AR40: 0.058 | AS40: 0.0562 | AT40: 0.0501 | AU40: =(AP40*AQ40) -> 155.9136 | AV40: =(AP40*AR40) -> 151.728 | AW40: =(AP40*AS40) -> 147.0192 | AX40: =(AP40*AT40) -> 131.0616 | AZ40: 2400 | BA40: 0.055 | BB40: 0.0535 | BC40: 0.0519 | BD40: 0.0462 | BE40: =(AZ40*BA40) -> 132 | BF40: =(AZ40*BB40) -> 128.4 | BG40: =(AZ40*BC40) -> 124.56 | BH40: =(AZ40*BD40) -> 110.88
A41: 34/1 FULL LYCRALI SÜPREM | B41: 3216 | G41: =(B41*C41) -> 0 | H41: =(B41*D41) -> 0 | I41: =(B41*E41) -> 0 | J41: =(B41*F41) -> 0 | L41: 3000 | Q41: =(L41*M41) -> 0 | R41: =(L41*N41) -> 0 | S41: =(L41*O41) -> 0 | T41: =(L41*P41) -> 0 | V41: 2808 | W41: 0.065 | X41: 0.0632 | Y41: 0.0613 | Z41: 0.0551 | AA41: =(V41*W41) -> 182.52 | AB41: =(V41*X41) -> 177.4656 | AC41: =(V41*Y41) -> 172.1304 | AD41: =(V41*Z41) -> 154.7208 | AF41: 2760 | AG41: 0.0627 | AH41: 0.0609 | AI41: 0.0591 | AJ41: 0.0531 | AK41: =(AF41*AG41) -> 173.052 | AL41: =(AF41*AH41) -> 168.084 | AM41: =(AF41*AI41) -> 163.116 | AN41: =(AF41*AJ41) -> 146.556 | AP41: 2616 | AQ41: 0.0604 | AR41: 0.0586 | AS41: 0.0569 | AT41: 0.0511 | AU41: =(AP41*AQ41) -> 158.0064 | AV41: =(AP41*AR41) -> 153.2976 | AW41: =(AP41*AS41) -> 148.8504 | AX41: =(AP41*AT41) -> 133.6776 | AZ41: 2400 | BA41: 0.0558 | BB41: 0.0541 | BC41: 0.0525 | BD41: 0.0472 | BE41: =(AZ41*BA41) -> 133.92 | BF41: =(AZ41*BB41) -> 129.84 | BG41: =(AZ41*BC41) -> 126 | BH41: =(AZ41*BD41) -> 113.28
A42: 32/1 FULL LYCRALI SÜPREM | B42: 3216 | G42: =(B42*C42) -> 0 | H42: =(B42*D42) -> 0 | I42: =(B42*E42) -> 0 | J42: =(B42*F42) -> 0 | L42: 3000 | Q42: =(L42*M42) -> 0 | R42: =(L42*N42) -> 0 | S42: =(L42*O42) -> 0 | T42: =(L42*P42) -> 0 | V42: 2808 | W42: 0.0657 | X42: 0.0639 | Y42: 0.0624 | Z42: 0.0568 | AA42: =(V42*W42) -> 184.4856 | AB42: =(V42*X42) -> 179.4312 | AC42: =(V42*Y42) -> 175.2192 | AD42: =(V42*Z42) -> 159.4944 | AF42: 2760 | AG42: 0.0634 | AH42: 0.0616 | AI42: 0.0602 | AJ42: 0.0548 | AK42: =(AF42*AG42) -> 174.984 | AL42: =(AF42*AH42) -> 170.016 | AM42: =(AF42*AI42) -> 166.152 | AN42: =(AF42*AJ42) -> 151.248 | AP42: 2616 | AQ42: 0.0611 | AR42: 0.0593 | AS42: 0.058 | AT42: 0.0528 | AU42: =(AP42*AQ42) -> 159.8376 | AV42: =(AP42*AR42) -> 155.1288 | AW42: =(AP42*AS42) -> 151.728 | AX42: =(AP42*AT42) -> 138.1248 | AZ42: 2400 | BA42: 0.0564 | BB42: 0.0547 | BC42: 0.0535 | BD42: 0.0487 | BE42: =(AZ42*BA42) -> 135.36 | BF42: =(AZ42*BB42) -> 131.28 | BG42: =(AZ42*BC42) -> 128.4 | BH42: =(AZ42*BD42) -> 116.88
A43: 30/1 FULL LYCRALI SÜPREM | B43: 3216 | G43: =(B43*C43) -> 0 | H43: =(B43*D43) -> 0 | I43: =(B43*E43) -> 0 | J43: =(B43*F43) -> 0 | L43: 3000 | Q43: =(L43*M43) -> 0 | R43: =(L43*N43) -> 0 | S43: =(L43*O43) -> 0 | T43: =(L43*P43) -> 0 | V43: 2808 | W43: 0.0665 | X43: 0.0646 | Y43: 0.0627 | Z43: 0.0572 | AA43: =(V43*W43) -> 186.732 | AB43: =(V43*X43) -> 181.3968 | AC43: =(V43*Y43) -> 176.0616 | AD43: =(V43*Z43) -> 160.6176 | AF43: 2760 | AG43: 0.0641 | AH43: 0.0623 | AI43: 0.0605 | AJ43: 0.0552 | AK43: =(AF43*AG43) -> 176.916 | AL43: =(AF43*AH43) -> 171.948 | AM43: =(AF43*AI43) -> 166.98 | AN43: =(AF43*AJ43) -> 152.352 | AP43: 2616 | AQ43: 0.0617 | AR43: 0.06 | AS43: 0.0583 | AT43: 0.0532 | AU43: =(AP43*AQ43) -> 161.4072 | AV43: =(AP43*AR43) -> 156.96 | AW43: =(AP43*AS43) -> 152.5128 | AX43: =(AP43*AT43) -> 139.1712 | AZ43: 2400 | BA43: 0.057 | BB43: 0.0554 | BC43: 0.0538 | BD43: 0.0491 | BE43: =(AZ43*BA43) -> 136.8 | BF43: =(AZ43*BB43) -> 132.96 | BG43: =(AZ43*BC43) -> 129.12 | BH43: =(AZ43*BD43) -> 117.84
A44: 28/1 FULL LYCRALI SÜPREM | B44: 3216 | G44: =(B44*C44) -> 0 | H44: =(B44*D44) -> 0 | I44: =(B44*E44) -> 0 | J44: =(B44*F44) -> 0 | L44: 3000 | Q44: =(L44*M44) -> 0 | R44: =(L44*N44) -> 0 | S44: =(L44*O44) -> 0 | T44: =(L44*P44) -> 0 | V44: 2808 | W44: 0.0713 | X44: 0.0693 | Y44: 0.0672 | Z44: 0.0613 | AA44: =(V44*W44) -> 200.2104 | AB44: =(V44*X44) -> 194.5944 | AC44: =(V44*Y44) -> 188.6976 | AD44: =(V44*Z44) -> 172.1304 | AF44: 2760 | AG44: 0.0688 | AH44: 0.0668 | AI44: 0.0648 | AJ44: 0.0591 | AK44: =(AF44*AG44) -> 189.888 | AL44: =(AF44*AH44) -> 184.368 | AM44: =(AF44*AI44) -> 178.848 | AN44: =(AF44*AJ44) -> 163.116 | AP44: 2616 | AQ44: 0.0663 | AR44: 0.0643 | AS44: 0.0624 | AT44: 0.0569 | AU44: =(AP44*AQ44) -> 173.4408 | AV44: =(AP44*AR44) -> 168.2088 | AW44: =(AP44*AS44) -> 163.2384 | AX44: =(AP44*AT44) -> 148.8504 | AZ44: 2400 | BA44: 0.0612 | BB44: 0.0594 | BC44: 0.0576 | BD44: 0.0525 | BE44: =(AZ44*BA44) -> 146.88 | BF44: =(AZ44*BB44) -> 142.56 | BG44: =(AZ44*BC44) -> 138.24 | BH44: =(AZ44*BD44) -> 126
A45: 26/1 FULL LYCRALI SÜPREM | B45: 3216 | G45: =(B45*C45) -> 0 | H45: =(B45*D45) -> 0 | I45: =(B45*E45) -> 0 | J45: =(B45*F45) -> 0 | L45: 3000 | Q45: =(L45*M45) -> 0 | R45: =(L45*N45) -> 0 | S45: =(L45*O45) -> 0 | T45: =(L45*P45) -> 0 | V45: 2808 | W45: 0.0767 | X45: 0.0746 | Y45: 0.0724 | Z45: 0.0661 | AA45: =(V45*W45) -> 215.3736 | AB45: =(V45*X45) -> 209.4768 | AC45: =(V45*Y45) -> 203.2992 | AD45: =(V45*Z45) -> 185.6088 | AF45: 2760 | AG45: 0.074 | AH45: 0.0719 | AI45: 0.0698 | AJ45: 0.0637 | AK45: =(AF45*AG45) -> 204.24 | AL45: =(AF45*AH45) -> 198.444 | AM45: =(AF45*AI45) -> 192.648 | AN45: =(AF45*AJ45) -> 175.812 | AP45: 2616 | AQ45: 0.0713 | AR45: 0.0692 | AS45: 0.0672 | AT45: 0.0613 | AU45: =(AP45*AQ45) -> 186.5208 | AV45: =(AP45*AR45) -> 181.0272 | AW45: =(AP45*AS45) -> 175.7952 | AX45: =(AP45*AT45) -> 160.3608 | AZ45: 2400 | BA45: 0.0658 | BB45: 0.0639 | BC45: 0.062 | BD45: 0.0566 | BE45: =(AZ45*BA45) -> 157.92 | BF45: =(AZ45*BB45) -> 153.36 | BG45: =(AZ45*BC45) -> 148.8 | BH45: =(AZ45*BD45) -> 135.84
A46: 24/1 FULL LYCRALI SÜPREM | B46: 3216 | G46: =(B46*C46) -> 0 | H46: =(B46*D46) -> 0 | I46: =(B46*E46) -> 0 | J46: =(B46*F46) -> 0 | L46: 3000 | Q46: =(L46*M46) -> 0 | R46: =(L46*N46) -> 0 | S46: =(L46*O46) -> 0 | T46: =(L46*P46) -> 0 | V46: 2808 | W46: 0.0832 | X46: 0.0808 | Y46: 0.0784 | Z46: 0.0716 | AA46: =(V46*W46) -> 233.6256 | AB46: =(V46*X46) -> 226.8864 | AC46: =(V46*Y46) -> 220.1472 | AD46: =(V46*Z46) -> 201.0528 | AF46: 2760 | AG46: 0.0802 | AH46: 0.0779 | AI46: 0.0756 | AJ46: 0.069 | AK46: =(AF46*AG46) -> 221.352 | AL46: =(AF46*AH46) -> 215.004 | AM46: =(AF46*AI46) -> 208.656 | AN46: =(AF46*AJ46) -> 190.44 | AP46: 2616 | AQ46: 0.0772 | AR46: 0.075 | AS46: 0.0728 | AT46: 0.0664 | AU46: =(AP46*AQ46) -> 201.9552 | AV46: =(AP46*AR46) -> 196.2 | AW46: =(AP46*AS46) -> 190.4448 | AX46: =(AP46*AT46) -> 173.7024 | AZ46: 2400 | BA46: 0.0713 | BB46: 0.0692 | BC46: 0.0672 | BD46: 0.0613 | BE46: =(AZ46*BA46) -> 171.12 | BF46: =(AZ46*BB46) -> 166.08 | BG46: =(AZ46*BC46) -> 161.28 | BH46: =(AZ46*BD46) -> 147.12
A47: 30 PUSS
B48: Mk. | C48: 20 Dny | D48: 30 Dny | E48: 40 Dny | F48: 70 Dny | G48: 32 Fayn | L48: Mk. | M48: 20 Dny | N48: 30 Dny | O48: 40 Dny | P48: 70 Dny | Q48: 30 Fayn | V48: Mk. | W48: 20 Dny | X48: 30 Dny | Y48: 40 Dny | Z48: 70 Dny | AA48: 28 Fayn | AF48: Mk. | AG48: 20 Dny | AH48: 30 Dny | AI48: 40 Dny | AJ48: 70 Dny | AK48: 27 Fayn | AP48: Mk. | AQ48: 20 Dny | AR48: 30 Dny | AS48: 40 Dny | AT48: 70 Dny | AU48: 26 Fayn | AZ48: Mk. | BA48: 20 Dny | BB48: 30 Dny | BC48: 40 Dny | BD48: 70 Dny | BE48: 24 Fayn
A49: KUMAŞ CİNSİ | B49: İğne | C49: May | D49: May | E49: May | F49: May | G49: 20 | H49: 30 | I49: 40 | J49: 70 | L49: İğne | M49: May | N49: May | O49: May | P49: May | Q49: 20 | R49: 30 | S49: 40 | T49: 70 | V49: İğne | W49: May | X49: May | Y49: May | Z49: May | AA49: 20 | AB49: 30 | AC49: 40 | AD49: 70 | AF49: İğne | AG49: May | AH49: May | AI49: May | AJ49: May | AK49: 20 | AL49: 30 | AM49: 40 | AN49: 70 | AP49: İğne | AQ49: May | AR49: May | AS49: May | AT49: May | AU49: 20 | AV49: 30 | AW49: 40 | AX49: 70 | AZ49: İğne | BA49: May | BB49: May | BC49: May | BD49: May | BE49: 20 | BF49: 30 | BG49: 40 | BH49: 70
B50: Sayısı | C50: Genişliği | D50: Genişliği | E50: Genişliği | F50: Genişliği | G50: Dny | H50: Dny | I50: Dny | J50: Dny | L50: Sayısı | M50: Genişliği | N50: Genişliği | O50: Genişliği | P50: Genişliği | Q50: Dny | R50: Dny | S50: Dny | T50: Dny | V50: Sayısı | W50: Genişliği | X50: Genişliği | Y50: Genişliği | Z50: Genişliği | AA50: Dny | AB50: Dny | AC50: Dny | AD50: Dny | AF50: Sayısı | AG50: Genişliği | AH50: Genişliği | AI50: Genişliği | AJ50: Genişliği | AK50: Dny | AL50: Dny | AM50: Dny | AN50: Dny | AP50: Sayısı | AQ50: Genişliği | AR50: Genişliği | AS50: Genişliği | AT50: Genişliği | AU50: Dny | AV50: Dny | AW50: Dny | AX50: Dny | AZ50: Sayısı | BA50: Genişliği | BB50: Genişliği | BC50: Genişliği | BD50: Genişliği | BE50: Dny | BF50: Dny | BG50: Dny | BH50: Dny
A51: 80/1 FULL LYCRALI SÜPREM | B51: 3000 | C51: 0.0359 | D51: 0.035 | E51: 0.0338 | F51: 0.029 | G51: =(B51*C51) -> 107.7 | H51: =(B51*D51) -> 105 | I51: =(B51*E51) -> 101.4 | J51: =(B51*F51) -> 87 | L51: 2808 | M51: 0.0336 | N51: 0.0328 | O51: 0.0317 | P51: 0.0272 | Q51: =(L51*M51) -> 94.3488 | R51: =(L51*N51) -> 92.1024 | S51: =(L51*O51) -> 89.0136 | T51: =(L51*P51) -> 76.3776 | V51: 2640 | W51: 0.0314 | X51: 0.0306 | Y51: 0.0296 | Z51: 0.0254 | AA51: =(V51*W51) -> 82.896 | AB51: =(V51*X51) -> 80.784 | AC51: =(V51*Y51) -> 78.144 | AD51: =(V51*Z51) -> 67.056 | AF51: 2580 | AK51: =(AF51*AG51) -> 0 | AL51: =(AF51*AH51) -> 0 | AM51: =(AF51*AI51) -> 0 | AN51: =(AF51*AJ51) -> 0 | AP51: 2448 | AU51: =(AP51*AQ51) -> 0 | AV51: =(AP51*AR51) -> 0 | AW51: =(AP51*AS51) -> 0 | AX51: =(AP51*AT51) -> 0 | AZ51: 2268 | BE51: =(AZ51*BA51) -> 0 | BF51: =(AZ51*BB51) -> 0 | BG51: =(AZ51*BC51) -> 0 | BH51: =(AZ51*BD51) -> 0
A52: 60/1 FULL LYCRALI SÜPREM | B52: 3000 | C52: 0.0478 | D52: 0.0466 | E52: 0.045 | F52: 0.0387 | G52: =(B52*C52) -> 143.4 | H52: =(B52*D52) -> 139.8 | I52: =(B52*E52) -> 135 | J52: =(B52*F52) -> 116.1 | L52: 2808 | M52: 0.0448 | N52: 0.0437 | O52: 0.0422 | P52: 0.0363 | Q52: =(L52*M52) -> 125.7984 | R52: =(L52*N52) -> 122.7096 | S52: =(L52*O52) -> 118.4976 | T52: =(L52*P52) -> 101.9304 | V52: 2640 | W52: 0.0418 | X52: 0.0407 | Y52: 0.0394 | Z52: 0.0339 | AA52: =(V52*W52) -> 110.352 | AB52: =(V52*X52) -> 107.448 | AC52: =(V52*Y52) -> 104.016 | AD52: =(V52*Z52) -> 89.496 | AF52: 2580 | AK52: =(AF52*AG52) -> 0 | AL52: =(AF52*AH52) -> 0 | AM52: =(AF52*AI52) -> 0 | AN52: =(AF52*AJ52) -> 0 | AP52: 2448 | AU52: =(AP52*AQ52) -> 0 | AV52: =(AP52*AR52) -> 0 | AW52: =(AP52*AS52) -> 0 | AX52: =(AP52*AT52) -> 0 | AZ52: 2268 | BE52: =(AZ52*BA52) -> 0 | BF52: =(AZ52*BB52) -> 0 | BG52: =(AZ52*BC52) -> 0 | BH52: =(AZ52*BD52) -> 0
A53: 50/1 FULL LYCRALI SÜPREM | B53: 3000 | C53: 0.0574 | D53: 0.0559 | E53: 0.054 | F53: 0.0465 | G53: =(B53*C53) -> 172.2 | H53: =(B53*D53) -> 167.7 | I53: =(B53*E53) -> 162 | J53: =(B53*F53) -> 139.5 | L53: 2808 | M53: 0.0538 | N53: 0.0524 | O53: 0.0507 | P53: 0.0443 | Q53: =(L53*M53) -> 151.0704 | R53: =(L53*N53) -> 147.1392 | S53: =(L53*O53) -> 142.3656 | T53: =(L53*P53) -> 124.3944 | V53: 2640 | W53: 0.0502 | X53: 0.0489 | Y53: 0.0473 | Z53: 0.0414 | AA53: =(V53*W53) -> 132.528 | AB53: =(V53*X53) -> 129.096 | AC53: =(V53*Y53) -> 124.872 | AD53: =(V53*Z53) -> 109.296 | AF53: 2580 | AG53: 0.0484 | AH53: 0.0471 | AI53: 0.0456 | AJ53: 0.0399 | AK53: =(AF53*AG53) -> 124.872 | AL53: =(AF53*AH53) -> 121.518 | AM53: =(AF53*AI53) -> 117.648 | AN53: =(AF53*AJ53) -> 102.942 | AP53: 2448 | AU53: =(AP53*AQ53) -> 0 | AV53: =(AP53*AR53) -> 0 | AW53: =(AP53*AS53) -> 0 | AX53: =(AP53*AT53) -> 0 | AZ53: 2268 | BE53: =(AZ53*BA53) -> 0 | BF53: =(AZ53*BB53) -> 0 | BG53: =(AZ53*BC53) -> 0 | BH53: =(AZ53*BD53) -> 0
A54: 40/1 FULL LYCRALI SÜPREM | B54: 3000 | G54: =(B54*C54) -> 0 | H54: =(B54*D54) -> 0 | I54: =(B54*E54) -> 0 | J54: =(B54*F54) -> 0 | L54: 2808 | M54: 0.0672 | N54: 0.0655 | O54: 0.0633 | P54: 0.0554 | Q54: =(L54*M54) -> 188.6976 | R54: =(L54*N54) -> 183.924 | S54: =(L54*O54) -> 177.7464 | T54: =(L54*P54) -> 155.5632 | V54: 2640 | W54: 0.0627 | X54: 0.0611 | Y54: 0.0591 | Z54: 0.0517 | AA54: =(V54*W54) -> 165.528 | AB54: =(V54*X54) -> 161.304 | AC54: =(V54*Y54) -> 156.024 | AD54: =(V54*Z54) -> 136.488 | AF54: 2580 | AG54: 0.0605 | AH54: 0.0588 | AI54: 0.057 | AJ54: 0.0499 | AK54: =(AF54*AG54) -> 156.09 | AL54: =(AF54*AH54) -> 151.704 | AM54: =(AF54*AI54) -> 147.06 | AN54: =(AF54*AJ54) -> 128.742 | AP54: 2448 | AQ54: 0.0583 | AR54: 0.0566 | AS54: 0.0549 | AT54: 0.0481 | AU54: =(AP54*AQ54) -> 142.7184 | AV54: =(AP54*AR54) -> 138.5568 | AW54: =(AP54*AS54) -> 134.3952 | AX54: =(AP54*AT54) -> 117.7488 | AZ54: 2268 | BA54: 0.0538 | BB54: 0.0522 | BC54: 0.0507 | BD54: 0.0444 | BE54: =(AZ54*BA54) -> 122.0184 | BF54: =(AZ54*BB54) -> 118.3896 | BG54: =(AZ54*BC54) -> 114.9876 | BH54: =(AZ54*BD54) -> 100.6992
A55: 36/1 FULL LYCRALI SÜPREM | B55: 3000 | G55: =(B55*C55) -> 0 | H55: =(B55*D55) -> 0 | I55: =(B55*E55) -> 0 | J55: =(B55*F55) -> 0 | L55: 2808 | Q55: =(L55*M55) -> 0 | R55: =(L55*N55) -> 0 | S55: =(L55*O55) -> 0 | T55: =(L55*P55) -> 0 | V55: 2640 | W55: 0.0642 | X55: 0.0624 | Y55: 0.0606 | Z55: 0.0539 | AA55: =(V55*W55) -> 169.488 | AB55: =(V55*X55) -> 164.736 | AC55: =(V55*Y55) -> 159.984 | AD55: =(V55*Z55) -> 142.296 | AF55: 2580 | AG55: 0.0619 | AH55: 0.0602 | AI55: 0.0584 | AJ55: 0.052 | AK55: =(AF55*AG55) -> 159.702 | AL55: =(AF55*AH55) -> 155.316 | AM55: =(AF55*AI55) -> 150.672 | AN55: =(AF55*AJ55) -> 134.16 | AP55: 2448 | AQ55: 0.0596 | AR55: 0.058 | AS55: 0.0562 | AT55: 0.0501 | AU55: =(AP55*AQ55) -> 145.9008 | AV55: =(AP55*AR55) -> 141.984 | AW55: =(AP55*AS55) -> 137.5776 | AX55: =(AP55*AT55) -> 122.6448 | AZ55: 2268 | BA55: 0.055 | BB55: 0.0535 | BC55: 0.0519 | BD55: 0.0462 | BE55: =(AZ55*BA55) -> 124.74 | BF55: =(AZ55*BB55) -> 121.338 | BG55: =(AZ55*BC55) -> 117.7092 | BH55: =(AZ55*BD55) -> 104.7816
A56: 34/1 FULL LYCRALI SÜPREM | B56: 3000 | G56: =(B56*C56) -> 0 | H56: =(B56*D56) -> 0 | I56: =(B56*E56) -> 0 | J56: =(B56*F56) -> 0 | L56: 2808 | Q56: =(L56*M56) -> 0 | R56: =(L56*N56) -> 0 | S56: =(L56*O56) -> 0 | T56: =(L56*P56) -> 0 | V56: 2640 | W56: 0.065 | X56: 0.0632 | Y56: 0.0613 | Z56: 0.0551 | AA56: =(V56*W56) -> 171.6 | AB56: =(V56*X56) -> 166.848 | AC56: =(V56*Y56) -> 161.832 | AD56: =(V56*Z56) -> 145.464 | AF56: 2580 | AG56: 0.0627 | AH56: 0.0609 | AI56: 0.0591 | AJ56: 0.0531 | AK56: =(AF56*AG56) -> 161.766 | AL56: =(AF56*AH56) -> 157.122 | AM56: =(AF56*AI56) -> 152.478 | AN56: =(AF56*AJ56) -> 136.998 | AP56: 2448 | AQ56: 0.0604 | AR56: 0.0586 | AS56: 0.0569 | AT56: 0.0511 | AU56: =(AP56*AQ56) -> 147.8592 | AV56: =(AP56*AR56) -> 143.4528 | AW56: =(AP56*AS56) -> 139.2912 | AX56: =(AP56*AT56) -> 125.0928 | AZ56: 2268 | BA56: 0.0558 | BB56: 0.0541 | BC56: 0.0525 | BD56: 0.0472 | BE56: =(AZ56*BA56) -> 126.5544 | BF56: =(AZ56*BB56) -> 122.6988 | BG56: =(AZ56*BC56) -> 119.07 | BH56: =(AZ56*BD56) -> 107.0496
A57: 32/1 FULL LYCRALI SÜPREM | B57: 3000 | G57: =(B57*C57) -> 0 | H57: =(B57*D57) -> 0 | I57: =(B57*E57) -> 0 | J57: =(B57*F57) -> 0 | L57: 2808 | Q57: =(L57*M57) -> 0 | R57: =(L57*N57) -> 0 | S57: =(L57*O57) -> 0 | T57: =(L57*P57) -> 0 | V57: 2640 | W57: 0.0657 | X57: 0.0639 | Y57: 0.0624 | Z57: 0.0568 | AA57: =(V57*W57) -> 173.448 | AB57: =(V57*X57) -> 168.696 | AC57: =(V57*Y57) -> 164.736 | AD57: =(V57*Z57) -> 149.952 | AF57: 2580 | AG57: 0.0634 | AH57: 0.0616 | AI57: 0.0602 | AJ57: 0.0548 | AK57: =(AF57*AG57) -> 163.572 | AL57: =(AF57*AH57) -> 158.928 | AM57: =(AF57*AI57) -> 155.316 | AN57: =(AF57*AJ57) -> 141.384 | AP57: 2448 | AQ57: 0.0611 | AR57: 0.0593 | AS57: 0.058 | AT57: 0.0528 | AU57: =(AP57*AQ57) -> 149.5728 | AV57: =(AP57*AR57) -> 145.1664 | AW57: =(AP57*AS57) -> 141.984 | AX57: =(AP57*AT57) -> 129.2544 | AZ57: 2268 | BA57: 0.0564 | BB57: 0.0547 | BC57: 0.0535 | BD57: 0.0487 | BE57: =(AZ57*BA57) -> 127.9152 | BF57: =(AZ57*BB57) -> 124.0596 | BG57: =(AZ57*BC57) -> 121.338 | BH57: =(AZ57*BD57) -> 110.4516
A58: 30/1 FULL LYCRALI SÜPREM | B58: 3000 | G58: =(B58*C58) -> 0 | H58: =(B58*D58) -> 0 | I58: =(B58*E58) -> 0 | J58: =(B58*F58) -> 0 | L58: 2808 | Q58: =(L58*M58) -> 0 | R58: =(L58*N58) -> 0 | S58: =(L58*O58) -> 0 | T58: =(L58*P58) -> 0 | V58: 2640 | W58: 0.0665 | X58: 0.0646 | Y58: 0.0627 | Z58: 0.0572 | AA58: =(V58*W58) -> 175.56 | AB58: =(V58*X58) -> 170.544 | AC58: =(V58*Y58) -> 165.528 | AD58: =(V58*Z58) -> 151.008 | AF58: 2580 | AG58: 0.0641 | AH58: 0.0623 | AI58: 0.0605 | AJ58: 0.0552 | AK58: =(AF58*AG58) -> 165.378 | AL58: =(AF58*AH58) -> 160.734 | AM58: =(AF58*AI58) -> 156.09 | AN58: =(AF58*AJ58) -> 142.416 | AP58: 2448 | AQ58: 0.0617 | AR58: 0.06 | AS58: 0.0583 | AT58: 0.0532 | AU58: =(AP58*AQ58) -> 151.0416 | AV58: =(AP58*AR58) -> 146.88 | AW58: =(AP58*AS58) -> 142.7184 | AX58: =(AP58*AT58) -> 130.2336 | AZ58: 2268 | BA58: 0.057 | BB58: 0.0554 | BC58: 0.0538 | BD58: 0.0491 | BE58: =(AZ58*BA58) -> 129.276 | BF58: =(AZ58*BB58) -> 125.6472 | BG58: =(AZ58*BC58) -> 122.0184 | BH58: =(AZ58*BD58) -> 111.3588
A59: 28/1 FULL LYCRALI SÜPREM | B59: 3000 | G59: =(B59*C59) -> 0 | H59: =(B59*D59) -> 0 | I59: =(B59*E59) -> 0 | J59: =(B59*F59) -> 0 | L59: 2808 | Q59: =(L59*M59) -> 0 | R59: =(L59*N59) -> 0 | S59: =(L59*O59) -> 0 | T59: =(L59*P59) -> 0 | V59: 2640 | W59: 0.0713 | X59: 0.0693 | Y59: 0.0672 | Z59: 0.0613 | AA59: =(V59*W59) -> 188.232 | AB59: =(V59*X59) -> 182.952 | AC59: =(V59*Y59) -> 177.408 | AD59: =(V59*Z59) -> 161.832 | AF59: 2580 | AG59: 0.0688 | AH59: 0.0668 | AI59: 0.0648 | AJ59: 0.0591 | AK59: =(AF59*AG59) -> 177.504 | AL59: =(AF59*AH59) -> 172.344 | AM59: =(AF59*AI59) -> 167.184 | AN59: =(AF59*AJ59) -> 152.478 | AP59: 2448 | AQ59: 0.0663 | AR59: 0.0643 | AS59: 0.0624 | AT59: 0.0569 | AU59: =(AP59*AQ59) -> 162.3024 | AV59: =(AP59*AR59) -> 157.4064 | AW59: =(AP59*AS59) -> 152.7552 | AX59: =(AP59*AT59) -> 139.2912 | AZ59: 2268 | BA59: 0.0612 | BB59: 0.0594 | BC59: 0.0576 | BD59: 0.0525 | BE59: =(AZ59*BA59) -> 138.8016 | BF59: =(AZ59*BB59) -> 134.7192 | BG59: =(AZ59*BC59) -> 130.6368 | BH59: =(AZ59*BD59) -> 119.07
A60: 26/1 FULL LYCRALI SÜPREM | B60: 3000 | G60: =(B60*C60) -> 0 | H60: =(B60*D60) -> 0 | I60: =(B60*E60) -> 0 | J60: =(B60*F60) -> 0 | L60: 2808 | Q60: =(L60*M60) -> 0 | R60: =(L60*N60) -> 0 | S60: =(L60*O60) -> 0 | T60: =(L60*P60) -> 0 | V60: 2640 | W60: 0.0767 | X60: 0.0746 | Y60: 0.0724 | Z60: 0.0661 | AA60: =(V60*W60) -> 202.488 | AB60: =(V60*X60) -> 196.944 | AC60: =(V60*Y60) -> 191.136 | AD60: =(V60*Z60) -> 174.504 | AF60: 2580 | AG60: 0.074 | AH60: 0.0719 | AI60: 0.0698 | AJ60: 0.0637 | AK60: =(AF60*AG60) -> 190.92 | AL60: =(AF60*AH60) -> 185.502 | AM60: =(AF60*AI60) -> 180.084 | AN60: =(AF60*AJ60) -> 164.346 | AP60: 2448 | AQ60: 0.0713 | AR60: 0.0692 | AS60: 0.0672 | AT60: 0.0613 | AU60: =(AP60*AQ60) -> 174.5424 | AV60: =(AP60*AR60) -> 169.4016 | AW60: =(AP60*AS60) -> 164.5056 | AX60: =(AP60*AT60) -> 150.0624 | AZ60: 2268 | BA60: 0.0658 | BB60: 0.0639 | BC60: 0.062 | BD60: 0.0566 | BE60: =(AZ60*BA60) -> 149.2344 | BF60: =(AZ60*BB60) -> 144.9252 | BG60: =(AZ60*BC60) -> 140.616 | BH60: =(AZ60*BD60) -> 128.3688
A61: 24/1 FULL LYCRALI SÜPREM | B61: 3000 | G61: =(B61*C61) -> 0 | H61: =(B61*D61) -> 0 | I61: =(B61*E61) -> 0 | J61: =(B61*F61) -> 0 | L61: 2808 | Q61: =(L61*M61) -> 0 | R61: =(L61*N61) -> 0 | S61: =(L61*O61) -> 0 | T61: =(L61*P61) -> 0 | V61: 2640 | W61: 0.0832 | X61: 0.0808 | Y61: 0.0784 | Z61: 0.0716 | AA61: =(V61*W61) -> 219.648 | AB61: =(V61*X61) -> 213.312 | AC61: =(V61*Y61) -> 206.976 | AD61: =(V61*Z61) -> 189.024 | AF61: 2580 | AG61: 0.0802 | AH61: 0.0779 | AI61: 0.0756 | AJ61: 0.069 | AK61: =(AF61*AG61) -> 206.916 | AL61: =(AF61*AH61) -> 200.982 | AM61: =(AF61*AI61) -> 195.048 | AN61: =(AF61*AJ61) -> 178.02 | AP61: 2448 | AQ61: 0.0772 | AR61: 0.075 | AS61: 0.0728 | AT61: 0.0664 | AU61: =(AP61*AQ61) -> 188.9856 | AV61: =(AP61*AR61) -> 183.6 | AW61: =(AP61*AS61) -> 178.2144 | AX61: =(AP61*AT61) -> 162.5472 | AZ61: 2268 | BA61: 0.0713 | BB61: 0.0692 | BC61: 0.0672 | BD61: 0.0613 | BE61: =(AZ61*BA61) -> 161.7084 | BF61: =(AZ61*BB61) -> 156.9456 | BG61: =(AZ61*BC61) -> 152.4096 | BH61: =(AZ61*BD61) -> 139.0284
A62: 26 PUSS
B63: Mk. | C63: 20 Dny | D63: 30 Dny | E63: 40 Dny | F63: 70 Dny | G63: 32 Fayn | L63: Mk. | M63: 20 Dny | N63: 30 Dny | O63: 40 Dny | P63: 70 Dny | Q63: 30 Fayn | V63: Mk. | W63: 20 Dny | X63: 30 Dny | Y63: 40 Dny | Z63: 70 Dny | AA63: 28 Fayn | AF63: Mk. | AG63: 20 Dny | AH63: 30 Dny | AI63: 40 Dny | AJ63: 70 Dny | AK63: 27 Fayn | AP63: Mk. | AQ63: 20 Dny | AR63: 30 Dny | AS63: 40 Dny | AT63: 70 Dny | AU63: 26 Fayn | AZ63: Mk. | BA63: 20 Dny | BB63: 30 Dny | BC63: 40 Dny | BD63: 70 Dny | BE63: 24 Fayn
A64: KUMAŞ CİNSİ | B64: İğne | C64: May | D64: May | E64: May | F64: May | G64: 20 | H64: 30 | I64: 40 | J64: 70 | L64: İğne | M64: May | N64: May | O64: May | P64: May | Q64: 20 | R64: 30 | S64: 40 | T64: 70 | V64: İğne | W64: May | X64: May | Y64: May | Z64: May | AA64: 20 | AB64: 30 | AC64: 40 | AD64: 70 | AF64: İğne | AG64: May | AH64: May | AI64: May | AJ64: May | AK64: 20 | AL64: 30 | AM64: 40 | AN64: 70 | AP64: İğne | AQ64: May | AR64: May | AS64: May | AT64: May | AU64: 20 | AV64: 30 | AW64: 40 | AX64: 70 | AZ64: İğne | BA64: May | BB64: May | BC64: May | BD64: May | BE64: 20 | BF64: 30 | BG64: 40 | BH64: 70
B65: Sayısı | C65: Genişliği | D65: Genişliği | E65: Genişliği | F65: Genişliği | G65: Dny | H65: Dny | I65: Dny | J65: Dny | L65: Sayısı | M65: Genişliği | N65: Genişliği | O65: Genişliği | P65: Genişliği | Q65: Dny | R65: Dny | S65: Dny | T65: Dny | V65: Sayısı | W65: Genişliği | X65: Genişliği | Y65: Genişliği | Z65: Genişliği | AA65: Dny | AB65: Dny | AC65: Dny | AD65: Dny | AF65: Sayısı | AG65: Genişliği | AH65: Genişliği | AI65: Genişliği | AJ65: Genişliği | AK65: Dny | AL65: Dny | AM65: Dny | AN65: Dny | AP65: Sayısı | AQ65: Genişliği | AR65: Genişliği | AS65: Genişliği | AT65: Genişliği | AU65: Dny | AV65: Dny | AW65: Dny | AX65: Dny | AZ65: Sayısı | BA65: Genişliği | BB65: Genişliği | BC65: Genişliği | BD65: Genişliği | BE65: Dny | BF65: Dny | BG65: Dny | BH65: Dny
A66: 80/1 FULL LYCRALI SÜPREM | B66: 2604 | C66: 0.0359 | D66: 0.035 | E66: 0.0338 | F66: 0.029 | G66: =(B66*C66) -> 93.4836 | H66: =(B66*D66) -> 91.14 | I66: =(B66*E66) -> 88.0152 | J66: =(B66*F66) -> 75.516 | L66: 2448 | M66: 0.0336 | N66: 0.0328 | O66: 0.0317 | P66: 0.0272 | Q66: =(L66*M66) -> 82.2528 | R66: =(L66*N66) -> 80.2944 | S66: =(L66*O66) -> 77.6016 | T66: =(L66*P66) -> 66.5856 | V66: 2268 | W66: 0.0314 | X66: 0.0306 | Y66: 0.0296 | Z66: 0.0254 | AA66: =(V66*W66) -> 71.2152 | AB66: =(V66*X66) -> 69.4008 | AC66: =(V66*Y66) -> 67.1328 | AD66: =(V66*Z66) -> 57.6072 | AF66: 2220 | AK66: =(AF66*AG66) -> 0 | AL66: =(AF66*AH66) -> 0 | AM66: =(AF66*AI66) -> 0 | AN66: =(AF66*AJ66) -> 0 | AP66: 2124 | AU66: =(AP66*AQ66) -> 0 | AV66: =(AP66*AR66) -> 0 | AW66: =(AP66*AS66) -> 0 | AX66: =(AP66*AT66) -> 0 | AZ66: 1944 | BE66: =(AZ66*BA66) -> 0 | BF66: =(AZ66*BB66) -> 0 | BG66: =(AZ66*BC66) -> 0 | BH66: =(AZ66*BD66) -> 0
A67: 60/1 FULL LYCRALI SÜPREM | B67: 2604 | C67: 0.0478 | D67: 0.0466 | E67: 0.045 | F67: 0.0387 | G67: =(B67*C67) -> 124.4712 | H67: =(B67*D67) -> 121.3464 | I67: =(B67*E67) -> 117.18 | J67: =(B67*F67) -> 100.7748 | L67: 2448 | M67: 0.0448 | N67: 0.0437 | O67: 0.0422 | P67: 0.0363 | Q67: =(L67*M67) -> 109.6704 | R67: =(L67*N67) -> 106.9776 | S67: =(L67*O67) -> 103.3056 | T67: =(L67*P67) -> 88.8624 | V67: 2268 | W67: 0.0418 | X67: 0.0407 | Y67: 0.0394 | Z67: 0.0339 | AA67: =(V67*W67) -> 94.8024 | AB67: =(V67*X67) -> 92.3076 | AC67: =(V67*Y67) -> 89.3592 | AD67: =(V67*Z67) -> 76.8852 | AF67: 2220 | AK67: =(AF67*AG67) -> 0 | AL67: =(AF67*AH67) -> 0 | AM67: =(AF67*AI67) -> 0 | AN67: =(AF67*AJ67) -> 0 | AP67: 2124 | AU67: =(AP67*AQ67) -> 0 | AV67: =(AP67*AR67) -> 0 | AW67: =(AP67*AS67) -> 0 | AX67: =(AP67*AT67) -> 0 | AZ67: 1944 | BE67: =(AZ67*BA67) -> 0 | BF67: =(AZ67*BB67) -> 0 | BG67: =(AZ67*BC67) -> 0 | BH67: =(AZ67*BD67) -> 0
A68: 50/1 FULL LYCRALI SÜPREM | B68: 2604 | C68: 0.0574 | D68: 0.0559 | E68: 0.054 | F68: 0.0465 | G68: =(B68*C68) -> 149.4696 | H68: =(B68*D68) -> 145.5636 | I68: =(B68*E68) -> 140.616 | J68: =(B68*F68) -> 121.086 | L68: 2448 | M68: 0.0538 | N68: 0.0524 | O68: 0.0507 | P68: 0.0443 | Q68: =(L68*M68) -> 131.7024 | R68: =(L68*N68) -> 128.2752 | S68: =(L68*O68) -> 124.1136 | T68: =(L68*P68) -> 108.4464 | V68: 2268 | W68: 0.0502 | X68: 0.0489 | Y68: 0.0473 | Z68: 0.0414 | AA68: =(V68*W68) -> 113.8536 | AB68: =(V68*X68) -> 110.9052 | AC68: =(V68*Y68) -> 107.2764 | AD68: =(V68*Z68) -> 93.8952 | AF68: 2220 | AG68: 0.0484 | AH68: 0.0471 | AI68: 0.0456 | AJ68: 0.0399 | AK68: =(AF68*AG68) -> 107.448 | AL68: =(AF68*AH68) -> 104.562 | AM68: =(AF68*AI68) -> 101.232 | AN68: =(AF68*AJ68) -> 88.578 | AP68: 2124 | AU68: =(AP68*AQ68) -> 0 | AV68: =(AP68*AR68) -> 0 | AW68: =(AP68*AS68) -> 0 | AX68: =(AP68*AT68) -> 0 | AZ68: 1944 | BE68: =(AZ68*BA68) -> 0 | BF68: =(AZ68*BB68) -> 0 | BG68: =(AZ68*BC68) -> 0 | BH68: =(AZ68*BD68) -> 0
A69: 40/1 FULL LYCRALI SÜPREM | B69: 2604 | G69: =(B69*C69) -> 0 | H69: =(B69*D69) -> 0 | I69: =(B69*E69) -> 0 | J69: =(B69*F69) -> 0 | L69: 2448 | M69: 0.0672 | N69: 0.0655 | O69: 0.0633 | P69: 0.0554 | Q69: =(L69*M69) -> 164.5056 | R69: =(L69*N69) -> 160.344 | S69: =(L69*O69) -> 154.9584 | T69: =(L69*P69) -> 135.6192 | V69: 2268 | W69: 0.0627 | X69: 0.0611 | Y69: 0.0591 | Z69: 0.0517 | AA69: =(V69*W69) -> 142.2036 | AB69: =(V69*X69) -> 138.5748 | AC69: =(V69*Y69) -> 134.0388 | AD69: =(V69*Z69) -> 117.2556 | AF69: 2220 | AG69: 0.0605 | AH69: 0.0588 | AI69: 0.057 | AJ69: 0.0499 | AK69: =(AF69*AG69) -> 134.31 | AL69: =(AF69*AH69) -> 130.536 | AM69: =(AF69*AI69) -> 126.54 | AN69: =(AF69*AJ69) -> 110.778 | AP69: 2124 | AQ69: 0.0583 | AR69: 0.0566 | AS69: 0.0549 | AT69: 0.0481 | AU69: =(AP69*AQ69) -> 123.8292 | AV69: =(AP69*AR69) -> 120.2184 | AW69: =(AP69*AS69) -> 116.6076 | AX69: =(AP69*AT69) -> 102.1644 | AZ69: 1944 | BA69: 0.0538 | BB69: 0.0522 | BC69: 0.0507 | BD69: 0.0444 | BE69: =(AZ69*BA69) -> 104.5872 | BF69: =(AZ69*BB69) -> 101.4768 | BG69: =(AZ69*BC69) -> 98.5608 | BH69: =(AZ69*BD69) -> 86.3136
A70: 36/1 FULL LYCRALI SÜPREM | B70: 2604 | G70: =(B70*C70) -> 0 | H70: =(B70*D70) -> 0 | I70: =(B70*E70) -> 0 | J70: =(B70*F70) -> 0 | L70: 2448 | Q70: =(L70*M70) -> 0 | R70: =(L70*N70) -> 0 | S70: =(L70*O70) -> 0 | T70: =(L70*P70) -> 0 | V70: 2268 | W70: 0.0642 | X70: 0.0624 | Y70: 0.0606 | Z70: 0.0539 | AA70: =(V70*W70) -> 145.6056 | AB70: =(V70*X70) -> 141.5232 | AC70: =(V70*Y70) -> 137.4408 | AD70: =(V70*Z70) -> 122.2452 | AF70: 2220 | AG70: 0.0619 | AH70: 0.0602 | AI70: 0.0584 | AJ70: 0.052 | AK70: =(AF70*AG70) -> 137.418 | AL70: =(AF70*AH70) -> 133.644 | AM70: =(AF70*AI70) -> 129.648 | AN70: =(AF70*AJ70) -> 115.44 | AP70: 2124 | AQ70: 0.0596 | AR70: 0.058 | AS70: 0.0562 | AT70: 0.0501 | AU70: =(AP70*AQ70) -> 126.5904 | AV70: =(AP70*AR70) -> 123.192 | AW70: =(AP70*AS70) -> 119.3688 | AX70: =(AP70*AT70) -> 106.4124 | AZ70: 1944 | BA70: 0.055 | BB70: 0.0535 | BC70: 0.0519 | BD70: 0.0462 | BE70: =(AZ70*BA70) -> 106.92 | BF70: =(AZ70*BB70) -> 104.004 | BG70: =(AZ70*BC70) -> 100.8936 | BH70: =(AZ70*BD70) -> 89.8128
A71: 34/1 FULL LYCRALI SÜPREM | B71: 2604 | G71: =(B71*C71) -> 0 | H71: =(B71*D71) -> 0 | I71: =(B71*E71) -> 0 | J71: =(B71*F71) -> 0 | L71: 2448 | Q71: =(L71*M71) -> 0 | R71: =(L71*N71) -> 0 | S71: =(L71*O71) -> 0 | T71: =(L71*P71) -> 0 | V71: 2268 | W71: 0.065 | X71: 0.0632 | Y71: 0.0613 | Z71: 0.0551 | AA71: =(V71*W71) -> 147.42 | AB71: =(V71*X71) -> 143.3376 | AC71: =(V71*Y71) -> 139.0284 | AD71: =(V71*Z71) -> 124.9668 | AF71: 2220 | AG71: 0.0627 | AH71: 0.0609 | AI71: 0.0591 | AJ71: 0.0531 | AK71: =(AF71*AG71) -> 139.194 | AL71: =(AF71*AH71) -> 135.198 | AM71: =(AF71*AI71) -> 131.202 | AN71: =(AF71*AJ71) -> 117.882 | AP71: 2124 | AQ71: 0.0604 | AR71: 0.0586 | AS71: 0.0569 | AT71: 0.0511 | AU71: =(AP71*AQ71) -> 128.2896 | AV71: =(AP71*AR71) -> 124.4664 | AW71: =(AP71*AS71) -> 120.8556 | AX71: =(AP71*AT71) -> 108.5364 | AZ71: 1944 | BA71: 0.0558 | BB71: 0.0541 | BC71: 0.0525 | BD71: 0.0472 | BE71: =(AZ71*BA71) -> 108.4752 | BF71: =(AZ71*BB71) -> 105.1704 | BG71: =(AZ71*BC71) -> 102.06 | BH71: =(AZ71*BD71) -> 91.7568
A72: 32/1 FULL LYCRALI SÜPREM | B72: 2604 | G72: =(B72*C72) -> 0 | H72: =(B72*D72) -> 0 | I72: =(B72*E72) -> 0 | J72: =(B72*F72) -> 0 | L72: 2448 | Q72: =(L72*M72) -> 0 | R72: =(L72*N72) -> 0 | S72: =(L72*O72) -> 0 | T72: =(L72*P72) -> 0 | V72: 2268 | W72: 0.0657 | X72: 0.0639 | Y72: 0.0624 | Z72: 0.0568 | AA72: =(V72*W72) -> 149.0076 | AB72: =(V72*X72) -> 144.9252 | AC72: =(V72*Y72) -> 141.5232 | AD72: =(V72*Z72) -> 128.8224 | AF72: 2220 | AG72: 0.0634 | AH72: 0.0616 | AI72: 0.0602 | AJ72: 0.0548 | AK72: =(AF72*AG72) -> 140.748 | AL72: =(AF72*AH72) -> 136.752 | AM72: =(AF72*AI72) -> 133.644 | AN72: =(AF72*AJ72) -> 121.656 | AP72: 2124 | AQ72: 0.0611 | AR72: 0.0593 | AS72: 0.058 | AT72: 0.0528 | AU72: =(AP72*AQ72) -> 129.7764 | AV72: =(AP72*AR72) -> 125.9532 | AW72: =(AP72*AS72) -> 123.192 | AX72: =(AP72*AT72) -> 112.1472 | AZ72: 1944 | BA72: 0.0564 | BB72: 0.0547 | BC72: 0.0535 | BD72: 0.0487 | BE72: =(AZ72*BA72) -> 109.6416 | BF72: =(AZ72*BB72) -> 106.3368 | BG72: =(AZ72*BC72) -> 104.004 | BH72: =(AZ72*BD72) -> 94.6728
A73: 30/1 FULL LYCRALI SÜPREM | B73: 2604 | G73: =(B73*C73) -> 0 | H73: =(B73*D73) -> 0 | I73: =(B73*E73) -> 0 | J73: =(B73*F73) -> 0 | L73: 2448 | Q73: =(L73*M73) -> 0 | R73: =(L73*N73) -> 0 | S73: =(L73*O73) -> 0 | T73: =(L73*P73) -> 0 | V73: 2268 | W73: 0.0665 | X73: 0.0646 | Y73: 0.0627 | Z73: 0.0572 | AA73: =(V73*W73) -> 150.822 | AB73: =(V73*X73) -> 146.5128 | AC73: =(V73*Y73) -> 142.2036 | AD73: =(V73*Z73) -> 129.7296 | AF73: 2220 | AG73: 0.0641 | AH73: 0.0623 | AI73: 0.0605 | AJ73: 0.0552 | AK73: =(AF73*AG73) -> 142.302 | AL73: =(AF73*AH73) -> 138.306 | AM73: =(AF73*AI73) -> 134.31 | AN73: =(AF73*AJ73) -> 122.544 | AP73: 2124 | AQ73: 0.0617 | AR73: 0.06 | AS73: 0.0583 | AT73: 0.0532 | AU73: =(AP73*AQ73) -> 131.0508 | AV73: =(AP73*AR73) -> 127.44 | AW73: =(AP73*AS73) -> 123.8292 | AX73: =(AP73*AT73) -> 112.9968 | AZ73: 1944 | BA73: 0.057 | BB73: 0.0554 | BC73: 0.0538 | BD73: 0.0491 | BE73: =(AZ73*BA73) -> 110.808 | BF73: =(AZ73*BB73) -> 107.6976 | BG73: =(AZ73*BC73) -> 104.5872 | BH73: =(AZ73*BD73) -> 95.4504
A74: 28/1 FULL LYCRALI SÜPREM | B74: 2604 | G74: =(B74*C74) -> 0 | H74: =(B74*D74) -> 0 | I74: =(B74*E74) -> 0 | J74: =(B74*F74) -> 0 | L74: 2448 | Q74: =(L74*M74) -> 0 | R74: =(L74*N74) -> 0 | S74: =(L74*O74) -> 0 | T74: =(L74*P74) -> 0 | V74: 2268 | W74: 0.0713 | X74: 0.0693 | Y74: 0.0672 | Z74: 0.0613 | AA74: =(V74*W74) -> 161.7084 | AB74: =(V74*X74) -> 157.1724 | AC74: =(V74*Y74) -> 152.4096 | AD74: =(V74*Z74) -> 139.0284 | AF74: 2220 | AG74: 0.0688 | AH74: 0.0668 | AI74: 0.0648 | AJ74: 0.0591 | AK74: =(AF74*AG74) -> 152.736 | AL74: =(AF74*AH74) -> 148.296 | AM74: =(AF74*AI74) -> 143.856 | AN74: =(AF74*AJ74) -> 131.202 | AP74: 2124 | AQ74: 0.0663 | AR74: 0.0643 | AS74: 0.0624 | AT74: 0.0569 | AU74: =(AP74*AQ74) -> 140.8212 | AV74: =(AP74*AR74) -> 136.5732 | AW74: =(AP74*AS74) -> 132.5376 | AX74: =(AP74*AT74) -> 120.8556 | AZ74: 1944 | BA74: 0.0612 | BB74: 0.0594 | BC74: 0.0576 | BD74: 0.0525 | BE74: =(AZ74*BA74) -> 118.9728 | BF74: =(AZ74*BB74) -> 115.4736 | BG74: =(AZ74*BC74) -> 111.9744 | BH74: =(AZ74*BD74) -> 102.06
A75: 26/1 FULL LYCRALI SÜPREM | B75: 2604 | G75: =(B75*C75) -> 0 | H75: =(B75*D75) -> 0 | I75: =(B75*E75) -> 0 | J75: =(B75*F75) -> 0 | L75: 2448 | Q75: =(L75*M75) -> 0 | R75: =(L75*N75) -> 0 | S75: =(L75*O75) -> 0 | T75: =(L75*P75) -> 0 | V75: 2268 | W75: 0.0767 | X75: 0.0746 | Y75: 0.0724 | Z75: 0.0661 | AA75: =(V75*W75) -> 173.9556 | AB75: =(V75*X75) -> 169.1928 | AC75: =(V75*Y75) -> 164.2032 | AD75: =(V75*Z75) -> 149.9148 | AF75: 2220 | AG75: 0.074 | AH75: 0.0719 | AI75: 0.0698 | AJ75: 0.0637 | AK75: =(AF75*AG75) -> 164.28 | AL75: =(AF75*AH75) -> 159.618 | AM75: =(AF75*AI75) -> 154.956 | AN75: =(AF75*AJ75) -> 141.414 | AP75: 2124 | AQ75: 0.0713 | AR75: 0.0692 | AS75: 0.0672 | AT75: 0.0613 | AU75: =(AP75*AQ75) -> 151.4412 | AV75: =(AP75*AR75) -> 146.9808 | AW75: =(AP75*AS75) -> 142.7328 | AX75: =(AP75*AT75) -> 130.2012 | AZ75: 1944 | BA75: 0.0658 | BB75: 0.0639 | BC75: 0.062 | BD75: 0.0566 | BE75: =(AZ75*BA75) -> 127.9152 | BF75: =(AZ75*BB75) -> 124.2216 | BG75: =(AZ75*BC75) -> 120.528 | BH75: =(AZ75*BD75) -> 110.0304
A76: 24/1 FULL LYCRALI SÜPREM | B76: 2604 | G76: =(B76*C76) -> 0 | H76: =(B76*D76) -> 0 | I76: =(B76*E76) -> 0 | J76: =(B76*F76) -> 0 | L76: 2448 | Q76: =(L76*M76) -> 0 | R76: =(L76*N76) -> 0 | S76: =(L76*O76) -> 0 | T76: =(L76*P76) -> 0 | V76: 2268 | W76: 0.0832 | X76: 0.0808 | Y76: 0.0784 | Z76: 0.0716 | AA76: =(V76*W76) -> 188.6976 | AB76: =(V76*X76) -> 183.2544 | AC76: =(V76*Y76) -> 177.8112 | AD76: =(V76*Z76) -> 162.3888 | AF76: 2220 | AG76: 0.0802 | AH76: 0.0779 | AI76: 0.0756 | AJ76: 0.069 | AK76: =(AF76*AG76) -> 178.044 | AL76: =(AF76*AH76) -> 172.938 | AM76: =(AF76*AI76) -> 167.832 | AN76: =(AF76*AJ76) -> 153.18 | AP76: 2124 | AQ76: 0.0772 | AR76: 0.075 | AS76: 0.0728 | AT76: 0.0664 | AU76: =(AP76*AQ76) -> 163.9728 | AV76: =(AP76*AR76) -> 159.3 | AW76: =(AP76*AS76) -> 154.6272 | AX76: =(AP76*AT76) -> 141.0336 | AZ76: 1944 | BA76: 0.0713 | BB76: 0.0692 | BC76: 0.0672 | BD76: 0.0613 | BE76: =(AZ76*BA76) -> 138.6072 | BF76: =(AZ76*BB76) -> 134.5248 | BG76: =(AZ76*BC76) -> 130.6368 | BH76: =(AZ76*BD76) -> 119.1672
AH102: 0.0688
AH103: 0.0668
AH104: 0.0648
AH105: 0.0591
AH107: 0.074
AH108: 0.0719
AH109: 0.0698
AH110: 0.0637
AH112: 0.0802
AH113: 0.0779
AH114: 0.0756
AH115: 0.069

Sheet 28 FAYN %5 LYC SÜPREM GRAMAJLAR
B1: 20 DENYE %5 LYCRALI SÜPREMLERİN GRAMAJLARINA GÖRE 100 MAYDAKİ ORTALAMA İPLİK UZUNLUKLARI
A2: 20 | B2: İPLİK NUMARALARI
A3: DENYELİ | B3: 100 | C3: 80 | D3: 60 | E3: 50 | F3: 40 | G3: 39 | H3: 38 | I3: 37 | J3: 36 | K3: 35 | L3: 34 | M3: 33 | N3: 32 | O3: 31 | P3: 30 | Q3: 29 | R3: 28 | S3: 27 | T3: 26 | U3: 25 | V3: 24 | W3: 23 | X3: 22 | Y3: 21 | Z3: 20 | AA3: 19 | AB3: 18 | AC3: 17 | AD3: 16 | AE3: 15 | AF3: 14 | AG3: 13 | AH3: 12 | AI3: 11 | AJ3: 10
A4: 45 cm | B4: =(C3*C4)/(B3) -> 33.3 | C4: =(D3*D4)/(C3) -> 41.625 | D4: =(E3*E4)/(D3) -> 55.5 | E4: =(F3*F4)/(E3) -> 66.6 | F4: =(G3*G4)/(F3) -> 83.25 | G4: =(H3*H4)/(G3) -> 85.384615 | H4: =(I3*I4)/(H3) -> 87.631579 | I4: =(J3*J4)/(I3) -> 90 | ... O4: =(P3*P4)/(O3) -> 107.41935 | P4: 111 | Q4: =(P3*P4)/(Q3) -> 114.82759 | R4: =(Q3*Q4)/(R3) -> 118.92857 | S4: =(R3*R4)/(S3) -> 123.33333 | T4: =(S3*S4)/(T3) -> 128.07692 | U4: =(T3*T4)/(U3) -> 133.2 | V4: =(U3*U4)/(V3) -> 138.75 | W4: =(V3*V4)/(W3) -> 144.78261 | X4: =(W3*W4)/(X3) -> 151.36364 | ... AJ4: =(AI3*AI4)/(AJ3) -> 333
A5: 44 cm | B5: =(C3*C5)/(B3) -> 34.2 | C5: =(D3*D5)/(C3) -> 42.75 | D5: =(E3*E5)/(D3) -> 57 | E5: =(F3*F5)/(E3) -> 68.4 | F5: =(G3*G5)/(F3) -> 85.5 | G5: =(H3*H5)/(G3) -> 87.692308 | H5: =(I3*I5)/(H3) -> 90 | I5: =(J3*J5)/(I3) -> 92.432432 | ... O5: =(P3*P5)/(O3) -> 110.32258 | P5: 114 | Q5: =(P3*P5)/(Q3) -> 117.93103 | R5: =(Q3*Q5)/(R3) -> 122.14286 | S5: =(R3*R5)/(S3) -> 126.66667 | T5: =(S3*S5)/(T3) -> 131.53846 | U5: =(T3*T5)/(U3) -> 136.8 | V5: =(U3*U5)/(V3) -> 142.5 | W5: =(V3*V5)/(W3) -> 148.69565 | X5: =(W3*W5)/(X3) -> 155.45455 | ... AJ5: =(AI3*AI5)/(AJ3) -> 342
A6: 43 cm | B6: =(C3*C6)/(B3) -> 35.1 | C6: =(D3*D6)/(C3) -> 43.875 | D6: =(E3*E6)/(D3) -> 58.5 | E6: =(F3*F6)/(E3) -> 70.2 | F6: =(G3*G6)/(F3) -> 87.75 | G6: =(H3*H6)/(G3) -> 90 | H6: =(I3*I6)/(H3) -> 92.368421 | I6: =(J3*J6)/(I3) -> 94.864865 | ... O6: =(P3*P6)/(O3) -> 113.22581 | P6: 117 | Q6: =(P3*P6)/(Q3) -> 121.03448 | R6: =(Q3*Q6)/(R3) -> 125.35714 | S6: =(R3*R6)/(S3) -> 130 | T6: =(S3*S6)/(T3) -> 135 | U6: =(T3*T6)/(U3) -> 140.4 | V6: =(U3*U6)/(V3) -> 146.25 | W6: =(V3*V6)/(W3) -> 152.6087 | X6: =(W3*W6)/(X3) -> 159.54545 | ... AJ6: =(AI3*AI6)/(AJ3) -> 351
A7: 42 cm | B7: =(C3*C7)/(B3) -> 0 | C7: =(D3*D7)/(C3) -> 0 | D7: =(E3*E7)/(D3) -> 0 | E7: =(F3*F7)/(E3) -> 0 | F7: =(G3*G7)/(F3) -> 0 | G7: =(H3*H7)/(G3) -> 0 | H7: =(I3*I7)/(H3) -> 0 | I7: =(J3*J7)/(I3) -> 0 | ... O7: =(P3*P7)/(O3) -> 0 | Q7: =(P3*P7)/(Q3) -> 0 | R7: 119 | S7: =(R3*R7)/(S3) -> 123.40741 | T7: =(S3*S7)/(T3) -> 128.15385 | U7: =(T3*T7)/(U3) -> 133.28 | V7: =(U3*U7)/(V3) -> 138.83333 | W7: =(V3*V7)/(W3) -> 144.86957 | X7: =(W3*W7)/(X3) -> 151.45455 | Y7: =(X3*X7)/(Y3) -> 158.66667 | Z7: =(Y3*Y7)/(Z3) -> 166.6 | ... AJ7: =(AI3*AI7)/(AJ3) -> 333.2
A8: 41 cm | B8: =(C3*C8)/(B3) -> 0 | C8: =(D3*D8)/(C3) -> 0 | D8: =(E3*E8)/(D3) -> 0 | E8: =(F3*F8)/(E3) -> 0 | F8: =(G3*G8)/(F3) -> 0 | G8: =(H3*H8)/(G3) -> 0 | H8: =(I3*I8)/(H3) -> 0 | I8: =(J3*J8)/(I3) -> 0 | ... O8: =(P3*P8)/(O3) -> 0 | Q8: 122 | R8: =(Q3*Q8)/(R3) -> 126.35714 | S8: =(R3*R8)/(S3) -> 131.03704 | T8: =(S3*S8)/(T3) -> 136.07692 | U8: =(T3*T8)/(U3) -> 141.52 | V8: =(U3*U8)/(V3) -> 147.41667 | W8: =(V3*V8)/(W3) -> 153.82609 | X8: =(W3*W8)/(X3) -> 160.81818 | Y8: =(X3*X8)/(Y3) -> 168.47619 | ... AJ8: =(AI3*AI8)/(AJ3) -> 353.8
A9: 40 cm | B9: =(C3*C9)/(B3) -> 36.6 | C9: =(D3*D9)/(C3) -> 45.75 | D9: =(E3*E9)/(D3) -> 61 | E9: =(F3*F9)/(E3) -> 73.2 | F9: =(G3*G9)/(F3) -> 91.5 | G9: =(H3*H9)/(G3) -> 93.846154 | H9: =(I3*I9)/(H3) -> 96.315789 | I9: =(J3*J9)/(I3) -> 98.918919 | ... O9: =(P3*P9)/(O3) -> 118.06452 | P9: 122 | Q9: 125 | R9: =(Q3*Q9)/(R3) -> 129.46429 | S9: =(R3*R9)/(S3) -> 134.25926 | T9: =(S3*S9)/(T3) -> 139.42308 | U9: =(T3*T9)/(U3) -> 145 | V9: =(U3*U9)/(V3) -> 151.04167 | W9: =(V3*V9)/(W3) -> 157.6087 | X9: =(W3*W9)/(X3) -> 164.77273 | Y9: =(X3*X9)/(Y3) -> 172.61905 | ... AJ9: =(AI3*AI9)/(AJ3) -> 362.5
A10: 39 cm | B10: =(C3*C10)/(B3) -> 37.5 | C10: =(D3*D10)/(C3) -> 46.875 | D10: =(E3*E10)/(D3) -> 62.5 | E10: =(F3*F10)/(E3) -> 75 | F10: =(G3*G10)/(F3) -> 93.75 | G10: =(H3*H10)/(G3) -> 96.153846 | H10: =(I3*I10)/(H3) -> 98.684211 | I10: =(J3*J10)/(I3) -> 101.35135 | ... O10: =(P3*P10)/(O3) -> 120.96774 | P10: 125 | Q10: =(P3*P10)/(Q3) -> 129.31034 | R10: =(Q3*Q10)/(R3) -> 133.92857 | S10: =(R3*R10)/(S3) -> 138.88889 | T10: =(S3*S10)/(T3) -> 144.23077 | U10: =(T3*T10)/(U3) -> 150 | V10: =(U3*U10)/(V3) -> 156.25 | W10: =(V3*V10)/(W3) -> 163.04348 | X10: =(W3*W10)/(X3) -> 170.45455 | ... AJ10: =(AI3*AI10)/(AJ3) -> 375
A11: 38 cm | B11: =(C3*C11)/(B3) -> 38.4 | C11: =(D3*D11)/(C3) -> 48 | D11: =(E3*E11)/(D3) -> 64 | E11: =(F3*F11)/(E3) -> 76.8 | F11: =(G3*G11)/(F3) -> 96 | G11: =(H3*H11)/(G3) -> 98.461538 | H11: =(I3*I11)/(H3) -> 101.05263 | I11: =(J3*J11)/(I3) -> 103.78378 | ... O11: =(P3*P11)/(O3) -> 123.87097 | P11: 128 | Q11: =(P3*P11)/(Q3) -> 132.41379 | R11: =(Q3*Q11)/(R3) -> 137.14286 | S11: =(R3*R11)/(S3) -> 142.22222 | T11: =(S3*S11)/(T3) -> 147.69231 | U11: =(T3*T11)/(U3) -> 153.6 | V11: =(U3*U11)/(V3) -> 160 | W11: =(V3*V11)/(W3) -> 166.95652 | X11: =(W3*W11)/(X3) -> 174.54545 | ... AJ11: =(AI3*AI11)/(AJ3) -> 384
A12: 37 cm | B12: =(C3*C12)/(B3) -> 40.5 | C12: =(D3*D12)/(C3) -> 50.625 | D12: =(E3*E12)/(D3) -> 67.5 | E12: =(F3*F12)/(E3) -> 81 | F12: =(G3*G12)/(F3) -> 101.25 | G12: =(H3*H12)/(G3) -> 103.84615 | H12: =(I3*I12)/(H3) -> 106.57895 | I12: =(J3*J12)/(I3) -> 109.45946 | ... O12: =(P3*P12)/(O3) -> 130.64516 | P12: 135 | Q12: =(P3*P12)/(Q3) -> 139.65517 | R12: =(Q3*Q12)/(R3) -> 144.64286 | S12: =(R3*R12)/(S3) -> 150 | T12: =(S3*S12)/(T3) -> 155.76923 | U12: =(T3*T12)/(U3) -> 162 | V12: =(U3*U12)/(V3) -> 168.75 | W12: =(V3*V12)/(W3) -> 176.08696 | X12: =(W3*W12)/(X3) -> 184.09091 | ... AJ12: =(AI3*AI12)/(AJ3) -> 405
A13: 36 cm | B13: =(C3*C13)/(B3) -> 41.7 | C13: =(D3*D13)/(C3) -> 52.125 | D13: =(E3*E13)/(D3) -> 69.5 | E13: =(F3*F13)/(E3) -> 83.4 | F13: =(G3*G13)/(F3) -> 104.25 | G13: =(H3*H13)/(G3) -> 106.92308 | H13: =(I3*I13)/(H3) -> 109.73684 | I13: =(J3*J13)/(I3) -> 112.7027 | ... O13: =(P3*P13)/(O3) -> 134.51613 | P13: 139 | Q13: =(P3*P13)/(Q3) -> 143.7931 | R13: =(Q3*Q13)/(R3) -> 148.92857 | S13: =(R3*R13)/(S3) -> 154.44444 | T13: =(S3*S13)/(T3) -> 160.38462 | U13: =(T3*T13)/(U3) -> 166.8 | V13: =(U3*U13)/(V3) -> 173.75 | W13: =(V3*V13)/(W3) -> 181.30435 | X13: =(W3*W13)/(X3) -> 189.54545 | ... AJ13: =(AI3*AI13)/(AJ3) -> 417
A14: 35 cm | B14: =(C3*C14)/(B3) -> 42.9 | C14: =(D3*D14)/(C3) -> 53.625 | D14: =(E3*E14)/(D3) -> 71.5 | E14: =(F3*F14)/(E3) -> 85.8 | F14: =(G3*G14)/(F3) -> 107.25 | G14: =(H3*H14)/(G3) -> 110 | H14: =(I3*I14)/(H3) -> 112.89474 | I14: =(J3*J14)/(I3) -> 115.94595 | ... O14: =(P3*P14)/(O3) -> 138.3871 | P14: 143 | Q14: =(P3*P14)/(Q3) -> 147.93103 | R14: =(Q3*Q14)/(R3) -> 153.21429 | S14: =(R3*R14)/(S3) -> 158.88889 | T14: =(S3*S14)/(T3) -> 165 | U14: =(T3*T14)/(U3) -> 171.6 | V14: =(U3*U14)/(V3) -> 178.75 | W14: =(V3*V14)/(W3) -> 186.52174 | X14: =(W3*W14)/(X3) -> 195 | ... AJ14: =(AI3*AI14)/(AJ3) -> 429
A15: 34 cm | B15: =(C3*C15)/(B3) -> 44.1 | C15: =(D3*D15)/(C3) -> 55.125 | D15: =(E3*E15)/(D3) -> 73.5 | E15: =(F3*F15)/(E3) -> 88.2 | F15: =(G3*G15)/(F3) -> 110.25 | G15: =(H3*H15)/(G3) -> 113.07692 | H15: =(I3*I15)/(H3) -> 116.05263 | I15: =(J3*J15)/(I3) -> 119.18919 | ... O15: =(P3*P15)/(O3) -> 142.25806 | P15: 147 | Q15: =(P3*P15)/(Q3) -> 152.06897 | R15: =(Q3*Q15)/(R3) -> 157.5 | S15: =(R3*R15)/(S3) -> 163.33333 | T15: =(S3*S15)/(T3) -> 169.61538 | U15: =(T3*T15)/(U3) -> 176.4 | V15: =(U3*U15)/(V3) -> 183.75 | W15: =(V3*V15)/(W3) -> 191.73913 | X15: =(W3*W15)/(X3) -> 200.45455 | ... AJ15: =(AI3*AI15)/(AJ3) -> 441
A16: 33 cm | B16: =(C3*C16)/(B3) -> 45.6 | C16: =(D3*D16)/(C3) -> 57 | D16: =(E3*E16)/(D3) -> 76 | E16: =(F3*F16)/(E3) -> 91.2 | F16: =(G3*G16)/(F3) -> 114 | G16: =(H3*H16)/(G3) -> 116.92308 | H16: =(I3*I16)/(H3) -> 120 | I16: =(J3*J16)/(I3) -> 123.24324 | ... O16: =(P3*P16)/(O3) -> 147.09677 | P16: 152 | Q16: =(P3*P16)/(Q3) -> 157.24138 | R16: =(Q3*Q16)/(R3) -> 162.85714 | S16: =(R3*R16)/(S3) -> 168.88889 | T16: =(S3*S16)/(T3) -> 175.38462 | U16: =(T3*T16)/(U3) -> 182.4 | V16: =(U3*U16)/(V3) -> 190 | W16: =(V3*V16)/(W3) -> 198.26087 | X16: =(W3*W16)/(X3) -> 207.27273 | ... AJ16: =(AI3*AI16)/(AJ3) -> 456
A17: 32 cm | B17: =(C3*C17)/(B3) -> 47.1 | C17: =(D3*D17)/(C3) -> 58.875 | D17: =(E3*E17)/(D3) -> 78.5 | E17: =(F3*F17)/(E3) -> 94.2 | F17: =(G3*G17)/(F3) -> 117.75 | G17: =(H3*H17)/(G3) -> 120.76923 | H17: =(I3*I17)/(H3) -> 123.94737 | I17: =(J3*J17)/(I3) -> 127.2973 | ... O17: =(P3*P17)/(O3) -> 151.93548 | P17: 157 | Q17: =(P3*P17)/(Q3) -> 162.41379 | R17: =(Q3*Q17)/(R3) -> 168.21429 | S17: =(R3*R17)/(S3) -> 174.44444 | T17: =(S3*S17)/(T3) -> 181.15385 | U17: =(T3*T17)/(U3) -> 188.4 | V17: =(U3*U17)/(V3) -> 196.25 | W17: =(V3*V17)/(W3) -> 204.78261 | X17: =(W3*W17)/(X3) -> 214.09091 | ... AJ17: =(AI3*AI17)/(AJ3) -> 471
A18: 31 cm | B18: =(C3*C18)/(B3) -> 48.6 | C18: =(D3*D18)/(C3) -> 60.75 | D18: =(E3*E18)/(D3) -> 81 | E18: =(F3*F18)/(E3) -> 97.2 | F18: =(G3*G18)/(F3) -> 121.5 | G18: =(H3*H18)/(G3) -> 124.61538 | H18: =(I3*I18)/(H3) -> 127.89474 | I18: =(J3*J18)/(I3) -> 131.35135 | ... O18: =(P3*P18)/(O3) -> 156.77419 | P18: 162 | Q18: =(P3*P18)/(Q3) -> 167.58621 | R18: =(Q3*Q18)/(R3) -> 173.57143 | S18: =(R3*R18)/(S3) -> 180 | T18: =(S3*S18)/(T3) -> 186.92308 | U18: =(T3*T18)/(U3) -> 194.4 | V18: =(U3*U18)/(V3) -> 202.5 | W18: =(V3*V18)/(W3) -> 211.30435 | X18: =(W3*W18)/(X3) -> 220.90909 | ... AJ18: =(AI3*AI18)/(AJ3) -> 486
A19: 30 cm | B19: =(C3*C19)/(B3) -> 50.1 | C19: =(D3*D19)/(C3) -> 62.625 | D19: =(E3*E19)/(D3) -> 83.5 | E19: =(F3*F19)/(E3) -> 100.2 | F19: =(G3*G19)/(F3) -> 125.25 | G19: =(H3*H19)/(G3) -> 128.46154 | H19: =(I3*I19)/(H3) -> 131.84211 | I19: =(J3*J19)/(I3) -> 135.40541 | ... O19: =(P3*P19)/(O3) -> 161.6129 | P19: 167 | Q19: =(P3*P19)/(Q3) -> 172.75862 | R19: =(Q3*Q19)/(R3) -> 178.92857 | S19: =(R3*R19)/(S3) -> 185.55556 | T19: =(S3*S19)/(T3) -> 192.69231 | U19: =(T3*T19)/(U3) -> 200.4 | V19: =(U3*U19)/(V3) -> 208.75 | W19: =(V3*V19)/(W3) -> 217.82609 | X19: =(W3*W19)/(X3) -> 227.72727 | ... AJ19: =(AI3*AI19)/(AJ3) -> 501
A20: 29 cm | B20: =(C3*C20)/(B3) -> 51.9 | C20: =(D3*D20)/(C3) -> 64.875 | D20: =(E3*E20)/(D3) -> 86.5 | E20: =(F3*F20)/(E3) -> 103.8 | F20: =(G3*G20)/(F3) -> 129.75 | G20: =(H3*H20)/(G3) -> 133.07692 | H20: =(I3*I20)/(H3) -> 136.57895 | I20: =(J3*J20)/(I3) -> 140.27027 | ... O20: =(P3*P20)/(O3) -> 167.41935 | P20: 173 | Q20: =(P3*P20)/(Q3) -> 178.96552 | R20: =(Q3*Q20)/(R3) -> 185.35714 | S20: =(R3*R20)/(S3) -> 192.22222 | T20: =(S3*S20)/(T3) -> 199.61538 | U20: =(T3*T20)/(U3) -> 207.6 | V20: =(U3*U20)/(V3) -> 216.25 | W20: =(V3*V20)/(W3) -> 225.65217 | X20: =(W3*W20)/(X3) -> 235.90909 | ... AJ20: =(AI3*AI20)/(AJ3) -> 519
A21: 28 cm | B21: =(C3*C21)/(B3) -> 53.7 | C21: =(D3*D21)/(C3) -> 67.125 | D21: =(E3*E21)/(D3) -> 89.5 | E21: =(F3*F21)/(E3) -> 107.4 | F21: =(G3*G21)/(F3) -> 134.25 | G21: =(H3*H21)/(G3) -> 137.69231 | H21: =(I3*I21)/(H3) -> 141.31579 | I21: =(J3*J21)/(I3) -> 145.13514 | ... O21: =(P3*P21)/(O3) -> 173.22581 | P21: 179 | Q21: =(P3*P21)/(Q3) -> 185.17241 | R21: =(Q3*Q21)/(R3) -> 191.78571 | S21: =(R3*R21)/(S3) -> 198.88889 | T21: =(S3*S21)/(T3) -> 206.53846 | U21: =(T3*T21)/(U3) -> 214.8 | V21: =(U3*U21)/(V3) -> 223.75 | W21: =(V3*V21)/(W3) -> 233.47826 | X21: =(W3*W21)/(X3) -> 244.09091 | ... AJ21: =(AI3*AI21)/(AJ3) -> 537
A22: 27 cm | B22: =(C3*C22)/(B3) -> 55.8 | C22: =(D3*D22)/(C3) -> 69.75 | D22: =(E3*E22)/(D3) -> 93 | E22: =(F3*F22)/(E3) -> 111.6 | F22: =(G3*G22)/(F3) -> 139.5 | G22: =(H3*H22)/(G3) -> 143.07692 | H22: =(I3*I22)/(H3) -> 146.84211 | I22: =(J3*J22)/(I3) -> 150.81081 | ... O22: =(P3*P22)/(O3) -> 180 | P22: 186 | Q22: =(P3*P22)/(Q3) -> 192.41379 | R22: =(Q3*Q22)/(R3) -> 199.28571 | S22: =(R3*R22)/(S3) -> 206.66667 | T22: =(S3*S22)/(T3) -> 214.61538 | U22: =(T3*T22)/(U3) -> 223.2 | V22: =(U3*U22)/(V3) -> 232.5 | W22: =(V3*V22)/(W3) -> 242.6087 | X22: =(W3*W22)/(X3) -> 253.63636 | ... AJ22: =(AI3*AI22)/(AJ3) -> 558
A23: 26 cm | B23: =(C3*C23)/(B3) -> 57.9 | C23: =(D3*D23)/(C3) -> 72.375 | D23: =(E3*E23)/(D3) -> 96.5 | E23: =(F3*F23)/(E3) -> 115.8 | F23: =(G3*G23)/(F3) -> 144.75 | G23: =(H3*H23)/(G3) -> 148.46154 | H23: =(I3*I23)/(H3) -> 152.36842 | I23: =(J3*J23)/(I3) -> 156.48649 | ... O23: =(P3*P23)/(O3) -> 186.77419 | P23: 193 | Q23: =(P3*P23)/(Q3) -> 199.65517 | R23: =(Q3*Q23)/(R3) -> 206.78571 | S23: =(R3*R23)/(S3) -> 214.44444 | T23: =(S3*S23)/(T3) -> 222.69231 | U23: =(T3*T23)/(U3) -> 231.6 | V23: =(U3*U23)/(V3) -> 241.25 | W23: =(V3*V23)/(W3) -> 251.73913 | X23: =(W3*W23)/(X3) -> 263.18182 | ... AJ23: =(AI3*AI23)/(AJ3) -> 579
A24: 25 cm | B24: =(C3*C24)/(B3) -> 60 | C24: =(D3*D24)/(C3) -> 75 | D24: =(E3*E24)/(D3) -> 100 | E24: =(F3*F24)/(E3) -> 120 | F24: =(G3*G24)/(F3) -> 150 | G24: =(H3*H24)/(G3) -> 153.84615 | H24: =(I3*I24)/(H3) -> 157.89474 | I24: =(J3*J24)/(I3) -> 162.16216 | ... O24: =(P3*P24)/(O3) -> 193.54839 | P24: 200 | Q24: =(P3*P24)/(Q3) -> 206.89655 | R24: =(Q3*Q24)/(R3) -> 214.28571 | S24: =(R3*R24)/(S3) -> 222.22222 | T24: =(S3*S24)/(T3) -> 230.76923 | U24: =(T3*T24)/(U3) -> 240 | V24: =(U3*U24)/(V3) -> 250 | W24: =(V3*V24)/(W3) -> 260.86957 | X24: =(W3*W24)/(X3) -> 272.72727 | ... AJ24: =(AI3*AI24)/(AJ3) -> 600
A25: 24 cm | B25: =(C3*C25)/(B3) -> 62.7 | C25: =(D3*D25)/(C3) -> 78.375 | D25: =(E3*E25)/(D3) -> 104.5 | E25: =(F3*F25)/(E3) -> 125.4 | F25: =(G3*G25)/(F3) -> 156.75 | G25: =(H3*H25)/(G3) -> 160.76923 | H25: =(I3*I25)/(H3) -> 165 | I25: =(J3*J25)/(I3) -> 169.45946 | ... O25: =(P3*P25)/(O3) -> 202.25806 | P25: 209 | Q25: =(P3*P25)/(Q3) -> 216.2069 | R25: =(Q3*Q25)/(R3) -> 223.92857 | S25: =(R3*R25)/(S3) -> 232.22222 | T25: =(S3*S25)/(T3) -> 241.15385 | U25: =(T3*T25)/(U3) -> 250.8 | V25: =(U3*U25)/(V3) -> 261.25 | W25: =(V3*V25)/(W3) -> 272.6087 | X25: =(W3*W25)/(X3) -> 285 | ... AJ25: =(AI3*AI25)/(AJ3) -> 627
A26: 23 cm | B26: =(C3*C26)/(B3) -> 65.4 | C26: =(D3*D26)/(C3) -> 81.75 | D26: =(E3*E26)/(D3) -> 109 | E26: =(F3*F26)/(E3) -> 130.8 | F26: =(G3*G26)/(F3) -> 163.5 | G26: =(H3*H26)/(G3) -> 167.69231 | H26: =(I3*I26)/(H3) -> 172.10526 | I26: =(J3*J26)/(I3) -> 176.75676 | ... O26: =(P3*P26)/(O3) -> 210.96774 | P26: 218 | Q26: =(P3*P26)/(Q3) -> 225.51724 | R26: =(Q3*Q26)/(R3) -> 233.57143 | S26: =(R3*R26)/(S3) -> 242.22222 | T26: =(S3*S26)/(T3) -> 251.53846 | U26: =(T3*T26)/(U3) -> 261.6 | V26: =(U3*U26)/(V3) -> 272.5 | W26: =(V3*V26)/(W3) -> 284.34783 | X26: =(W3*W26)/(X3) -> 297.27273 | ... AJ26: =(AI3*AI26)/(AJ3) -> 654
A27: 22 cm | B27: =(C3*C27)/(B3) -> 68.4 | C27: =(D3*D27)/(C3) -> 85.5 | D27: =(E3*E27)/(D3) -> 114 | E27: =(F3*F27)/(E3) -> 136.8 | F27: =(G3*G27)/(F3) -> 171 | G27: =(H3*H27)/(G3) -> 175.38462 | H27: =(I3*I27)/(H3) -> 180 | I27: =(J3*J27)/(I3) -> 184.86486 | ... O27: =(P3*P27)/(O3) -> 220.64516 | P27: 228 | Q27: =(P3*P27)/(Q3) -> 235.86207 | R27: =(Q3*Q27)/(R3) -> 244.28571 | S27: =(R3*R27)/(S3) -> 253.33333 | T27: =(S3*S27)/(T3) -> 263.07692 | U27: =(T3*T27)/(U3) -> 273.6 | V27: =(U3*U27)/(V3) -> 285 | W27: =(V3*V27)/(W3) -> 297.3913 | X27: =(W3*W27)/(X3) -> 310.90909 | ... AJ27: =(AI3*AI27)/(AJ3) -> 684
A28: 21 cm | B28: =(C3*C28)/(B3) -> 71.7 | C28: =(D3*D28)/(C3) -> 89.625 | D28: =(E3*E28)/(D3) -> 119.5 | E28: =(F3*F28)/(E3) -> 143.4 | F28: =(G3*G28)/(F3) -> 179.25 | G28: =(H3*H28)/(G3) -> 183.84615 | H28: =(I3*I28)/(H3) -> 188.68421 | I28: =(J3*J28)/(I3) -> 193.78378 | ... O28: =(P3*P28)/(O3) -> 231.29032 | P28: 239 | Q28: =(P3*P28)/(Q3) -> 247.24138 | R28: =(Q3*Q28)/(R3) -> 256.07143 | S28: =(R3*R28)/(S3) -> 265.55556 | T28: =(S3*S28)/(T3) -> 275.76923 | U28: =(T3*T28)/(U3) -> 286.8 | V28: =(U3*U28)/(V3) -> 298.75 | W28: =(V3*V28)/(W3) -> 311.73913 | X28: =(W3*W28)/(X3) -> 325.90909 | ... AJ28: =(AI3*AI28)/(AJ3) -> 717
A29: 20 cm | B29: =(C3*C29)/(B3) -> 75.3 | C29: =(D3*D29)/(C3) -> 94.125 | D29: =(E3*E29)/(D3) -> 125.5 | E29: =(F3*F29)/(E3) -> 150.6 | F29: =(G3*G29)/(F3) -> 188.25 | G29: =(H3*H29)/(G3) -> 193.07692 | H29: =(I3*I29)/(H3) -> 198.15789 | I29: =(J3*J29)/(I3) -> 203.51351 | ... O29: =(P3*P29)/(O3) -> 242.90323 | P29: 251 | Q29: =(P3*P29)/(Q3) -> 259.65517 | R29: =(Q3*Q29)/(R3) -> 268.92857 | S29: =(R3*R29)/(S3) -> 278.88889 | T29: =(S3*S29)/(T3) -> 289.61538 | U29: =(T3*T29)/(U3) -> 301.2 | V29: =(U3*U29)/(V3) -> 313.75 | W29: =(V3*V29)/(W3) -> 327.3913 | X29: =(W3*W29)/(X3) -> 342.27273 | ... AJ29: =(AI3*AI29)/(AJ3) -> 753
A30: 19 cm | B30: =(C3*C30)/(B3) -> 79.2 | C30: =(D3*D30)/(C3) -> 99 | D30: =(E3*E30)/(D3) -> 132 | E30: =(F3*F30)/(E3) -> 158.4 | F30: =(G3*G30)/(F3) -> 198 | G30: =(H3*H30)/(G3) -> 203.07692 | H30: =(I3*I30)/(H3) -> 208.42105 | I30: =(J3*J30)/(I3) -> 214.05405 | ... O30: =(P3*P30)/(O3) -> 255.48387 | P30: 264 | Q30: =(P3*P30)/(Q3) -> 273.10345 | R30: =(Q3*Q30)/(R3) -> 282.85714 | S30: =(R3*R30)/(S3) -> 293.33333 | T30: =(S3*S30)/(T3) -> 304.61538 | U30: =(T3*T30)/(U3) -> 316.8 | V30: =(U3*U30)/(V3) -> 330 | W30: =(V3*V30)/(W3) -> 344.34783 | X30: =(W3*W30)/(X3) -> 360 | ... AJ30: =(AI3*AI30)/(AJ3) -> 792
A31: 18 cm | B31: =(C3*C31)/(B3) -> 83.4 | C31: =(D3*D31)/(C3) -> 104.25 | D31: =(E3*E31)/(D3) -> 139 | E31: =(F3*F31)/(E3) -> 166.8 | F31: =(G3*G31)/(F3) -> 208.5 | G31: =(H3*H31)/(G3) -> 213.84615 | H31: =(I3*I31)/(H3) -> 219.47368 | I31: =(J3*J31)/(I3) -> 225.40541 | ... O31: =(P3*P31)/(O3) -> 269.03226 | P31: 278 | Q31: =(P3*P31)/(Q3) -> 287.58621 | R31: =(Q3*Q31)/(R3) -> 297.85714 | S31: =(R3*R31)/(S3) -> 308.88889 | T31: =(S3*S31)/(T3) -> 320.76923 | U31: =(T3*T31)/(U3) -> 333.6 | V31: =(U3*U31)/(V3) -> 347.5 | W31: =(V3*V31)/(W3) -> 362.6087 | X31: =(W3*W31)/(X3) -> 379.09091 | ... AJ31: =(AI3*AI31)/(AJ3) -> 834
A32: 17 cm | B32: =(C3*C32)/(B3) -> 88.5 | C32: =(D3*D32)/(C3) -> 110.625 | D32: =(E3*E32)/(D3) -> 147.5 | E32: =(F3*F32)/(E3) -> 177 | F32: =(G3*G32)/(F3) -> 221.25 | G32: =(H3*H32)/(G3) -> 226.92308 | H32: =(I3*I32)/(H3) -> 232.89474 | I32: =(J3*J32)/(I3) -> 239.18919 | ... O32: =(P3*P32)/(O3) -> 285.48387 | P32: 295 | Q32: =(P3*P32)/(Q3) -> 305.17241 | R32: =(Q3*Q32)/(R3) -> 316.07143 | S32: =(R3*R32)/(S3) -> 327.77778 | T32: =(S3*S32)/(T3) -> 340.38462 | U32: =(T3*T32)/(U3) -> 354 | V32: =(U3*U32)/(V3) -> 368.75 | W32: =(V3*V32)/(W3) -> 384.78261 | X32: =(W3*W32)/(X3) -> 402.27273 | ... AJ32: =(AI3*AI32)/(AJ3) -> 885
A33: 16 cm | B33: =(C3*C33)/(B3) -> 93.9 | C33: =(D3*D33)/(C3) -> 117.375 | D33: =(E3*E33)/(D3) -> 156.5 | E33: =(F3*F33)/(E3) -> 187.8 | F33: =(G3*G33)/(F3) -> 234.75 | G33: =(H3*H33)/(G3) -> 240.76923 | H33: =(I3*I33)/(H3) -> 247.10526 | I33: =(J3*J33)/(I3) -> 253.78378 | ... O33: =(P3*P33)/(O3) -> 302.90323 | P33: 313 | Q33: =(P3*P33)/(Q3) -> 323.7931 | R33: =(Q3*Q33)/(R3) -> 335.35714 | S33: =(R3*R33)/(S3) -> 347.77778 | T33: =(S3*S33)/(T3) -> 361.15385 | U33: =(T3*T33)/(U3) -> 375.6 | V33: =(U3*U33)/(V3) -> 391.25 | W33: =(V3*V33)/(W3) -> 408.26087 | X33: =(W3*W33)/(X3) -> 426.81818 | ... AJ33: =(AI3*AI33)/(AJ3) -> 939
A34: 15 cm | B34: =(C3*C34)/(B3) -> 100.2 | C34: =(D3*D34)/(C3) -> 125.25 | D34: =(E3*E34)/(D3) -> 167 | E34: =(F3*F34)/(E3) -> 200.4 | F34: =(G3*G34)/(F3) -> 250.5 | G34: =(H3*H34)/(G3) -> 256.92308 | H34: =(I3*I34)/(H3) -> 263.68421 | I34: =(J3*J34)/(I3) -> 270.81081 | ... O34: =(P3*P34)/(O3) -> 323.22581 | P34: 334 | Q34: =(P3*P34)/(Q3) -> 345.51724 | R34: =(Q3*Q34)/(R3) -> 357.85714 | S34: =(R3*R34)/(S3) -> 371.11111 | T34: =(S3*S34)/(T3) -> 385.38462 | U34: =(T3*T34)/(U3) -> 400.8 | V34: =(U3*U34)/(V3) -> 417.5 | W34: =(V3*V34)/(W3) -> 435.65217 | X34: =(W3*W34)/(X3) -> 455.45455 | ... AJ34: =(AI3*AI34)/(AJ3) -> 1002
C35: NOT:Çizelgede belirtilen iplik uzunluklarına;Orta renklerde 2mm,Koyu renklerde 4mm daha ilave ekle (hesaplama 28 fayna göre yapılmıştır)
B36: 30 DENYE %5 LYCRALI SÜPREMLERİN GRAMAJLARINA GÖRE 100 MAYDAKİ ORTALAMA İPLİK UZUNLUKLARI
A37: 30 | B37: İPLİK NUMARALARI
A38: DENYELİ | B38: 100 | C38: 80 | D38: 60 | E38: 50 | F38: 40 | G38: 39 | H38: 38 | I38: 37 | J38: 36 | K38: 35 | L38: 34 | M38: 33 | N38: 32 | O38: 31 | P38: 30 | Q38: 29 | R38: 28 | S38: 27 | T38: 26 | U38: 25 | V38: 24 | W38: 23 | X38: 22 | Y38: 21 | Z38: 20 | AA38: 19 | AB38: 18 | AC38: 17 | AD38: 16 | AE38: 15 | AF38: 14 | AG38: 13 | AH38: 12 | AI38: 11 | AJ38: 10
A39: 45 cm | B39: =(C38*C39)/(B38) -> 35.1 | C39: =(D38*D39)/(C38) -> 43.875 | D39: =(E38*E39)/(D38) -> 58.5 | E39: =(F38*F39)/(E38) -> 70.2 | F39: =(G38*G39)/(F38) -> 87.75 | G39: =(H38*H39)/(G38) -> 90 | H39: =(I38*I39)/(H38) -> 92.368421 | I39: =(J38*J39)/(I38) -> 94.864865 | ... O39: =(P38*P39)/(O38) -> 113.22581 | P39: 117 | Q39: =(P38*P39)/(Q38) -> 121.03448 | R39: =(Q38*Q39)/(R38) -> 125.35714 | S39: =(R38*R39)/(S38) -> 130 | T39: =(S38*S39)/(T38) -> 135 | U39: =(T38*T39)/(U38) -> 140.4 | V39: =(U38*U39)/(V38) -> 146.25 | W39: =(V38*V39)/(W38) -> 152.6087 | X39: =(W38*W39)/(X38) -> 159.54545 | ... AJ39: =(AI38*AI39)/(AJ38) -> 351
A40: 44 cm | B40: =(C38*C40)/(B38) -> 35.7 | C40: =(D38*D40)/(C38) -> 44.625 | D40: =(E38*E40)/(D38) -> 59.5 | E40: =(F38*F40)/(E38) -> 71.4 | F40: =(G38*G40)/(F38) -> 89.25 | G40: =(H38*H40)/(G38) -> 91.538462 | H40: =(I38*I40)/(H38) -> 93.947368 | I40: =(J38*J40)/(I38) -> 96.486486 | ... O40: =(P38*P40)/(O38) -> 115.16129 | P40: 119 | Q40: =(P38*P40)/(Q38) -> 123.10345 | R40: =(Q38*Q40)/(R38) -> 127.5 | S40: =(R38*R40)/(S38) -> 132.22222 | T40: =(S38*S40)/(T38) -> 137.30769 | U40: =(T38*T40)/(U38) -> 142.8 | V40: =(U38*U40)/(V38) -> 148.75 | W40: =(V38*V40)/(W38) -> 155.21739 | X40: =(W38*W40)/(X38) -> 162.27273 | ... AJ40: =(AI38*AI40)/(AJ38) -> 357
A41: 43 cm | B41: =(C38*C41)/(B38) -> 36.6 | C41: =(D38*D41)/(C38) -> 45.75 | D41: =(E38*E41)/(D38) -> 61 | E41: =(F38*F41)/(E38) -> 73.2 | F41: =(G38*G41)/(F38) -> 91.5 | G41: =(H38*H41)/(G38) -> 93.846154 | H41: =(I38*I41)/(H38) -> 96.315789 | I41: =(J38*J41)/(I38) -> 98.918919 | ... O41: =(P38*P41)/(O38) -> 118.06452 | P41: 122 | Q41: =(P38*P41)/(Q38) -> 126.2069 | R41: =(Q38*Q41)/(R38) -> 130.71429 | S41: =(R38*R41)/(S38) -> 135.55556 | T41: =(S38*S41)/(T38) -> 140.76923 | U41: =(T38*T41)/(U38) -> 146.4 | V41: =(U38*U41)/(V38) -> 152.5 | W41: =(V38*V41)/(W38) -> 159.13043 | X41: =(W38*W41)/(X38) -> 166.36364 | ... AJ41: =(AI38*AI41)/(AJ38) -> 366
A42: 42 cm | B42: =(C38*C42)/(B38) -> 37.5 | C42: =(D38*D42)/(C38) -> 46.875 | D42: =(E38*E42)/(D38) -> 62.5 | E42: =(F38*F42)/(E38) -> 75 | F42: =(G38*G42)/(F38) -> 93.75 | G42: =(H38*H42)/(G38) -> 96.153846 | H42: =(I38*I42)/(H38) -> 98.684211 | I42: =(J38*J42)/(I38) -> 101.35135 | ... O42: =(P38*P42)/(O38) -> 120.96774 | P42: 125 | Q42: =(P38*P42)/(Q38) -> 129.31034 | R42: =(Q38*Q42)/(R38) -> 133.92857 | S42: =(R38*R42)/(S38) -> 138.88889 | T42: =(S38*S42)/(T38) -> 144.23077 | U42: =(T38*T42)/(U38) -> 150 | V42: =(U38*U42)/(V38) -> 156.25 | W42: =(V38*V42)/(W38) -> 163.04348 | X42: =(W38*W42)/(X38) -> 170.45455 | ... AJ42: =(AI38*AI42)/(AJ38) -> 375
A43: 41 cm | B43: =(C38*C43)/(B38) -> 38.4 | C43: =(D38*D43)/(C38) -> 48 | D43: =(E38*E43)/(D38) -> 64 | E43: =(F38*F43)/(E38) -> 76.8 | F43: =(G38*G43)/(F38) -> 96 | G43: =(H38*H43)/(G38) -> 98.461538 | H43: =(I38*I43)/(H38) -> 101.05263 | I43: =(J38*J43)/(I38) -> 103.78378 | ... O43: =(P38*P43)/(O38) -> 123.87097 | P43: 128 | Q43: =(P38*P43)/(Q38) -> 132.41379 | R43: =(Q38*Q43)/(R38) -> 137.14286 | S43: =(R38*R43)/(S38) -> 142.22222 | T43: =(S38*S43)/(T38) -> 147.69231 | U43: =(T38*T43)/(U38) -> 153.6 | V43: =(U38*U43)/(V38) -> 160 | W43: =(V38*V43)/(W38) -> 166.95652 | X43: =(W38*W43)/(X38) -> 174.54545 | ... AJ43: =(AI38*AI43)/(AJ38) -> 384
A44: 40 cm | B44: =(C38*C44)/(B38) -> 39.3 | C44: =(D38*D44)/(C38) -> 49.125 | D44: =(E38*E44)/(D38) -> 65.5 | E44: =(F38*F44)/(E38) -> 78.6 | F44: =(G38*G44)/(F38) -> 98.25 | G44: =(H38*H44)/(G38) -> 100.76923 | H44: =(I38*I44)/(H38) -> 103.42105 | I44: =(J38*J44)/(I38) -> 106.21622 | ... O44: =(P38*P44)/(O38) -> 126.77419 | P44: 131 | Q44: =(P38*P44)/(Q38) -> 135.51724 | R44: =(Q38*Q44)/(R38) -> 140.35714 | S44: =(R38*R44)/(S38) -> 145.55556 | T44: =(S38*S44)/(T38) -> 151.15385 | U44: =(T38*T44)/(U38) -> 157.2 | V44: =(U38*U44)/(V38) -> 163.75 | W44: =(V38*V44)/(W38) -> 170.86957 | X44: =(W38*W44)/(X38) -> 178.63636 | ... AJ44: =(AI38*AI44)/(AJ38) -> 393
A45: 39 cm | B45: =(C38*C45)/(B38) -> 40.5 | C45: =(D38*D45)/(C38) -> 50.625 | D45: =(E38*E45)/(D38) -> 67.5 | E45: =(F38*F45)/(E38) -> 81 | F45: =(G38*G45)/(F38) -> 101.25 | G45: =(H38*H45)/(G38) -> 103.84615 | H45: =(I38*I45)/(H38) -> 106.57895 | I45: =(J38*J45)/(I38) -> 109.45946 | ... O45: =(P38*P45)/(O38) -> 130.64516 | P45: 135 | Q45: =(P38*P45)/(Q38) -> 139.65517 | R45: =(Q38*Q45)/(R38) -> 144.64286 | S45: =(R38*R45)/(S38) -> 150 | T45: =(S38*S45)/(T38) -> 155.76923 | U45: =(T38*T45)/(U38) -> 162 | V45: =(U38*U45)/(V38) -> 168.75 | W45: =(V38*V45)/(W38) -> 176.08696 | X45: =(W38*W45)/(X38) -> 184.09091 | ... AJ45: =(AI38*AI45)/(AJ38) -> 405
A46: 38 cm | B46: =(C38*C46)/(B38) -> 41.4 | C46: =(D38*D46)/(C38) -> 51.75 | D46: =(E38*E46)/(D38) -> 69 | E46: =(F38*F46)/(E38) -> 82.8 | F46: =(G38*G46)/(F38) -> 103.5 | G46: =(H38*H46)/(G38) -> 106.15385 | H46: =(I38*I46)/(H38) -> 108.94737 | I46: =(J38*J46)/(I38) -> 111.89189 | ... O46: =(P38*P46)/(O38) -> 133.54839 | P46: 138 | Q46: =(P38*P46)/(Q38) -> 142.75862 | R46: =(Q38*Q46)/(R38) -> 147.85714 | S46: =(R38*R46)/(S38) -> 153.33333 | T46: =(S38*S46)/(T38) -> 159.23077 | U46: =(T38*T46)/(U38) -> 165.6 | V46: =(U38*U46)/(V38) -> 172.5 | W46: =(V38*V46)/(W38) -> 180 | X46: =(W38*W46)/(X38) -> 188.18182 | ... AJ46: =(AI38*AI46)/(AJ38) -> 414
A47: 37 cm | B47: =(C38*C47)/(B38) -> 42.6 | C47: =(D38*D47)/(C38) -> 53.25 | D47: =(E38*E47)/(D38) -> 71 | E47: =(F38*F47)/(E38) -> 85.2 | F47: =(G38*G47)/(F38) -> 106.5 | G47: =(H38*H47)/(G38) -> 109.23077 | H47: =(I38*I47)/(H38) -> 112.10526 | I47: =(J38*J47)/(I38) -> 115.13514 | ... O47: =(P38*P47)/(O38) -> 137.41935 | P47: 142 | Q47: =(P38*P47)/(Q38) -> 146.89655 | R47: =(Q38*Q47)/(R38) -> 152.14286 | S47: =(R38*R47)/(S38) -> 157.77778 | T47: =(S38*S47)/(T38) -> 163.84615 | U47: =(T38*T47)/(U38) -> 170.4 | V47: =(U38*U47)/(V38) -> 177.5 | W47: =(V38*V47)/(W38) -> 185.21739 | X47: =(W38*W47)/(X38) -> 193.63636 | ... AJ47: =(AI38*AI47)/(AJ38) -> 426
A48: 36 cm | B48: =(C38*C48)/(B38) -> 43.8 | C48: =(D38*D48)/(C38) -> 54.75 | D48: =(E38*E48)/(D38) -> 73 | E48: =(F38*F48)/(E38) -> 87.6 | F48: =(G38*G48)/(F38) -> 109.5 | G48: =(H38*H48)/(G38) -> 112.30769 | H48: =(I38*I48)/(H38) -> 115.26316 | I48: =(J38*J48)/(I38) -> 118.37838 | ... O48: =(P38*P48)/(O38) -> 141.29032 | P48: 146 | Q48: =(P38*P48)/(Q38) -> 151.03448 | R48: =(Q38*Q48)/(R38) -> 156.42857 | S48: =(R38*R48)/(S38) -> 162.22222 | T48: =(S38*S48)/(T38) -> 168.46154 | U48: =(T38*T48)/(U38) -> 175.2 | V48: =(U38*U48)/(V38) -> 182.5 | W48: =(V38*V48)/(W38) -> 190.43478 | X48: =(W38*W48)/(X38) -> 199.09091 | ... AJ48: =(AI38*AI48)/(AJ38) -> 438
A49: 35 cm | B49: =(C38*C49)/(B38) -> 45 | C49: =(D38*D49)/(C38) -> 56.25 | D49: =(E38*E49)/(D38) -> 75 | E49: =(F38*F49)/(E38) -> 90 | F49: =(G38*G49)/(F38) -> 112.5 | G49: =(H38*H49)/(G38) -> 115.38462 | H49: =(I38*I49)/(H38) -> 118.42105 | I49: =(J38*J49)/(I38) -> 121.62162 | ... O49: =(P38*P49)/(O38) -> 145.16129 | P49: 150 | Q49: =(P38*P49)/(Q38) -> 155.17241 | R49: =(Q38*Q49)/(R38) -> 160.71429 | S49: =(R38*R49)/(S38) -> 166.66667 | T49: =(S38*S49)/(T38) -> 173.07692 | U49: =(T38*T49)/(U38) -> 180 | V49: =(U38*U49)/(V38) -> 187.5 | W49: =(V38*V49)/(W38) -> 195.65217 | X49: =(W38*W49)/(X38) -> 204.54545 | ... AJ49: =(AI38*AI49)/(AJ38) -> 450
A50: 34 cm | B50: =(C38*C50)/(B38) -> 46.2 | C50: =(D38*D50)/(C38) -> 57.75 | D50: =(E38*E50)/(D38) -> 77 | E50: =(F38*F50)/(E38) -> 92.4 | F50: =(G38*G50)/(F38) -> 115.5 | G50: =(H38*H50)/(G38) -> 118.46154 | H50: =(I38*I50)/(H38) -> 121.57895 | I50: =(J38*J50)/(I38) -> 124.86486 | ... O50: =(P38*P50)/(O38) -> 149.03226 | P50: 154 | Q50: =(P38*P50)/(Q38) -> 159.31034 | R50: =(Q38*Q50)/(R38) -> 165 | S50: =(R38*R50)/(S38) -> 171.11111 | T50: =(S38*S50)/(T38) -> 177.69231 | U50: =(T38*T50)/(U38) -> 184.8 | V50: =(U38*U50)/(V38) -> 192.5 | W50: =(V38*V50)/(W38) -> 200.86957 | X50: =(W38*W50)/(X38) -> 210 | ... AJ50: =(AI38*AI50)/(AJ38) -> 462
A51: 33 cm | B51: =(C38*C51)/(B38) -> 47.7 | C51: =(D38*D51)/(C38) -> 59.625 | D51: =(E38*E51)/(D38) -> 79.5 | E51: =(F38*F51)/(E38) -> 95.4 | F51: =(G38*G51)/(F38) -> 119.25 | G51: =(H38*H51)/(G38) -> 122.30769 | H51: =(I38*I51)/(H38) -> 125.52632 | I51: =(J38*J51)/(I38) -> 128.91892 | ... O51: =(P38*P51)/(O38) -> 153.87097 | P51: 159 | Q51: =(P38*P51)/(Q38) -> 164.48276 | R51: =(Q38*Q51)/(R38) -> 170.35714 | S51: =(R38*R51)/(S38) -> 176.66667 | T51: =(S38*S51)/(T38) -> 183.46154 | U51: =(T38*T51)/(U38) -> 190.8 | V51: =(U38*U51)/(V38) -> 198.75 | W51: =(V38*V51)/(W38) -> 207.3913 | X51: =(W38*W51)/(X38) -> 216.81818 | ... AJ51: =(AI38*AI51)/(AJ38) -> 477
A52: 32 cm | B52: =(C38*C52)/(B38) -> 49.2 | C52: =(D38*D52)/(C38) -> 61.5 | D52: =(E38*E52)/(D38) -> 82 | E52: =(F38*F52)/(E38) -> 98.4 | F52: =(G38*G52)/(F38) -> 123 | G52: =(H38*H52)/(G38) -> 126.15385 | H52: =(I38*I52)/(H38) -> 129.47368 | I52: =(J38*J52)/(I38) -> 132.97297 | ... O52: =(P38*P52)/(O38) -> 158.70968 | P52: 164 | Q52: =(P38*P52)/(Q38) -> 169.65517 | R52: =(Q38*Q52)/(R38) -> 175.71429 | S52: =(R38*R52)/(S38) -> 182.22222 | T52: =(S38*S52)/(T38) -> 189.23077 | U52: =(T38*T52)/(U38) -> 196.8 | V52: =(U38*U52)/(V38) -> 205 | W52: =(V38*V52)/(W38) -> 213.91304 | X52: =(W38*W52)/(X38) -> 223.63636 | ... AJ52: =(AI38*AI52)/(AJ38) -> 492
A53: 31 cm | B53: =(C38*C53)/(B38) -> 50.7 | C53: =(D38*D53)/(C38) -> 63.375 | D53: =(E38*E53)/(D38) -> 84.5 | E53: =(F38*F53)/(E38) -> 101.4 | F53: =(G38*G53)/(F38) -> 126.75 | G53: =(H38*H53)/(G38) -> 130 | H53: =(I38*I53)/(H38) -> 133.42105 | I53: =(J38*J53)/(I38) -> 137.02703 | ... O53: =(P38*P53)/(O38) -> 163.54839 | P53: 169 | Q53: =(P38*P53)/(Q38) -> 174.82759 | R53: =(Q38*Q53)/(R38) -> 181.07143 | S53: =(R38*R53)/(S38) -> 187.77778 | T53: =(S38*S53)/(T38) -> 195 | U53: =(T38*T53)/(U38) -> 202.8 | V53: =(U38*U53)/(V38) -> 211.25 | W53: =(V38*V53)/(W38) -> 220.43478 | X53: =(W38*W53)/(X38) -> 230.45455 | ... AJ53: =(AI38*AI53)/(AJ38) -> 507
A54: 30 cm | B54: =(C38*C54)/(B38) -> 52.5 | C54: =(D38*D54)/(C38) -> 65.625 | D54: =(E38*E54)/(D38) -> 87.5 | E54: =(F38*F54)/(E38) -> 105 | F54: =(G38*G54)/(F38) -> 131.25 | G54: =(H38*H54)/(G38) -> 134.61538 | H54: =(I38*I54)/(H38) -> 138.15789 | I54: =(J38*J54)/(I38) -> 141.89189 | ... O54: =(P38*P54)/(O38) -> 169.35484 | P54: 175 | Q54: =(P38*P54)/(Q38) -> 181.03448 | R54: =(Q38*Q54)/(R38) -> 187.5 | S54: =(R38*R54)/(S38) -> 194.44444 | T54: =(S38*S54)/(T38) -> 201.92308 | U54: =(T38*T54)/(U38) -> 210 | V54: =(U38*U54)/(V38) -> 218.75 | W54: =(V38*V54)/(W38) -> 228.26087 | X54: =(W38*W54)/(X38) -> 238.63636 | ... AJ54: =(AI38*AI54)/(AJ38) -> 525
A55: 29 cm | B55: =(C38*C55)/(B38) -> 54.3 | C55: =(D38*D55)/(C38) -> 67.875 | D55: =(E38*E55)/(D38) -> 90.5 | E55: =(F38*F55)/(E38) -> 108.6 | F55: =(G38*G55)/(F38) -> 135.75 | G55: =(H38*H55)/(G38) -> 139.23077 | H55: =(I38*I55)/(H38) -> 142.89474 | I55: =(J38*J55)/(I38) -> 146.75676 | ... O55: =(P38*P55)/(O38) -> 175.16129 | P55: 181 | Q55: =(P38*P55)/(Q38) -> 187.24138 | R55: =(Q38*Q55)/(R38) -> 193.92857 | S55: =(R38*R55)/(S38) -> 201.11111 | T55: =(S38*S55)/(T38) -> 208.84615 | U55: =(T38*T55)/(U38) -> 217.2 | V55: =(U38*U55)/(V38) -> 226.25 | W55: =(V38*V55)/(W38) -> 236.08696 | X55: =(W38*W55)/(X38) -> 246.81818 | ... AJ55: =(AI38*AI55)/(AJ38) -> 543
A56: 28 cm | B56: =(C38*C56)/(B38) -> 56.4 | C56: =(D38*D56)/(C38) -> 70.5 | D56: =(E38*E56)/(D38) -> 94 | E56: =(F38*F56)/(E38) -> 112.8 | F56: =(G38*G56)/(F38) -> 141 | G56: =(H38*H56)/(G38) -> 144.61538 | H56: =(I38*I56)/(H38) -> 148.42105 | I56: =(J38*J56)/(I38) -> 152.43243 | ... O56: =(P38*P56)/(O38) -> 181.93548 | P56: 188 | Q56: =(P38*P56)/(Q38) -> 194.48276 | R56: =(Q38*Q56)/(R38) -> 201.42857 | S56: =(R38*R56)/(S38) -> 208.88889 | T56: =(S38*S56)/(T38) -> 216.92308 | U56: =(T38*T56)/(U38) -> 225.6 | V56: =(U38*U56)/(V38) -> 235 | W56: =(V38*V56)/(W38) -> 245.21739 | X56: =(W38*W56)/(X38) -> 256.36364 | ... AJ56: =(AI38*AI56)/(AJ38) -> 564
A57: 27 cm | B57: =(C38*C57)/(B38) -> 58.2 | C57: =(D38*D57)/(C38) -> 72.75 | D57: =(E38*E57)/(D38) -> 97 | E57: =(F38*F57)/(E38) -> 116.4 | F57: =(G38*G57)/(F38) -> 145.5 | G57: =(H38*H57)/(G38) -> 149.23077 | H57: =(I38*I57)/(H38) -> 153.15789 | I57: =(J38*J57)/(I38) -> 157.2973 | ... O57: =(P38*P57)/(O38) -> 187.74194 | P57: 194 | Q57: =(P38*P57)/(Q38) -> 200.68966 | R57: =(Q38*Q57)/(R38) -> 207.85714 | S57: =(R38*R57)/(S38) -> 215.55556 | T57: =(S38*S57)/(T38) -> 223.84615 | U57: =(T38*T57)/(U38) -> 232.8 | V57: =(U38*U57)/(V38) -> 242.5 | W57: =(V38*V57)/(W38) -> 253.04348 | X57: =(W38*W57)/(X38) -> 264.54545 | ... AJ57: =(AI38*AI57)/(AJ38) -> 582
A58: 26 cm | B58: =(C38*C58)/(B38) -> 60.6 | C58: =(D38*D58)/(C38) -> 75.75 | D58: =(E38*E58)/(D38) -> 101 | E58: =(F38*F58)/(E38) -> 121.2 | F58: =(G38*G58)/(F38) -> 151.5 | G58: =(H38*H58)/(G38) -> 155.38462 | H58: =(I38*I58)/(H38) -> 159.47368 | I58: =(J38*J58)/(I38) -> 163.78378 | ... O58: =(P38*P58)/(O38) -> 195.48387 | P58: 202 | Q58: =(P38*P58)/(Q38) -> 208.96552 | R58: =(Q38*Q58)/(R38) -> 216.42857 | S58: =(R38*R58)/(S38) -> 224.44444 | T58: =(S38*S58)/(T38) -> 233.07692 | U58: =(T38*T58)/(U38) -> 242.4 | V58: =(U38*U58)/(V38) -> 252.5 | W58: =(V38*V58)/(W38) -> 263.47826 | X58: =(W38*W58)/(X38) -> 275.45455 | ... AJ58: =(AI38*AI58)/(AJ38) -> 606
A59: 25 cm | B59: =(C38*C59)/(B38) -> 63 | C59: =(D38*D59)/(C38) -> 78.75 | D59: =(E38*E59)/(D38) -> 105 | E59: =(F38*F59)/(E38) -> 126 | F59: =(G38*G59)/(F38) -> 157.5 | G59: =(H38*H59)/(G38) -> 161.53846 | H59: =(I38*I59)/(H38) -> 165.78947 | I59: =(J38*J59)/(I38) -> 170.27027 | ... O59: =(P38*P59)/(O38) -> 203.22581 | P59: 210 | Q59: =(P38*P59)/(Q38) -> 217.24138 | R59: =(Q38*Q59)/(R38) -> 225 | S59: =(R38*R59)/(S38) -> 233.33333 | T59: =(S38*S59)/(T38) -> 242.30769 | U59: =(T38*T59)/(U38) -> 252 | V59: =(U38*U59)/(V38) -> 262.5 | W59: =(V38*V59)/(W38) -> 273.91304 | X59: =(W38*W59)/(X38) -> 286.36364 | ... AJ59: =(AI38*AI59)/(AJ38) -> 630
A60: 24 cm | B60: =(C38*C60)/(B38) -> 65.7 | C60: =(D38*D60)/(C38) -> 82.125 | D60: =(E38*E60)/(D38) -> 109.5 | E60: =(F38*F60)/(E38) -> 131.4 | F60: =(G38*G60)/(F38) -> 164.25 | G60: =(H38*H60)/(G38) -> 168.46154 | H60: =(I38*I60)/(H38) -> 172.89474 | I60: =(J38*J60)/(I38) -> 177.56757 | ... O60: =(P38*P60)/(O38) -> 211.93548 | P60: 219 | Q60: =(P38*P60)/(Q38) -> 226.55172 | R60: =(Q38*Q60)/(R38) -> 234.64286 | S60: =(R38*R60)/(S38) -> 243.33333 | T60: =(S38*S60)/(T38) -> 252.69231 | U60: =(T38*T60)/(U38) -> 262.8 | V60: =(U38*U60)/(V38) -> 273.75 | W60: =(V38*V60)/(W38) -> 285.65217 | X60: =(W38*W60)/(X38) -> 298.63636 | ... AJ60: =(AI38*AI60)/(AJ38) -> 657
A61: 23 cm | B61: =(C38*C61)/(B38) -> 68.4 | C61: =(D38*D61)/(C38) -> 85.5 | D61: =(E38*E61)/(D38) -> 114 | E61: =(F38*F61)/(E38) -> 136.8 | F61: =(G38*G61)/(F38) -> 171 | G61: =(H38*H61)/(G38) -> 175.38462 | H61: =(I38*I61)/(H38) -> 180 | I61: =(J38*J61)/(I38) -> 184.86486 | ... O61: =(P38*P61)/(O38) -> 220.64516 | P61: 228 | Q61: =(P38*P61)/(Q38) -> 235.86207 | R61: =(Q38*Q61)/(R38) -> 244.28571 | S61: =(R38*R61)/(S38) -> 253.33333 | T61: =(S38*S61)/(T38) -> 263.07692 | U61: =(T38*T61)/(U38) -> 273.6 | V61: =(U38*U61)/(V38) -> 285 | W61: =(V38*V61)/(W38) -> 297.3913 | X61: =(W38*W61)/(X38) -> 310.90909 | ... AJ61: =(AI38*AI61)/(AJ38) -> 684
A62: 22 cm | B62: =(C38*C62)/(B38) -> 71.7 | C62: =(D38*D62)/(C38) -> 89.625 | D62: =(E38*E62)/(D38) -> 119.5 | E62: =(F38*F62)/(E38) -> 143.4 | F62: =(G38*G62)/(F38) -> 179.25 | G62: =(H38*H62)/(G38) -> 183.84615 | H62: =(I38*I62)/(H38) -> 188.68421 | I62: =(J38*J62)/(I38) -> 193.78378 | ... O62: =(P38*P62)/(O38) -> 231.29032 | P62: 239 | Q62: =(P38*P62)/(Q38) -> 247.24138 | R62: =(Q38*Q62)/(R38) -> 256.07143 | S62: =(R38*R62)/(S38) -> 265.55556 | T62: =(S38*S62)/(T38) -> 275.76923 | U62: =(T38*T62)/(U38) -> 286.8 | V62: =(U38*U62)/(V38) -> 298.75 | W62: =(V38*V62)/(W38) -> 311.73913 | X62: =(W38*W62)/(X38) -> 325.90909 | ... AJ62: =(AI38*AI62)/(AJ38) -> 717
A63: 21 cm | B63: =(C38*C63)/(B38) -> 75 | C63: =(D38*D63)/(C38) -> 93.75 | D63: =(E38*E63)/(D38) -> 125 | E63: =(F38*F63)/(E38) -> 150 | F63: =(G38*G63)/(F38) -> 187.5 | G63: =(H38*H63)/(G38) -> 192.30769 | H63: =(I38*I63)/(H38) -> 197.36842 | I63: =(J38*J63)/(I38) -> 202.7027 | ... O63: =(P38*P63)/(O38) -> 241.93548 | P63: 250 | Q63: =(P38*P63)/(Q38) -> 258.62069 | R63: =(Q38*Q63)/(R38) -> 267.85714 | S63: =(R38*R63)/(S38) -> 277.77778 | T63: =(S38*S63)/(T38) -> 288.46154 | U63: =(T38*T63)/(U38) -> 300 | V63: =(U38*U63)/(V38) -> 312.5 | W63: =(V38*V63)/(W38) -> 326.08696 | X63: =(W38*W63)/(X38) -> 340.90909 | ... AJ63: =(AI38*AI63)/(AJ38) -> 750
A64: 20 cm | B64: =(C38*C64)/(B38) -> 78.9 | C64: =(D38*D64)/(C38) -> 98.625 | D64: =(E38*E64)/(D38) -> 131.5 | E64: =(F38*F64)/(E38) -> 157.8 | F64: =(G38*G64)/(F38) -> 197.25 | G64: =(H38*H64)/(G38) -> 202.30769 | H64: =(I38*I64)/(H38) -> 207.63158 | I64: =(J38*J64)/(I38) -> 213.24324 | ... O64: =(P38*P64)/(O38) -> 254.51613 | P64: 263 | Q64: =(P38*P64)/(Q38) -> 272.06897 | R64: =(Q38*Q64)/(R38) -> 281.78571 | S64: =(R38*R64)/(S38) -> 292.22222 | T64: =(S38*S64)/(T38) -> 303.46154 | U64: =(T38*T64)/(U38) -> 315.6 | V64: =(U38*U64)/(V38) -> 328.75 | W64: =(V38*V64)/(W38) -> 343.04348 | X64: =(W38*W64)/(X38) -> 358.63636 | ... AJ64: =(AI38*AI64)/(AJ38) -> 789
A65: 19 cm | B65: =(C38*C65)/(B38) -> 82.8 | C65: =(D38*D65)/(C38) -> 103.5 | D65: =(E38*E65)/(D38) -> 138 | E65: =(F38*F65)/(E38) -> 165.6 | F65: =(G38*G65)/(F38) -> 207 | G65: =(H38*H65)/(G38) -> 212.30769 | H65: =(I38*I65)/(H38) -> 217.89474 | I65: =(J38*J65)/(I38) -> 223.78378 | ... O65: =(P38*P65)/(O38) -> 267.09677 | P65: 276 | Q65: =(P38*P65)/(Q38) -> 285.51724 | R65: =(Q38*Q65)/(R38) -> 295.71429 | S65: =(R38*R65)/(S38) -> 306.66667 | T65: =(S38*S65)/(T38) -> 318.46154 | U65: =(T38*T65)/(U38) -> 331.2 | V65: =(U38*U65)/(V38) -> 345 | W65: =(V38*V65)/(W38) -> 360 | X65: =(W38*W65)/(X38) -> 376.36364 | ... AJ65: =(AI38*AI65)/(AJ38) -> 828
A66: 18 cm | B66: =(C38*C66)/(B38) -> 87.6 | C66: =(D38*D66)/(C38) -> 109.5 | D66: =(E38*E66)/(D38) -> 146 | E66: =(F38*F66)/(E38) -> 175.2 | F66: =(G38*G66)/(F38) -> 219 | G66: =(H38*H66)/(G38) -> 224.61538 | H66: =(I38*I66)/(H38) -> 230.52632 | I66: =(J38*J66)/(I38) -> 236.75676 | ... O66: =(P38*P66)/(O38) -> 282.58065 | P66: 292 | Q66: =(P38*P66)/(Q38) -> 302.06897 | R66: =(Q38*Q66)/(R38) -> 312.85714 | S66: =(R38*R66)/(S38) -> 324.44444 | T66: =(S38*S66)/(T38) -> 336.92308 | U66: =(T38*T66)/(U38) -> 350.4 | V66: =(U38*U66)/(V38) -> 365 | W66: =(V38*V66)/(W38) -> 380.86957 | X66: =(W38*W66)/(X38) -> 398.18182 | ... AJ66: =(AI38*AI66)/(AJ38) -> 876
A67: 17 cm | B67: =(C38*C67)/(B38) -> 92.7 | C67: =(D38*D67)/(C38) -> 115.875 | D67: =(E38*E67)/(D38) -> 154.5 | E67: =(F38*F67)/(E38) -> 185.4 | F67: =(G38*G67)/(F38) -> 231.75 | G67: =(H38*H67)/(G38) -> 237.69231 | H67: =(I38*I67)/(H38) -> 243.94737 | I67: =(J38*J67)/(I38) -> 250.54054 | ... O67: =(P38*P67)/(O38) -> 299.03226 | P67: 309 | Q67: =(P38*P67)/(Q38) -> 319.65517 | R67: =(Q38*Q67)/(R38) -> 331.07143 | S67: =(R38*R67)/(S38) -> 343.33333 | T67: =(S38*S67)/(T38) -> 356.53846 | U67: =(T38*T67)/(U38) -> 370.8 | V67: =(U38*U67)/(V38) -> 386.25 | W67: =(V38*V67)/(W38) -> 403.04348 | X67: =(W38*W67)/(X38) -> 421.36364 | ... AJ67: =(AI38*AI67)/(AJ38) -> 927
A68: 16 cm | B68: =(C38*C68)/(B38) -> 98.4 | C68: =(D38*D68)/(C38) -> 123 | D68: =(E38*E68)/(D38) -> 164 | E68: =(F38*F68)/(E38) -> 196.8 | F68: =(G38*G68)/(F38) -> 246 | G68: =(H38*H68)/(G38) -> 252.30769 | H68: =(I38*I68)/(H38) -> 258.94737 | I68: =(J38*J68)/(I38) -> 265.94595 | ... O68: =(P38*P68)/(O38) -> 317.41935 | P68: 328 | Q68: =(P38*P68)/(Q38) -> 339.31034 | R68: =(Q38*Q68)/(R38) -> 351.42857 | S68: =(R38*R68)/(S38) -> 364.44444 | T68: =(S38*S68)/(T38) -> 378.46154 | U68: =(T38*T68)/(U38) -> 393.6 | V68: =(U38*U68)/(V38) -> 410 | W68: =(V38*V68)/(W38) -> 427.82609 | X68: =(W38*W68)/(X38) -> 447.27273 | ... AJ68: =(AI38*AI68)/(AJ38) -> 984
A69: 15 cm | B69: =(C38*C69)/(B38) -> 105 | C69: =(D38*D69)/(C38) -> 131.25 | D69: =(E38*E69)/(D38) -> 175 | E69: =(F38*F69)/(E38) -> 210 | F69: =(G38*G69)/(F38) -> 262.5 | G69: =(H38*H69)/(G38) -> 269.23077 | H69: =(I38*I69)/(H38) -> 276.31579 | I69: =(J38*J69)/(I38) -> 283.78378 | ... O69: =(P38*P69)/(O38) -> 338.70968 | P69: 350 | Q69: =(P38*P69)/(Q38) -> 362.06897 | R69: =(Q38*Q69)/(R38) -> 375 | S69: =(R38*R69)/(S38) -> 388.88889 | T69: =(S38*S69)/(T38) -> 403.84615 | U69: =(T38*T69)/(U38) -> 420 | V69: =(U38*U69)/(V38) -> 437.5 | W69: =(V38*V69)/(W38) -> 456.52174 | X69: =(W38*W69)/(X38) -> 477.27273 | ... AJ69: =(AI38*AI69)/(AJ38) -> 1050
C70: NOT:Çizelgede belirtilen iplik uzunluklarına;Orta renklerde 2mm,Koyu renklerde 4mm daha ilave ekle (hesaplama 28 fayna göre yapılmıştır)
B71: 40 DENYE %5 LYCRALI SÜPREMLERİN GRAMAJLARINA GÖRE 100 MAYDAKİ ORTALAMA İPLİK UZUNLUKLARI
A72: 40 | B72: İPLİK NUMARALARI
A73: DENYELİ | B73: 100 | C73: 80 | D73: 60 | E73: 50 | F73: 40 | G73: 39 | H73: 38 | I73: 37 | J73: 36 | K73: 35 | L73: 34 | M73: 33 | N73: 32 | O73: 31 | P73: 30 | Q73: 29 | R73: 28 | S73: 27 | T73: 26 | U73: 25 | V73: 24 | W73: 23 | X73: 22 | Y73: 21 | Z73: 20 | AA73: 19 | AB73: 18 | AC73: 17 | AD73: 16 | AE73: 15 | AF73: 14 | AG73: 13 | AH73: 12 | AI73: 11 | AJ73: 10
A74: 45 cm | B74: =(C73*C74)/(B73) -> 36.9 | C74: =(D73*D74)/(C73) -> 46.125 | D74: =(E73*E74)/(D73) -> 61.5 | E74: =(F73*F74)/(E73) -> 73.8 | F74: =(G73*G74)/(F73) -> 92.25 | G74: =(H73*H74)/(G73) -> 94.615385 | H74: =(I73*I74)/(H73) -> 97.105263 | I74: =(J73*J74)/(I73) -> 99.72973 | ... O74: =(P73*P74)/(O73) -> 119.03226 | P74: 123 | Q74: =(P73*P74)/(Q73) -> 127.24138 | R74: =(Q73*Q74)/(R73) -> 131.78571 | S74: =(R73*R74)/(S73) -> 136.66667 | T74: =(S73*S74)/(T73) -> 141.92308 | U74: =(T73*T74)/(U73) -> 147.6 | V74: =(U73*U74)/(V73) -> 153.75 | W74: =(V73*V74)/(W73) -> 160.43478 | X74: =(W73*W74)/(X73) -> 167.72727 | ... AJ74: =(AI73*AI74)/(AJ73) -> 369
A75: 44 cm | B75: =(C73*C75)/(B73) -> 37.8 | C75: =(D73*D75)/(C73) -> 47.25 | D75: =(E73*E75)/(D73) -> 63 | E75: =(F73*F75)/(E73) -> 75.6 | F75: =(G73*G75)/(F73) -> 94.5 | G75: =(H73*H75)/(G73) -> 96.923077 | H75: =(I73*I75)/(H73) -> 99.473684 | I75: =(J73*J75)/(I73) -> 102.16216 | ... O75: =(P73*P75)/(O73) -> 121.93548 | P75: 126 | Q75: =(P73*P75)/(Q73) -> 130.34483 | R75: =(Q73*Q75)/(R73) -> 135 | S75: =(R73*R75)/(S73) -> 140 | T75: =(S73*S75)/(T73) -> 145.38462 | U75: =(T73*T75)/(U73) -> 151.2 | V75: =(U73*U75)/(V73) -> 157.5 | W75: =(V73*V75)/(W73) -> 164.34783 | X75: =(W73*W75)/(X73) -> 171.81818 | ... AJ75: =(AI73*AI75)/(AJ73) -> 378
A76: 43 cm | B76: =(C73*C76)/(B73) -> 38.7 | C76: =(D73*D76)/(C73) -> 48.375 | D76: =(E73*E76)/(D73) -> 64.5 | E76: =(F73*F76)/(E73) -> 77.4 | F76: =(G73*G76)/(F73) -> 96.75 | G76: =(H73*H76)/(G73) -> 99.230769 | H76: =(I73*I76)/(H73) -> 101.84211 | I76: =(J73*J76)/(I73) -> 104.59459 | ... O76: =(P73*P76)/(O73) -> 124.83871 | P76: 129 | Q76: =(P73*P76)/(Q73) -> 133.44828 | R76: =(Q73*Q76)/(R73) -> 138.21429 | S76: =(R73*R76)/(S73) -> 143.33333 | T76: =(S73*S76)/(T73) -> 148.84615 | U76: =(T73*T76)/(U73) -> 154.8 | V76: =(U73*U76)/(V73) -> 161.25 | W76: =(V73*V76)/(W73) -> 168.26087 | X76: =(W73*W76)/(X73) -> 175.90909 | ... AJ76: =(AI73*AI76)/(AJ73) -> 387
A77: 42 cm | B77: =(C73*C77)/(B73) -> 39.6 | C77: =(D73*D77)/(C73) -> 49.5 | D77: =(E73*E77)/(D73) -> 66 | E77: =(F73*F77)/(E73) -> 79.2 | F77: =(G73*G77)/(F73) -> 99 | G77: =(H73*H77)/(G73) -> 101.53846 | H77: =(I73*I77)/(H73) -> 104.21053 | I77: =(J73*J77)/(I73) -> 107.02703 | ... O77: =(P73*P77)/(O73) -> 127.74194 | P77: 132 | Q77: =(P73*P77)/(Q73) -> 136.55172 | R77: =(Q73*Q77)/(R73) -> 141.42857 | S77: =(R73*R77)/(S73) -> 146.66667 | T77: =(S73*S77)/(T73) -> 152.30769 | U77: =(T73*T77)/(U73) -> 158.4 | V77: =(U73*U77)/(V73) -> 165 | W77: =(V73*V77)/(W73) -> 172.17391 | X77: =(W73*W77)/(X73) -> 180 | ... AJ77: =(AI73*AI77)/(AJ73) -> 396
A78: 41 cm | B78: =(C73*C78)/(B73) -> 40.5 | C78: =(D73*D78)/(C73) -> 50.625 | D78: =(E73*E78)/(D73) -> 67.5 | E78: =(F73*F78)/(E73) -> 81 | F78: =(G73*G78)/(F73) -> 101.25 | G78: =(H73*H78)/(G73) -> 103.84615 | H78: =(I73*I78)/(H73) -> 106.57895 | I78: =(J73*J78)/(I73) -> 109.45946 | ... O78: =(P73*P78)/(O73) -> 130.64516 | P78: 135 | Q78: =(P73*P78)/(Q73) -> 139.65517 | R78: =(Q73*Q78)/(R73) -> 144.64286 | S78: =(R73*R78)/(S73) -> 150 | T78: =(S73*S78)/(T73) -> 155.76923 | U78: =(T73*T78)/(U73) -> 162 | V78: =(U73*U78)/(V73) -> 168.75 | W78: =(V73*V78)/(W73) -> 176.08696 | X78: =(W73*W78)/(X73) -> 184.09091 | ... AJ78: =(AI73*AI78)/(AJ73) -> 405
A79: 40 cm | B79: =(C73*C79)/(B73) -> 41.7 | C79: =(D73*D79)/(C73) -> 52.125 | D79: =(E73*E79)/(D73) -> 69.5 | E79: =(F73*F79)/(E73) -> 83.4 | F79: =(G73*G79)/(F73) -> 104.25 | G79: =(H73*H79)/(G73) -> 106.92308 | H79: =(I73*I79)/(H73) -> 109.73684 | I79: =(J73*J79)/(I73) -> 112.7027 | ... O79: =(P73*P79)/(O73) -> 134.51613 | P79: 139 | Q79: =(P73*P79)/(Q73) -> 143.7931 | R79: =(Q73*Q79)/(R73) -> 148.92857 | S79: =(R73*R79)/(S73) -> 154.44444 | T79: =(S73*S79)/(T73) -> 160.38462 | U79: =(T73*T79)/(U73) -> 166.8 | V79: =(U73*U79)/(V73) -> 173.75 | W79: =(V73*V79)/(W73) -> 181.30435 | X79: =(W73*W79)/(X73) -> 189.54545 | ... AJ79: =(AI73*AI79)/(AJ73) -> 417
A80: 39 cm | B80: =(C73*C80)/(B73) -> 42.6 | C80: =(D73*D80)/(C73) -> 53.25 | D80: =(E73*E80)/(D73) -> 71 | E80: =(F73*F80)/(E73) -> 85.2 | F80: =(G73*G80)/(F73) -> 106.5 | G80: =(H73*H80)/(G73) -> 109.23077 | H80: =(I73*I80)/(H73) -> 112.10526 | I80: =(J73*J80)/(I73) -> 115.13514 | ... O80: =(P73*P80)/(O73) -> 137.41935 | P80: 142 | Q80: =(P73*P80)/(Q73) -> 146.89655 | R80: =(Q73*Q80)/(R73) -> 152.14286 | S80: =(R73*R80)/(S73) -> 157.77778 | T80: =(S73*S80)/(T73) -> 163.84615 | U80: =(T73*T80)/(U73) -> 170.4 | V80: =(U73*U80)/(V73) -> 177.5 | W80: =(V73*V80)/(W73) -> 185.21739 | X80: =(W73*W80)/(X73) -> 193.63636 | ... AJ80: =(AI73*AI80)/(AJ73) -> 426
A81: 38 cm | B81: =(C73*C81)/(B73) -> 43.8 | C81: =(D73*D81)/(C73) -> 54.75 | D81: =(E73*E81)/(D73) -> 73 | E81: =(F73*F81)/(E73) -> 87.6 | F81: =(G73*G81)/(F73) -> 109.5 | G81: =(H73*H81)/(G73) -> 112.30769 | H81: =(I73*I81)/(H73) -> 115.26316 | I81: =(J73*J81)/(I73) -> 118.37838 | ... O81: =(P73*P81)/(O73) -> 141.29032 | P81: 146 | Q81: =(P73*P81)/(Q73) -> 151.03448 | R81: =(Q73*Q81)/(R73) -> 156.42857 | S81: =(R73*R81)/(S73) -> 162.22222 | T81: =(S73*S81)/(T73) -> 168.46154 | U81: =(T73*T81)/(U73) -> 175.2 | V81: =(U73*U81)/(V73) -> 182.5 | W81: =(V73*V81)/(W73) -> 190.43478 | X81: =(W73*W81)/(X73) -> 199.09091 | ... AJ81: =(AI73*AI81)/(AJ73) -> 438
A82: 37 cm | B82: =(C73*C82)/(B73) -> 45 | C82: =(D73*D82)/(C73) -> 56.25 | D82: =(E73*E82)/(D73) -> 75 | E82: =(F73*F82)/(E73) -> 90 | F82: =(G73*G82)/(F73) -> 112.5 | G82: =(H73*H82)/(G73) -> 115.38462 | H82: =(I73*I82)/(H73) -> 118.42105 | I82: =(J73*J82)/(I73) -> 121.62162 | ... O82: =(P73*P82)/(O73) -> 145.16129 | P82: 150 | Q82: =(P73*P82)/(Q73) -> 155.17241 | R82: =(Q73*Q82)/(R73) -> 160.71429 | S82: =(R73*R82)/(S73) -> 166.66667 | T82: =(S73*S82)/(T73) -> 173.07692 | U82: =(T73*T82)/(U73) -> 180 | V82: =(U73*U82)/(V73) -> 187.5 | W82: =(V73*V82)/(W73) -> 195.65217 | X82: =(W73*W82)/(X73) -> 204.54545 | ... AJ82: =(AI73*AI82)/(AJ73) -> 450
A83: 36 cm | B83: =(C73*C83)/(B73) -> 46.2 | C83: =(D73*D83)/(C73) -> 57.75 | D83: =(E73*E83)/(D73) -> 77 | E83: =(F73*F83)/(E73) -> 92.4 | F83: =(G73*G83)/(F73) -> 115.5 | G83: =(H73*H83)/(G73) -> 118.46154 | H83: =(I73*I83)/(H73) -> 121.57895 | I83: =(J73*J83)/(I73) -> 124.86486 | ... O83: =(P73*P83)/(O73) -> 149.03226 | P83: 154 | Q83: =(P73*P83)/(Q73) -> 159.31034 | R83: =(Q73*Q83)/(R73) -> 165 | S83: =(R73*R83)/(S73) -> 171.11111 | T83: =(S73*S83)/(T73) -> 177.69231 | U83: =(T73*T83)/(U73) -> 184.8 | V83: =(U73*U83)/(V73) -> 192.5 | W83: =(V73*V83)/(W73) -> 200.86957 | X83: =(W73*W83)/(X73) -> 210 | ... AJ83: =(AI73*AI83)/(AJ73) -> 462
A84: 35 cm | B84: =(C73*C84)/(B73) -> 47.7 | C84: =(D73*D84)/(C73) -> 59.625 | D84: =(E73*E84)/(D73) -> 79.5 | E84: =(F73*F84)/(E73) -> 95.4 | F84: =(G73*G84)/(F73) -> 119.25 | G84: =(H73*H84)/(G73) -> 122.30769 | H84: =(I73*I84)/(H73) -> 125.52632 | I84: =(J73*J84)/(I73) -> 128.91892 | ... O84: =(P73*P84)/(O73) -> 153.87097 | P84: 159 | Q84: =(P73*P84)/(Q73) -> 164.48276 | R84: =(Q73*Q84)/(R73) -> 170.35714 | S84: =(R73*R84)/(S73) -> 176.66667 | T84: =(S73*S84)/(T73) -> 183.46154 | U84: =(T73*T84)/(U73) -> 190.8 | V84: =(U73*U84)/(V73) -> 198.75 | W84: =(V73*V84)/(W73) -> 207.3913 | X84: =(W73*W84)/(X73) -> 216.81818 | ... AJ84: =(AI73*AI84)/(AJ73) -> 477
A85: 34 cm | B85: =(C73*C85)/(B73) -> 48.9 | C85: =(D73*D85)/(C73) -> 61.125 | D85: =(E73*E85)/(D73) -> 81.5 | E85: =(F73*F85)/(E73) -> 97.8 | F85: =(G73*G85)/(F73) -> 122.25 | G85: =(H73*H85)/(G73) -> 125.38462 | H85: =(I73*I85)/(H73) -> 128.68421 | I85: =(J73*J85)/(I73) -> 132.16216 | ... O85: =(P73*P85)/(O73) -> 157.74194 | P85: 163 | Q85: =(P73*P85)/(Q73) -> 168.62069 | R85: =(Q73*Q85)/(R73) -> 174.64286 | S85: =(R73*R85)/(S73) -> 181.11111 | T85: =(S73*S85)/(T73) -> 188.07692 | U85: =(T73*T85)/(U73) -> 195.6 | V85: =(U73*U85)/(V73) -> 203.75 | W85: =(V73*V85)/(W73) -> 212.6087 | X85: =(W73*W85)/(X73) -> 222.27273 | ... AJ85: =(AI73*AI85)/(AJ73) -> 489
A86: 33 cm | B86: =(C73*C86)/(B73) -> 50.4 | C86: =(D73*D86)/(C73) -> 63 | D86: =(E73*E86)/(D73) -> 84 | E86: =(F73*F86)/(E73) -> 100.8 | F86: =(G73*G86)/(F73) -> 126 | G86: =(H73*H86)/(G73) -> 129.23077 | H86: =(I73*I86)/(H73) -> 132.63158 | I86: =(J73*J86)/(I73) -> 136.21622 | ... O86: =(P73*P86)/(O73) -> 162.58065 | P86: 168 | Q86: =(P73*P86)/(Q73) -> 173.7931 | R86: =(Q73*Q86)/(R73) -> 180 | S86: =(R73*R86)/(S73) -> 186.66667 | T86: =(S73*S86)/(T73) -> 193.84615 | U86: =(T73*T86)/(U73) -> 201.6 | V86: =(U73*U86)/(V73) -> 210 | W86: =(V73*V86)/(W73) -> 219.13043 | X86: =(W73*W86)/(X73) -> 229.09091 | ... AJ86: =(AI73*AI86)/(AJ73) -> 504
A87: 32 cm | B87: =(C73*C87)/(B73) -> 51.9 | C87: =(D73*D87)/(C73) -> 64.875 | D87: =(E73*E87)/(D73) -> 86.5 | E87: =(F73*F87)/(E73) -> 103.8 | F87: =(G73*G87)/(F73) -> 129.75 | G87: =(H73*H87)/(G73) -> 133.07692 | H87: =(I73*I87)/(H73) -> 136.57895 | I87: =(J73*J87)/(I73) -> 140.27027 | ... O87: =(P73*P87)/(O73) -> 167.41935 | P87: 173 | Q87: =(P73*P87)/(Q73) -> 178.96552 | R87: =(Q73*Q87)/(R73) -> 185.35714 | S87: =(R73*R87)/(S73) -> 192.22222 | T87: =(S73*S87)/(T73) -> 199.61538 | U87: =(T73*T87)/(U73) -> 207.6 | V87: =(U73*U87)/(V73) -> 216.25 | W87: =(V73*V87)/(W73) -> 225.65217 | X87: =(W73*W87)/(X73) -> 235.90909 | ... AJ87: =(AI73*AI87)/(AJ73) -> 519
A88: 31 cm | B88: =(C73*C88)/(B73) -> 53.7 | C88: =(D73*D88)/(C73) -> 67.125 | D88: =(E73*E88)/(D73) -> 89.5 | E88: =(F73*F88)/(E73) -> 107.4 | F88: =(G73*G88)/(F73) -> 134.25 | G88: =(H73*H88)/(G73) -> 137.69231 | H88: =(I73*I88)/(H73) -> 141.31579 | I88: =(J73*J88)/(I73) -> 145.13514 | ... O88: =(P73*P88)/(O73) -> 173.22581 | P88: 179 | Q88: =(P73*P88)/(Q73) -> 185.17241 | R88: =(Q73*Q88)/(R73) -> 191.78571 | S88: =(R73*R88)/(S73) -> 198.88889 | T88: =(S73*S88)/(T73) -> 206.53846 | U88: =(T73*T88)/(U73) -> 214.8 | V88: =(U73*U88)/(V73) -> 223.75 | W88: =(V73*V88)/(W73) -> 233.47826 | X88: =(W73*W88)/(X73) -> 244.09091 | ... AJ88: =(AI73*AI88)/(AJ73) -> 537
A89: 30 cm | B89: =(C73*C89)/(B73) -> 55.5 | C89: =(D73*D89)/(C73) -> 69.375 | D89: =(E73*E89)/(D73) -> 92.5 | E89: =(F73*F89)/(E73) -> 111 | F89: =(G73*G89)/(F73) -> 138.75 | G89: =(H73*H89)/(G73) -> 142.30769 | H89: =(I73*I89)/(H73) -> 146.05263 | I89: =(J73*J89)/(I73) -> 150 | ... O89: =(P73*P89)/(O73) -> 179.03226 | P89: 185 | Q89: =(P73*P89)/(Q73) -> 191.37931 | R89: =(Q73*Q89)/(R73) -> 198.21429 | S89: =(R73*R89)/(S73) -> 205.55556 | T89: =(S73*S89)/(T73) -> 213.46154 | U89: =(T73*T89)/(U73) -> 222 | V89: =(U73*U89)/(V73) -> 231.25 | W89: =(V73*V89)/(W73) -> 241.30435 | X89: =(W73*W89)/(X73) -> 252.27273 | ... AJ89: =(AI73*AI89)/(AJ73) -> 555
A90: 29 cm | B90: =(C73*C90)/(B73) -> 57.3 | C90: =(D73*D90)/(C73) -> 71.625 | D90: =(E73*E90)/(D73) -> 95.5 | E90: =(F73*F90)/(E73) -> 114.6 | F90: =(G73*G90)/(F73) -> 143.25 | G90: =(H73*H90)/(G73) -> 146.92308 | H90: =(I73*I90)/(H73) -> 150.78947 | I90: =(J73*J90)/(I73) -> 154.86486 | ... O90: =(P73*P90)/(O73) -> 184.83871 | P90: 191 | Q90: =(P73*P90)/(Q73) -> 197.58621 | R90: =(Q73*Q90)/(R73) -> 204.64286 | S90: =(R73*R90)/(S73) -> 212.22222 | T90: =(S73*S90)/(T73) -> 220.38462 | U90: =(T73*T90)/(U73) -> 229.2 | V90: =(U73*U90)/(V73) -> 238.75 | W90: =(V73*V90)/(W73) -> 249.13043 | X90: =(W73*W90)/(X73) -> 260.45455 | ... AJ90: =(AI73*AI90)/(AJ73) -> 573
A91: 28 cm | B91: =(C73*C91)/(B73) -> 59.4 | C91: =(D73*D91)/(C73) -> 74.25 | D91: =(E73*E91)/(D73) -> 99 | E91: =(F73*F91)/(E73) -> 118.8 | F91: =(G73*G91)/(F73) -> 148.5 | G91: =(H73*H91)/(G73) -> 152.30769 | H91: =(I73*I91)/(H73) -> 156.31579 | I91: =(J73*J91)/(I73) -> 160.54054 | ... O91: =(P73*P91)/(O73) -> 191.6129 | P91: 198 | Q91: =(P73*P91)/(Q73) -> 204.82759 | R91: =(Q73*Q91)/(R73) -> 212.14286 | S91: =(R73*R91)/(S73) -> 220 | T91: =(S73*S91)/(T73) -> 228.46154 | U91: =(T73*T91)/(U73) -> 237.6 | V91: =(U73*U91)/(V73) -> 247.5 | W91: =(V73*V91)/(W73) -> 258.26087 | X91: =(W73*W91)/(X73) -> 270 | ... AJ91: =(AI73*AI91)/(AJ73) -> 594
A92: 27 cm | B92: =(C73*C92)/(B73) -> 61.8 | C92: =(D73*D92)/(C73) -> 77.25 | D92: =(E73*E92)/(D73) -> 103 | E92: =(F73*F92)/(E73) -> 123.6 | F92: =(G73*G92)/(F73) -> 154.5 | G92: =(H73*H92)/(G73) -> 158.46154 | H92: =(I73*I92)/(H73) -> 162.63158 | I92: =(J73*J92)/(I73) -> 167.02703 | ... O92: =(P73*P92)/(O73) -> 199.35484 | P92: 206 | Q92: =(P73*P92)/(Q73) -> 213.10345 | R92: =(Q73*Q92)/(R73) -> 220.71429 | S92: =(R73*R92)/(S73) -> 228.88889 | T92: =(S73*S92)/(T73) -> 237.69231 | U92: =(T73*T92)/(U73) -> 247.2 | V92: =(U73*U92)/(V73) -> 257.5 | W92: =(V73*V92)/(W73) -> 268.69565 | X92: =(W73*W92)/(X73) -> 280.90909 | ... AJ92: =(AI73*AI92)/(AJ73) -> 618
A93: 26 cm | B93: =(C73*C93)/(B73) -> 63.9 | C93: =(D73*D93)/(C73) -> 79.875 | D93: =(E73*E93)/(D73) -> 106.5 | E93: =(F73*F93)/(E73) -> 127.8 | F93: =(G73*G93)/(F73) -> 159.75 | G93: =(H73*H93)/(G73) -> 163.84615 | H93: =(I73*I93)/(H73) -> 168.15789 | I93: =(J73*J93)/(I73) -> 172.7027 | ... O93: =(P73*P93)/(O73) -> 206.12903 | P93: 213 | Q93: =(P73*P93)/(Q73) -> 220.34483 | R93: =(Q73*Q93)/(R73) -> 228.21429 | S93: =(R73*R93)/(S73) -> 236.66667 | T93: =(S73*S93)/(T73) -> 245.76923 | U93: =(T73*T93)/(U73) -> 255.6 | V93: =(U73*U93)/(V73) -> 266.25 | W93: =(V73*V93)/(W73) -> 277.82609 | X93: =(W73*W93)/(X73) -> 290.45455 | ... AJ93: =(AI73*AI93)/(AJ73) -> 639
A94: 25 cm | B94: =(C73*C94)/(B73) -> 66.6 | C94: =(D73*D94)/(C73) -> 83.25 | D94: =(E73*E94)/(D73) -> 111 | E94: =(F73*F94)/(E73) -> 133.2 | F94: =(G73*G94)/(F73) -> 166.5 | G94: =(H73*H94)/(G73) -> 170.76923 | H94: =(I73*I94)/(H73) -> 175.26316 | I94: =(J73*J94)/(I73) -> 180 | ... O94: =(P73*P94)/(O73) -> 214.83871 | P94: 222 | Q94: =(P73*P94)/(Q73) -> 229.65517 | R94: =(Q73*Q94)/(R73) -> 237.85714 | S94: =(R73*R94)/(S73) -> 246.66667 | T94: =(S73*S94)/(T73) -> 256.15385 | U94: =(T73*T94)/(U73) -> 266.4 | V94: =(U73*U94)/(V73) -> 277.5 | W94: =(V73*V94)/(W73) -> 289.56522 | X94: =(W73*W94)/(X73) -> 302.72727 | ... AJ94: =(AI73*AI94)/(AJ73) -> 666
A95: 24 cm | B95: =(C73*C95)/(B73) -> 69.3 | C95: =(D73*D95)/(C73) -> 86.625 | D95: =(E73*E95)/(D73) -> 115.5 | E95: =(F73*F95)/(E73) -> 138.6 | F95: =(G73*G95)/(F73) -> 173.25 | G95: =(H73*H95)/(G73) -> 177.69231 | H95: =(I73*I95)/(H73) -> 182.36842 | I95: =(J73*J95)/(I73) -> 187.2973 | ... O95: =(P73*P95)/(O73) -> 223.54839 | P95: 231 | Q95: =(P73*P95)/(Q73) -> 238.96552 | R95: =(Q73*Q95)/(R73) -> 247.5 | S95: =(R73*R95)/(S73) -> 256.66667 | T95: =(S73*S95)/(T73) -> 266.53846 | U95: =(T73*T95)/(U73) -> 277.2 | V95: =(U73*U95)/(V73) -> 288.75 | W95: =(V73*V95)/(W73) -> 301.30435 | X95: =(W73*W95)/(X73) -> 315 | ... AJ95: =(AI73*AI95)/(AJ73) -> 693
A96: 23 cm | B96: =(C73*C96)/(B73) -> 72.3 | C96: =(D73*D96)/(C73) -> 90.375 | D96: =(E73*E96)/(D73) -> 120.5 | E96: =(F73*F96)/(E73) -> 144.6 | F96: =(G73*G96)/(F73) -> 180.75 | G96: =(H73*H96)/(G73) -> 185.38462 | H96: =(I73*I96)/(H73) -> 190.26316 | I96: =(J73*J96)/(I73) -> 195.40541 | ... O96: =(P73*P96)/(O73) -> 233.22581 | P96: 241 | Q96: =(P73*P96)/(Q73) -> 249.31034 | R96: =(Q73*Q96)/(R73) -> 258.21429 | S96: =(R73*R96)/(S73) -> 267.77778 | T96: =(S73*S96)/(T73) -> 278.07692 | U96: =(T73*T96)/(U73) -> 289.2 | V96: =(U73*U96)/(V73) -> 301.25 | W96: =(V73*V96)/(W73) -> 314.34783 | X96: =(W73*W96)/(X73) -> 328.63636 | ... AJ96: =(AI73*AI96)/(AJ73) -> 723
A97: 22 cm | B97: =(C73*C97)/(B73) -> 75.6 | C97: =(D73*D97)/(C73) -> 94.5 | D97: =(E73*E97)/(D73) -> 126 | E97: =(F73*F97)/(E73) -> 151.2 | F97: =(G73*G97)/(F73) -> 189 | G97: =(H73*H97)/(G73) -> 193.84615 | H97: =(I73*I97)/(H73) -> 198.94737 | I97: =(J73*J97)/(I73) -> 204.32432 | ... O97: =(P73*P97)/(O73) -> 243.87097 | P97: 252 | Q97: =(P73*P97)/(Q73) -> 260.68966 | R97: =(Q73*Q97)/(R73) -> 270 | S97: =(R73*R97)/(S73) -> 280 | T97: =(S73*S97)/(T73) -> 290.76923 | U97: =(T73*T97)/(U73) -> 302.4 | V97: =(U73*U97)/(V73) -> 315 | W97: =(V73*V97)/(W73) -> 328.69565 | X97: =(W73*W97)/(X73) -> 343.63636 | ... AJ97: =(AI73*AI97)/(AJ73) -> 756
A98: 21 cm | B98: =(C73*C98)/(B73) -> 79.2 | C98: =(D73*D98)/(C73) -> 99 | D98: =(E73*E98)/(D73) -> 132 | E98: =(F73*F98)/(E73) -> 158.4 | F98: =(G73*G98)/(F73) -> 198 | G98: =(H73*H98)/(G73) -> 203.07692 | H98: =(I73*I98)/(H73) -> 208.42105 | I98: =(J73*J98)/(I73) -> 214.05405 | ... O98: =(P73*P98)/(O73) -> 255.48387 | P98: 264 | Q98: =(P73*P98)/(Q73) -> 273.10345 | R98: =(Q73*Q98)/(R73) -> 282.85714 | S98: =(R73*R98)/(S73) -> 293.33333 | T98: =(S73*S98)/(T73) -> 304.61538 | U98: =(T73*T98)/(U73) -> 316.8 | V98: =(U73*U98)/(V73) -> 330 | W98: =(V73*V98)/(W73) -> 344.34783 | X98: =(W73*W98)/(X73) -> 360 | ... AJ98: =(AI73*AI98)/(AJ73) -> 792
A99: 20 cm | B99: =(C73*C99)/(B73) -> 83.1 | C99: =(D73*D99)/(C73) -> 103.875 | D99: =(E73*E99)/(D73) -> 138.5 | E99: =(F73*F99)/(E73) -> 166.2 | F99: =(G73*G99)/(F73) -> 207.75 | G99: =(H73*H99)/(G73) -> 213.07692 | H99: =(I73*I99)/(H73) -> 218.68421 | I99: =(J73*J99)/(I73) -> 224.59459 | ... O99: =(P73*P99)/(O73) -> 268.06452 | P99: 277 | Q99: =(P73*P99)/(Q73) -> 286.55172 | R99: =(Q73*Q99)/(R73) -> 296.78571 | S99: =(R73*R99)/(S73) -> 307.77778 | T99: =(S73*S99)/(T73) -> 319.61538 | U99: =(T73*T99)/(U73) -> 332.4 | V99: =(U73*U99)/(V73) -> 346.25 | W99: =(V73*V99)/(W73) -> 361.30435 | X99: =(W73*W99)/(X73) -> 377.72727 | ... AJ99: =(AI73*AI99)/(AJ73) -> 831
A100: 19 cm | B100: =(C73*C100)/(B73) -> 87.6 | C100: =(D73*D100)/(C73) -> 109.5 | D100: =(E73*E100)/(D73) -> 146 | E100: =(F73*F100)/(E73) -> 175.2 | F100: =(G73*G100)/(F73) -> 219 | G100: =(H73*H100)/(G73) -> 224.61538 | H100: =(I73*I100)/(H73) -> 230.52632 | I100: =(J73*J100)/(I73) -> 236.75676 | ... O100: =(P73*P100)/(O73) -> 282.58065 | P100: 292 | Q100: =(P73*P100)/(Q73) -> 302.06897 | R100: =(Q73*Q100)/(R73) -> 312.85714 | S100: =(R73*R100)/(S73) -> 324.44444 | T100: =(S73*S100)/(T73) -> 336.92308 | U100: =(T73*T100)/(U73) -> 350.4 | V100: =(U73*U100)/(V73) -> 365 | W100: =(V73*V100)/(W73) -> 380.86957 | X100: =(W73*W100)/(X73) -> 398.18182 | ... AJ100: =(AI73*AI100)/(AJ73) -> 876
...

Sheet 28 FAYN %5 LYC SÜPREM ENLERİ
A1: %5 LYCRALI SÜPREMLERİN; LYCRA , PUSS ve FAYNA GÖRE ORTALAMA MAMÜL AÇIK ENLERİ
A2: 36 PUSS
B3: Mk. | C3: 20 Dny | D3: 30 Dny | E3: 40 Dny | F3: 70 Dny | G3: 32 Fayn | L3: Mk. | M3: 20 Dny | N3: 30 Dny | O3: 40 Dny | P3: 70 Dny | Q3: 30 Fayn | V3: Mk. | W3: 20 Dny | X3: 30 Dny | Y3: 40 Dny | Z3: 70 Dny | AA3: 28 Fayn | AF3: Mk. | AG3: 20 Dny | AH3: 30 Dny | AI3: 40 Dny | AJ3: 70 Dny | AK3: 27 Fayn | AP3: Mk. | AQ3: 20 Dny | AR3: 30 Dny | AS3: 40 Dny | AT3: 70 Dny | AU3: 26 Fayn | AZ3: Mk. | BA3: 20 Dny | BB3: 30 Dny | BC3: 40 Dny | BD3: 70 Dny | BE3: 24 Fayn
A4: KUMAŞ CİNSİ | B4: İğne | C4: May | D4: May | E4: May | F4: May | G4: 20 | H4: 30 | I4: 40 | J4: 70 | L4: İğne | M4: May | N4: May | O4: May | P4: May | Q4: 20 | R4: 30 | S4: 40 | T4: 70 | V4: İğne | W4: May | X4: May | Y4: May | Z4: May | AA4: 20 | AB4: 30 | AC4: 40 | AD4: 70 | AF4: İğne | AG4: May | AH4: May | AI4: May | AJ4: May | AK4: 20 | AL4: 30 | AM4: 40 | AN4: 70 | AP4: İğne | AQ4: May | AR4: May | AS4: May | AT4: May | AU4: 20 | AV4: 30 | AW4: 40 | AX4: 70 | AZ4: İğne | BA4: May | BB4: May | BC4: May | BD4: May | BE4: 20 | BF4: 30 | BG4: 40 | BH4: 70
B5: Sayısı | C5: Genişliği | D5: Genişliği | E5: Genişliği | F5: Genişliği | G5: Dny | H5: Dny | I5: Dny | J5: Dny | L5: Sayısı | M5: Genişliği | N5: Genişliği | O5: Genişliği | P5: Genişliği | Q5: Dny | R5: Dny | S5: Dny | T5: Dny | V5: Sayısı | W5: Genişliği | X5: Genişliği | Y5: Genişliği | Z5: Genişliği | AA5: Dny | AB5: Dny | AC5: Dny | AD5: Dny | AF5: Sayısı | AG5: Genişliği | AH5: Genişliği | AI5: Genişliği | AJ5: Genişliği | AK5: Dny | AL5: Dny | AM5: Dny | AN5: Dny | AP5: Sayısı | AQ5: Genişliği | AR5: Genişliği | AS5: Genişliği | AT5: Genişliği | AU5: Dny | AV5: Dny | AW5: Dny | AX5: Dny | AZ5: Sayısı | BA5: Genişliği | BB5: Genişliği | BC5: Genişliği | BD5: Genişliği | BE5: Dny | BF5: Dny | BG5: Dny | BH5: Dny
A6: 80/1 %5 LYCRALI SÜPREM | B6: 3600 | C6: 0.0386 | D6: 0.0378 | E6: 0.0344 | F6: 0.032 | G6: =(B6*C6) -> 138.96 | H6: =(B6*D6) -> 136.08 | I6: =(B6*E6) -> 123.84 | J6: =(B6*F6) -> 115.2 | L6: 3384 | M6: 0.0363 | N6: 0.0353 | O6: 0.0323 | P6: 0.03 | Q6: =(L6*M6) -> 122.8392 | R6: =(L6*N6) -> 119.4552 | S6: =(L6*O6) -> 109.3032 | T6: =(L6*P6) -> 101.52 | V6: 3168 | W6: 0.0338 | X6: 0.0329 | Y6: 0.032 | Z6: 0.028 | AA6: =(V6*W6) -> 107.0784 | AB6: =(V6*X6) -> 104.2272 | AC6: =(V6*Y6) -> 101.376 | AD6: =(V6*Z6) -> 88.704 | AF6: 3052 | AG6: 0.0327 | AH6: 0.0318 | AI6: 0.0308 | AJ6: 0.027 | AK6: =(AF6*AG6) -> 99.8004 | AL6: =(AF6*AH6) -> 97.0536 | AM6: =(AF6*AI6) -> 94.0016 | AN6: =(AF6*AJ6) -> 82.404 | AP6: 2928 | AU6: =(AP6*AQ6) -> 0 | AV6: =(AP6*AR6) -> 0 | AW6: =(AP6*AS6) -> 0 | AX6: =(AP6*AT6) -> 0 | AZ6: 2712 | BE6: =(AZ6*BA6) -> 0 | BF6: =(AZ6*BB6) -> 0 | BG6: =(AZ6*BC6) -> 0 | BH6: =(AZ6*BD6) -> 0
A7: 60/1 %5 LYCRALI SÜPREM | B7: 3600 | C7: 0.0515 | D7: 0.0504 | E7: 0.0459 | F7: 0.0426 | G7: =(B7*C7) -> 185.4 | H7: =(B7*D7) -> 181.44 | I7: =(B7*E7) -> 165.24 | J7: =(B7*F7) -> 153.36 | L7: 3384 | M7: 0.0483 | N7: 0.0471 | O7: 0.043 | P7: 0.0399 | Q7: =(L7*M7) -> 163.4472 | R7: =(L7*N7) -> 159.3864 | S7: =(L7*O7) -> 145.512 | T7: =(L7*P7) -> 135.0216 | V7: 3168 | W7: 0.0451 | X7: 0.0439 | Y7: 0.0426 | Z7: 0.0373 | AA7: =(V7*W7) -> 142.8768 | AB7: =(V7*X7) -> 139.0752 | AC7: =(V7*Y7) -> 134.9568 | AD7: =(V7*Z7) -> 118.1664 | AF7: 3052 | AG7: 0.0436 | AH7: 0.0423 | AI7: 0.0411 | AJ7: 0.0359 | AK7: =(AF7*AG7) -> 133.0672 | AL7: =(AF7*AH7) -> 129.0996 | AM7: =(AF7*AI7) -> 125.4372 | AN7: =(AF7*AJ7) -> 109.5668 | AP7: 2928 | AU7: =(AP7*AQ7) -> 0 | AV7: =(AP7*AR7) -> 0 | AW7: =(AP7*AS7) -> 0 | AX7: =(AP7*AT7) -> 0 | AZ7: 2712 | BE7: =(AZ7*BA7) -> 0 | BF7: =(AZ7*BB7) -> 0 | BG7: =(AZ7*BC7) -> 0 | BH7: =(AZ7*BD7) -> 0
A8: 50/1 %5 LYCRALI SÜPREM | B8: 3600 | C8: 0.0618 | D8: 0.0605 | E8: 0.0551 | F8: 0.051 | G8: =(B8*C8) -> 222.48 | H8: =(B8*D8) -> 217.8 | I8: =(B8*E8) -> 198.36 | J8: =(B8*F8) -> 183.6 | L8: 3384 | M8: 0.058 | N8: 0.0565 | O8: 0.0516 | P8: 0.0479 | Q8: =(L8*M8) -> 196.272 | R8: =(L8*N8) -> 191.196 | S8: =(L8*O8) -> 174.6144 | T8: =(L8*P8) -> 162.0936 | V8: 3168 | W8: 0.0542 | X8: 0.0527 | Y8: 0.0511 | Z8: 0.0447 | AA8: =(V8*W8) -> 171.7056 | AB8: =(V8*X8) -> 166.9536 | AC8: =(V8*Y8) -> 161.8848 | AD8: =(V8*Z8) -> 141.6096 | AF8: 3052 | AG8: 0.0523 | AH8: 0.0508 | AI8: 0.0493 | AJ8: 0.0431 | AK8: =(AF8*AG8) -> 159.6196 | AL8: =(AF8*AH8) -> 155.0416 | AM8: =(AF8*AI8) -> 150.4636 | AN8: =(AF8*AJ8) -> 131.5412 | AP8: 2928 | AU8: =(AP8*AQ8) -> 0 | AV8: =(AP8*AR8) -> 0 | AW8: =(AP8*AS8) -> 0 | AX8: =(AP8*AT8) -> 0 | AZ8: 2712 | BE8: =(AZ8*BA8) -> 0 | BF8: =(AZ8*BB8) -> 0 | BG8: =(AZ8*BC8) -> 0 | BH8: =(AZ8*BD8) -> 0
A9: 40/1 %5 LYCRALI SÜPREM | B9: 3600 | G9: =(B9*C9) -> 0 | H9: =(B9*D9) -> 0 | I9: =(B9*E9) -> 0 | J9: =(B9*F9) -> 0 | L9: 3384 | M9: 0.0725 | N9: 0.0706 | O9: 0.0645 | P9: 0.0599 | Q9: =(L9*M9) -> 245.34 | R9: =(L9*N9) -> 238.9104 | S9: =(L9*O9) -> 218.268 | T9: =(L9*P9) -> 202.7016 | V9: 3168 | W9: 0.0677 | X9: 0.0659 | Y9: 0.0639 | Z9: 0.0559 | AA9: =(V9*W9) -> 214.4736 | AB9: =(V9*X9) -> 208.7712 | AC9: =(V9*Y9) -> 202.4352 | AD9: =(V9*Z9) -> 177.0912 | AF9: 3052 | AG9: 0.0653 | AH9: 0.0635 | AI9: 0.0616 | AJ9: 0.0539 | AK9: =(AF9*AG9) -> 199.2956 | AL9: =(AF9*AH9) -> 193.802 | AM9: =(AF9*AI9) -> 188.0032 | AN9: =(AF9*AJ9) -> 164.5028 | AP9: 2928 | AQ9: 0.0629 | AR9: 0.0611 | AS9: 0.0593 | AT9: 0.0519 | AU9: =(AP9*AQ9) -> 184.1712 | AV9: =(AP9*AR9) -> 178.9008 | AW9: =(AP9*AS9) -> 173.6304 | AX9: =(AP9*AT9) -> 151.9632 | AZ9: 2712 | BA9: 0.058 | BB9: 0.0564 | BC9: 0.0548 | BD9: 0.0479 | BE9: =(AZ9*BA9) -> 157.296 | BF9: =(AZ9*BB9) -> 152.9568 | BG9: =(AZ9*BC9) -> 148.6176 | BH9: =(AZ9*BD9) -> 129.9048
A10: 36/1 %5 LYCRALI SÜPREM | B10: 3600 | G10: =(B10*C10) -> 0 | H10: =(B10*D10) -> 0 | I10: =(B10*E10) -> 0 | J10: =(B10*F10) -> 0 | L10: 3384 | Q10: =(L10*M10) -> 0 | R10: =(L10*N10) -> 0 | S10: =(L10*O10) -> 0 | T10: =(L10*P10) -> 0 | V10: 3168 | W10: 0.0685 | X10: 0.0667 | Y10: 0.0647 | Z10: 0.0567 | AA10: =(V10*W10) -> 217.008 | AB10: =(V10*X10) -> 211.3056 | AC10: =(V10*Y10) -> 204.9696 | AD10: =(V10*Z10) -> 179.6256 | AF10: 3052 | AG10: 0.0661 | AH10: 0.0643 | AI10: 0.0624 | AJ10: 0.0547 | AK10: =(AF10*AG10) -> 201.7372 | AL10: =(AF10*AH10) -> 196.2436 | AM10: =(AF10*AI10) -> 190.4448 | AN10: =(AF10*AJ10) -> 166.9444 | AP10: 2928 | AQ10: 0.0637 | AR10: 0.0619 | AS10: 0.0601 | AT10: 0.0527 | AU10: =(AP10*AQ10) -> 186.5136 | AV10: =(AP10*AR10) -> 181.2432 | AW10: =(AP10*AS10) -> 175.9728 | AX10: =(AP10*AT10) -> 154.3056 | AZ10: 2712 | BA10: 0.0588 | BB10: 0.0572 | BC10: 0.0555 | BD10: 0.0486 | BE10: =(AZ10*BA10) -> 159.4656 | BF10: =(AZ10*BB10) -> 155.1264 | BG10: =(AZ10*BC10) -> 150.516 | BH10: =(AZ10*BD10) -> 131.8032
A11: 34/1 %5 LYCRALI SÜPREM | B11: 3600 | G11: =(B11*C11) -> 0 | H11: =(B11*D11) -> 0 | I11: =(B11*E11) -> 0 | J11: =(B11*F11) -> 0 | L11: 3384 | Q11: =(L11*M11) -> 0 | R11: =(L11*N11) -> 0 | S11: =(L11*O11) -> 0 | T11: =(L11*P11) -> 0 | V11: 3168 | W11: 0.0694 | X11: 0.0675 | Y11: 0.0655 | Z11: 0.0576 | AA11: =(V11*W11) -> 219.8592 | AB11: =(V11*X11) -> 213.84 | AC11: =(V11*Y11) -> 207.504 | AD11: =(V11*Z11) -> 182.4768 | AF11: 3052 | AG11: 0.0669 | AH11: 0.0651 | AI11: 0.0632 | AJ11: 0.0555 | AK11: =(AF11*AG11) -> 204.1788 | AL11: =(AF11*AH11) -> 198.6852 | AM11: =(AF11*AI11) -> 192.8864 | AN11: =(AF11*AJ11) -> 169.386 | AP11: 2928 | AQ11: 0.0644 | AR11: 0.0627 | AS11: 0.0609 | AT11: 0.0534 | AU11: =(AP11*AQ11) -> 188.5632 | AV11: =(AP11*AR11) -> 183.5856 | AW11: =(AP11*AS11) -> 178.3152 | AX11: =(AP11*AT11) -> 156.3552 | AZ11: 2712 | BA11: 0.0595 | BB11: 0.0579 | BC11: 0.0562 | BD11: 0.0493 | BE11: =(AZ11*BA11) -> 161.364 | BF11: =(AZ11*BB11) -> 157.0248 | BG11: =(AZ11*BC11) -> 152.4144 | BH11: =(AZ11*BD11) -> 133.7016
A12: 32/1 %5 LYCRALI SÜPREM | B12: 3600 | G12: =(B12*C12) -> 0 | H12: =(B12*D12) -> 0 | I12: =(B12*E12) -> 0 | J12: =(B12*F12) -> 0 | L12: 3384 | Q12: =(L12*M12) -> 0 | R12: =(L12*N12) -> 0 | S12: =(L12*O12) -> 0 | T12: =(L12*P12) -> 0 | V12: 3168 | W12: 0.0702 | X12: 0.0683 | Y12: 0.0664 | Z12: 0.0584 | AA12: =(V12*W12) -> 222.3936 | AB12: =(V12*X12) -> 216.3744 | AC12: =(V12*Y12) -> 210.3552 | AD12: =(V12*Z12) -> 185.0112 | AF12: 3052 | AG12: 0.0677 | AH12: 0.0659 | AI12: 0.064 | AJ12: 0.0563 | AK12: =(AF12*AG12) -> 206.6204 | AL12: =(AF12*AH12) -> 201.1268 | AM12: =(AF12*AI12) -> 195.328 | AN12: =(AF12*AJ12) -> 171.8276 | AP12: 2928 | AQ12: 0.0652 | AR12: 0.0635 | AS12: 0.0616 | AT12: 0.0542 | AU12: =(AP12*AQ12) -> 190.9056 | AV12: =(AP12*AR12) -> 185.928 | AW12: =(AP12*AS12) -> 180.3648 | AX12: =(AP12*AT12) -> 158.6976 | AZ12: 2712 | BA12: 0.0602 | BB12: 0.0586 | BC12: 0.0569 | BD12: 0.05 | BE12: =(AZ12*BA12) -> 163.2624 | BF12: =(AZ12*BB12) -> 158.9232 | BG12: =(AZ12*BC12) -> 154.3128 | BH12: =(AZ12*BD12) -> 135.6
A13: 30/1 %5 LYCRALI SÜPREM | B13: 3600 | G13: =(B13*C13) -> 0 | H13: =(B13*D13) -> 0 | I13: =(B13*E13) -> 0 | J13: =(B13*F13) -> 0 | L13: 3384 | Q13: =(L13*M13) -> 0 | R13: =(L13*N13) -> 0 | S13: =(L13*O13) -> 0 | T13: =(L13*P13) -> 0 | V13: 3168 | W13: 0.072 | X13: 0.0702 | Y13: 0.0695 | Z13: 0.0665 | AA13: =(V13*W13) -> 228.096 | AB13: =(V13*X13) -> 222.3936 | AC13: =(V13*Y13) -> 220.176 | AD13: =(V13*Z13) -> 210.672 | AF13: 3052 | AG13: 0.0694 | AH13: 0.0677 | AI13: 0.067 | AJ13: 0.0641 | AK13: =(AF13*AG13) -> 211.8088 | AL13: =(AF13*AH13) -> 206.6204 | AM13: =(AF13*AI13) -> 204.484 | AN13: =(AF13*AJ13) -> 195.6332 | AP13: 2928 | AQ13: 0.0668 | AR13: 0.0652 | AS13: 0.0645 | AT13: 0.0617 | AU13: =(AP13*AQ13) -> 195.5904 | AV13: =(AP13*AR13) -> 190.9056 | AW13: =(AP13*AS13) -> 188.856 | AX13: =(AP13*AT13) -> 180.6576 | AZ13: 2712 | BA13: 0.0617 | BB13: 0.0602 | BC13: 0.0596 | BD13: 0.057 | BE13: =(AZ13*BA13) -> 167.3304 | BF13: =(AZ13*BB13) -> 163.2624 | BG13: =(AZ13*BC13) -> 161.6352 | BH13: =(AZ13*BD13) -> 154.584
A14: 28/1 %5 LYCRALI SÜPREM | B14: 3600 | G14: =(B14*C14) -> 0 | H14: =(B14*D14) -> 0 | I14: =(B14*E14) -> 0 | J14: =(B14*F14) -> 0 | L14: 3384 | Q14: =(L14*M14) -> 0 | R14: =(L14*N14) -> 0 | S14: =(L14*O14) -> 0 | T14: =(L14*P14) -> 0 | V14: 3168 | W14: 0.0772 | X14: 0.0752 | Y14: 0.0745 | Z14: 0.0712 | AA14: =(V14*W14) -> 244.5696 | AB14: =(V14*X14) -> 238.2336 | AC14: =(V14*Y14) -> 236.016 | AD14: =(V14*Z14) -> 225.5616 | AF14: 3052 | AG14: 0.0744 | AH14: 0.0725 | AI14: 0.0718 | AJ14: 0.0687 | AK14: =(AF14*AG14) -> 227.0688 | AL14: =(AF14*AH14) -> 221.27 | AM14: =(AF14*AI14) -> 219.1336 | AN14: =(AF14*AJ14) -> 209.6724 | AP14: 2928 | AQ14: 0.0716 | AR14: 0.0698 | AS14: 0.0691 | AT14: 0.0662 | AU14: =(AP14*AQ14) -> 209.6448 | AV14: =(AP14*AR14) -> 204.3744 | AW14: =(AP14*AS14) -> 202.3248 | AX14: =(AP14*AT14) -> 193.8336 | AZ14: 2712 | BA14: 0.0661 | BB14: 0.0644 | BC14: 0.0638 | BD14: 0.0611 | BE14: =(AZ14*BA14) -> 179.2632 | BF14: =(AZ14*BB14) -> 174.6528 | BG14: =(AZ14*BC14) -> 173.0256 | BH14: =(AZ14*BD14) -> 165.7032
A15: 26/1 %5 LYCRALI SÜPREM | B15: 3600 | G15: =(B15*C15) -> 0 | H15: =(B15*D15) -> 0 | I15: =(B15*E15) -> 0 | J15: =(B15*F15) -> 0 | L15: 3384 | Q15: =(L15*M15) -> 0 | R15: =(L15*N15) -> 0 | S15: =(L15*O15) -> 0 | T15: =(L15*P15) -> 0 | V15: 3168 | W15: 0.0831 | X15: 0.081 | Y15: 0.0802 | Z15: 0.0767 | AA15: =(V15*W15) -> 263.2608 | AB15: =(V15*X15) -> 256.608 | AC15: =(V15*Y15) -> 254.0736 | AD15: =(V15*Z15) -> 242.9856 | AF15: 3052 | AG15: 0.0801 | AH15: 0.0781 | AI15: 0.0773 | AJ15: 0.074 | AK15: =(AF15*AG15) -> 244.4652 | AL15: =(AF15*AH15) -> 238.3612 | AM15: =(AF15*AI15) -> 235.9196 | AN15: =(AF15*AJ15) -> 225.848 | AP15: 2928 | AQ15: 0.0771 | AR15: 0.0752 | AS15: 0.0744 | AT15: 0.0713 | AU15: =(AP15*AQ15) -> 225.7488 | AV15: =(AP15*AR15) -> 220.1856 | AW15: =(AP15*AS15) -> 217.8432 | AX15: =(AP15*AT15) -> 208.7664 | AZ15: 2712 | BA15: 0.0712 | BB15: 0.0694 | BC15: 0.0687 | BD15: 0.0658 | BE15: =(AZ15*BA15) -> 193.0944 | BF15: =(AZ15*BB15) -> 188.2128 | BG15: =(AZ15*BC15) -> 186.3144 | BH15: =(AZ15*BD15) -> 178.4496
A16: 24/1 %5 LYCRALI SÜPREM | B16: 3600 | G16: =(B16*C16) -> 0 | H16: =(B16*D16) -> 0 | I16: =(B16*E16) -> 0 | J16: =(B16*F16) -> 0 | L16: 3384 | Q16: =(L16*M16) -> 0 | R16: =(L16*N16) -> 0 | S16: =(L16*O16) -> 0 | T16: =(L16*P16) -> 0 | V16: 3168 | W16: 0.09 | X16: 0.0877 | Y16: 0.0869 | Z16: 0.0831 | AA16: =(V16*W16) -> 285.12 | AB16: =(V16*X16) -> 277.8336 | AC16: =(V16*Y16) -> 275.2992 | AD16: =(V16*Z16) -> 263.2608 | AF16: 3052 | AG16: 0.0868 | AH16: 0.0846 | AI16: 0.0838 | AJ16: 0.0801 | AK16: =(AF16*AG16) -> 264.9136 | AL16: =(AF16*AH16) -> 258.1992 | AM16: =(AF16*AI16) -> 255.7576 | AN16: =(AF16*AJ16) -> 244.4652 | AP16: 2928 | AQ16: 0.0836 | AR16: 0.0815 | AS16: 0.0807 | AT16: 0.0771 | AU16: =(AP16*AQ16) -> 244.7808 | AV16: =(AP16*AR16) -> 238.632 | AW16: =(AP16*AS16) -> 236.2896 | AX16: =(AP16*AT16) -> 225.7488 | AZ16: 2712 | BA16: 0.0772 | BB16: 0.0752 | BC16: 0.0745 | BD16: 0.0712 | BE16: =(AZ16*BA16) -> 209.3664 | BF16: =(AZ16*BB16) -> 203.9424 | BG16: =(AZ16*BC16) -> 202.044 | BH16: =(AZ16*BD16) -> 193.0944
A17: 34 PUSS
B18: Mk. | C18: 20 Dny | D18: 30 Dny | E18: 40 Dny | F18: 70 Dny | G18: 32 Fayn | L18: Mk. | M18: 20 Dny | N18: 30 Dny | O18: 40 Dny | P18: 70 Dny | Q18: 30 Fayn | V18: Mk. | W18: 20 Dny | X18: 30 Dny | Y18: 40 Dny | Z18: 70 Dny | AA18: 28 Fayn | AF18: Mk. | AG18: 20 Dny | AH18: 30 Dny | AI18: 40 Dny | AJ18: 70 Dny | AK18: 27 Fayn | AP18: Mk. | AQ18: 20 Dny | AR18: 30 Dny | AS18: 40 Dny | AT18: 70 Dny | AU18: 26 Fayn | AZ18: Mk. | BA18: 20 Dny | BB18: 30 Dny | BC18: 40 Dny | BD18: 70 Dny | BE18: 24 Fayn
A19: KUMAŞ CİNSİ | B19: İğne | C19: May | D19: May | E19: May | F19: May | G19: 20 | H19: 30 | I19: 40 | J19: 70 | L19: İğne | M19: May | N19: May | O19: May | P19: May | Q19: 20 | R19: 30 | S19: 40 | T19: 70 | V19: İğne | W19: May | X19: May | Y19: May | Z19: May | AA19: 20 | AB19: 30 | AC19: 40 | AD19: 70 | AF19: İğne | AG19: May | AH19: May | AI19: May | AJ19: May | AK19: 20 | AL19: 30 | AM19: 40 | AN19: 70 | AP19: İğne | AQ19: May | AR19: May | AS19: May | AT19: May | AU19: 20 | AV19: 30 | AW19: 40 | AX19: 70 | AZ19: İğne | BA19: May | BB19: May | BC19: May | BD19: May | BE19: 20 | BF19: 30 | BG19: 40 | BH19: 70
B20: Sayısı | C20: Genişliği | D20: Genişliği | E20: Genişliği | F20: Genişliği | G20: Dny | H20: Dny | I20: Dny | J20: Dny | L20: Sayısı | M20: Genişliği | N20: Genişliği | O20: Genişliği | P20: Genişliği | Q20: Dny | R20: Dny | S20: Dny | T20: Dny | V20: Sayısı | W20: Genişliği | X20: Genişliği | Y20: Genişliği | Z20: Genişliği | AA20: Dny | AB20: Dny | AC20: Dny | AD20: Dny | AF20: Sayısı | AG20: Genişliği | AH20: Genişliği | AI20: Genişliği | AJ20: Genişliği | AK20: Dny | AL20: Dny | AM20: Dny | AN20: Dny | AP20: Sayısı | AQ20: Genişliği | AR20: Genişliği | AS20: Genişliği | AT20: Genişliği | AU20: Dny | AV20: Dny | AW20: Dny | AX20: Dny | AZ20: Sayısı | BA20: Genişliği | BB20: Genişliği | BC20: Genişliği | BD20: Genişliği | BE20: Dny | BF20: Dny | BG20: Dny | BH20: Dny
A21: 80/1 %5 LYCRALI SÜPREM | B21: 3408 | C21: 0.0386 | D21: 0.0378 | E21: 0.0344 | F21: 0.032 | G21: =(B21*C21) -> 131.5488 | H21: =(B21*D21) -> 128.8224 | I21: =(B21*E21) -> 117.2352 | J21: =(B21*F21) -> 109.056 | L21: 3192 | M21: 0.0363 | N21: 0.0353 | O21: 0.0323 | P21: 0.03 | Q21: =(L21*M21) -> 115.8696 | R21: =(L21*N21) -> 112.6776 | S21: =(L21*O21) -> 103.1016 | T21: =(L21*P21) -> 95.76 | V21: 2976 | W21: 0.0338 | X21: 0.0329 | Y21: 0.032 | Z21: 0.028 | AA21: =(V21*W21) -> 100.5888 | AB21: =(V21*X21) -> 97.9104 | AC21: =(V21*Y21) -> 95.232 | AD21: =(V21*Z21) -> 83.328 | AF21: 2880 | AG21: 0.0327 | AH21: 0.0318 | AI21: 0.0308 | AJ21: 0.027 | AK21: =(AF21*AG21) -> 94.176 | AL21: =(AF21*AH21) -> 91.584 | AM21: =(AF21*AI21) -> 88.704 | AN21: =(AF21*AJ21) -> 77.76 | AP21: 2760 | AU21: =(AP21*AQ21) -> 0 | AV21: =(AP21*AR21) -> 0 | AW21: =(AP21*AS21) -> 0 | AX21: =(AP21*AT21) -> 0 | AZ21: 2544 | BE21: =(AZ21*BA21) -> 0 | BF21: =(AZ21*BB21) -> 0 | BG21: =(AZ21*BC21) -> 0 | BH21: =(AZ21*BD21) -> 0
